ticker,exchange,fiscal_month
80M,AIM,12
AAU,AIM,12
AAZ,AIM,12
ABDP,AIM,8
ABDX,AIM,6
ACSO,AIM,12
ADVT,AIM,2
AET,AIM,12
AGY,AIM,6
ALL,AIM,6
ALU,AIM,6
AMCO,AIM,12
AMS,AIM,12
ANCR,AIM,12
ANG,AIM,1
ANIC,AIM,6
ANP,AIM,12
AOM,AIM,3
AOTI,AIM,12
APTA,AIM,6
ARBB,AIM,12
AREC,AIM,12
ARS,AIM,12
ART,AIM,12
ASY,AIM,12
ATC,AIM,12
ATM,AIM,2
ATOM,AIM,12
AURR,AIM,12
AVCT,AIM,12
AVG,AIM,5
AXS,AIM,3
BANK,AIM,12
BBSN,AIM,12
BGO,AIM,12
BIG,AIM,12
BILN,AIM,12
BKS,AIM,6
BOKU,AIM,12
BOOM,AIM,12
BOR,AIM,12
BPM,AIM,1
BRCK,AIM,3
BTG,AIM,4
BVXP,AIM,6
CAM,AIM,12
CAML,AIM,12
CASP,AIM,12
CAV,AIM,3
CBOX,AIM,3
CCP,AIM,6
CCT,AIM,8
CDGP,AIM,12
CER,AIM,9
CFX,AIM,4
CHAR,AIM,12
CHH,AIM,12
CHRT,AIM,4
CKT,AIM,1
CLBS,AIM,3
CLX,AIM,3
CML,AIM,3
CNC,AIM,12
CNS,AIM,12
COIL,AIM,12
COPC,AIM,9
CORA,AIM,12
CPH2,AIM,12
CRCL,AIM,6
CREO,AIM,6
CRPR,AIM,3
CRS,AIM,6
CRW,AIM,6
CTA,AIM,12
CTG,AIM,12
CYAN,AIM,3
DCI,AIM,12
DEBS,AIM,2
DEVO,AIM,12
DFCH,AIM,12
DOTD,AIM,6
DPP,AIM,12
DUKE,AIM,3
DXRX,AIM,12
EAAS,AIM,12
EAH,AIM,3
EDEN,AIM,12
EDX,AIM,12
EEE,AIM,12
EKF,AIM,12
ELCO,AIM,12
EMAN,AIM,1
EMH,AIM,12
EML,AIM,12
ENSI,AIM,5
ENW,AIM,12
ESO,AIM,1
EUA,AIM,12
EVPL,AIM,12
EYE,AIM,6
FARN,AIM,12
FDEV,AIM,5
FEN,AIM,12
FEVR,AIM,12
FIH,AIM,3
FLO,AIM,12
FNTL,AIM,12
FNX,AIM,6
FPO,AIM,3
FRAN,AIM,12
FRP,AIM,4
FTC,AIM,5
G4M,AIM,3
GANA,AIM,6
GATC,AIM,7
GDP,AIM,6
GELN,AIM,6
GETB,AIM,12
GFM,AIM,12
GHH,AIM,9
GMET,AIM,6
GMR,AIM,12
GTLY,AIM,4
HCM,AIM,12
HDD,AIM,9
HE1,AIM,6
HERC,AIM,9
HEX,AIM,9
HPOW,AIM,10
HSP,AIM,5
HUW,AIM,12
HVO,AIM,12
IDOX,AIM,10
IES,AIM,12
IGP,AIM,3
IGR,AIM,3
IHC,AIM,1
IKA,AIM,4
IMM,AIM,12
IOF,AIM,12
IOM,AIM,3
IPX,AIM,9
IQE,AIM,12
ITM,AIM,4
JDG,AIM,12
JET2,AIM,3
JHD,AIM,6
JLP,AIM,6
JNEO,AIM,12
JOG,AIM,12
JSE,AIM,12
KDNC,AIM,12
KEFI,AIM,12
KETL,AIM,12
KEYS,AIM,1
KGH,AIM,4
KIST,AIM,12
KMK,AIM,4
KOD,AIM,3
KOO,AIM,12
KP2,AIM,12
LBG,AIM,9
LDG,AIM,12
LIKE,AIM,12
LINV,AIM,3
LIV,AIM,12
LORD,AIM,12
LSC,AIM,12
LST,AIM,11
LTHM,AIM,3
MAFL,AIM,6
MBH,AIM,12
MCON,AIM,12
MERC,AIM,3
MEX,AIM,12
MFX,AIM,12
MHA,AIM,3
MIDW,AIM,12
MPAC,AIM,12
MPE,AIM,12
MRK,AIM,3
MSI,AIM,4
MTEC,AIM,5
MTL,AIM,12
MUL,AIM,3
MWE,AIM,12
NET,AIM,6
NFG,AIM,1
NICL,AIM,12
NIOX,AIM,12
NWF,AIM,5
NXQ,AIM,12
OBI,AIM,12
OHGR,AIM,3
OMG,AIM,9
OPT,AIM,3
PANR,AIM,6
PAT,AIM,3
PCIP,AIM,6
PEB,AIM,12
PEBB,AIM,12
PEEL,AIM,3
PGH,AIM,12
PMI,AIM,9
PNS,AIM,12
POLB,AIM,12
POLR,AIM,3
PPHC,AIM,12
PULS,AIM,11
PWR,AIM,12
QED,AIM,6
QTX,AIM,12
RCN,AIM,3
REVB,AIM,2
RFG,AIM,12
RFX,AIM,9
RGG,AIM,12
RKH,AIM,12
RLE,AIM,12
RMR,AIM,12
RNWH,AIM,9
ROAD,AIM,9
RST,AIM,12
RVRG,AIM,9
RWS,AIM,9
SAA,AIM,12
SAAS,AIM,12
SAG,AIM,12
SALT,AIM,12
SAR,AIM,6
SAV,AIM,12
SAVE,AIM,12
SCLP,AIM,4
SDG,AIM,1
SDI,AIM,4
SEA,AIM,12
SEE,AIM,6
SFT,AIM,3
SKL,AIM,12
SLP,AIM,12
SML,AIM,12
SNX,AIM,11
SOLI,AIM,3
SOM,AIM,12
SPEC,AIM,12
SPR,AIM,5
SPSY,AIM,12
SQZ,AIM,12
SRB,AIM,12
SRC,AIM,12
SRT,AIM,6
STAF,AIM,12
STAR,AIM,12
STCM,AIM,12
STX,AIM,12
SUP,AIM,3
SYS1,AIM,3
TAM,AIM,3
TAND,AIM,12
TAPH,AIM,12
TBLD,AIM,12
TENG,AIM,8
TFW,AIM,6
TIG,AIM,12
TIME,AIM,5
TIN,AIM,12
TMO,AIM,6
TMT,AIM,12
TPFG,AIM,12
TPX,AIM,3
TRB,AIM,12
TRCS,AIM,7
TRU,AIM,12
TSTL,AIM,6
TUN,AIM,3
TUNE,AIM,8
ULTP,AIM,7
VANL,AIM,4
VCP,AIM,3
VIC,AIM,9
VLE,AIM,12
VLG,AIM,12
VLX,AIM,3
VTU,AIM,2
VUL,AIM,12
W7L,AIM,12
WATR,AIM,12
WINE,AIM,3
WJG,AIM,9
WRKS,AIM,5
WVIA,AIM,12
WYN,AIM,10
XPF,AIM,3
YCA,AIM,3
YOU,AIM,7
YU.,AIM,12
ZIOC,AIM,12
ZNWD,AIM,12
ZPHR,AIM,12
AALB,AS,12
ABN,AS,12
ACOMO,AS,12
AD,AS,12
ADYEN,AS,12
AGIL,AS,12
AGN,AS,12
AJAX,AS,6
AKZA,AS,12
ALFEN,AS,12
ALLFG,AS,12
ALX,AS,12
AMG,AS,12
AMUND,AS,12
APAM,AS,12
ARCAD,AS,12
ASM,AS,12
ASML,AS,12
ASRNL,AS,12
AVTX,AS,12
AZRN,AS,12
BACE,AS,12
BAMNB,AS,12
BESI,AS,12
BEVER,AS,12
BFIT,AS,12
BNJ,AS,12
BRNL,AS,12
CABKA,AS,12
CABLE,AS,12
CCEP,AS,12
CMCOM,AS,12
CRBN,AS,12
CSG,AS,12
CTAC,AS,12
CTPNV,AS,12
CVC,AS,12
DSFIR,AS,12
EAS2P,AS,12
EBUS,AS,12
ECT,AS,12
ENVI,AS,12
ERC,AS,12
EXO,AS,12
FAST,AS,12
FERGR,AS,12
FFARM,AS,12
FLOW,AS,12
FUR,AS,12
HAL,AS,12
HAVAS,AS,12
HEIA,AS,12
HEIJM,AS,12
HEIO,AS,12
HOLCO,AS,3
HWK,AS,12
HYDRA,AS,12
IMCD,AS,12
INGA,AS,12
INPST,AS,12
KENDR,AS,12
KPN,AS,12
LIGHT,AS,12
LKFT,AS,12
LVIDE,AS,12
MICC,AS,12
MORE,AS,12
MT,AS,12
MTRK,AS,12
NAI,AS,12
NEDAP,AS,12
NEDSE,AS,12
NN,AS,12
NSE,AS,12
NXFIL,AS,12
OCI,AS,12
PBH,AS,12
PHARM,AS,12
PHIA,AS,12
PNL,AS,12
PORF,AS,12
PRX,AS,3
QEV,AS,12
RAND,AS,12
SBMO,AS,12
SIFG,AS,12
SLIGR,AS,12
SWICH,AS,12
TFG,AS,12
THEON,AS,12
TOM2,AS,12
TRIO,AS,12
TWEKA,AS,12
UMG,AS,12
VALUE,AS,12
VLK,AS,12
VPK,AS,12
VTA,AS,7
VVY,AS,12
WKL,AS,12
ACAG,AT,12
ADMIE,AT,12
AEGN,AT,12
AEM,AT,12
AIA,AT,12
AKTR,AT,12
ALMY,AT,12
ALPHA,AT,12
ALWN,AT,12
ANDRO,AT,12
ASCO,AT,12
ASTAK,AT,12
ATEK,AT,12
ATRUST,AT,12
ATTICA,AT,12
AVAX,AT,12
AVE,AT,12
BELA,AT,12
BIOKA,AT,12
BIOSK,AT,12
BLEKEDROS,AT,12
BYLOT,AT,12
CAIROMEZ,AT,12
CENTR,AT,12
CREDIA,AT,12
DAIOS,AT,12
DIMAND,AT,12
DOTSOFT,AT,12
EIS,AT,12
EKTER,AT,12
ELHA,AT,12
ELIN,AT,12
ELLAKTOR,AT,12
ELPE,AT,12
ELSTR,AT,12
ELTON,AT,12
ETE,AT,12
EUROB,AT,12
EVR,AT,12
EVROF,AT,12
EX,AT,12
EXAE,AT,12
EYAPS,AT,12
EYDAP,AT,12
FAIS,AT,12
FLEXO,AT,12
FOODL,AT,12
FOYRK,AT,12
FRIGO,AT,12
GCMEZZ,AT,12
GEBKA,AT,12
GEKTERNA,AT,12
HTO,AT,12
IKTIN,AT,12
ILYDA,AT,12
INLIF,AT,12
INTEK,AT,12
INTRK,AT,12
KARE,AT,12
KRI,AT,12
KYLO,AT,12
LAMDA,AT,12
LAMPS,AT,12
MERKO,AT,12
MEVA,AT,12
MIG,AT,12
MODA,AT,12
MOH,AT,12
MOTO,AT,12
MTLN,AT,12
NAKAS,AT,6
OLTH,AT,12
OLYMP,AT,12
ONYX,AT,12
OPTIMA,AT,12
ORILINA,AT,12
OTOEL,AT,12
PAP,AT,12
PERF,AT,12
PETRO,AT,12
PLAKR,AT,12
PLAT,AT,12
PPA,AT,12
PPC,AT,12
PREMIA,AT,12
PRODEA,AT,12
PVMEZZ,AT,12
QLCO,AT,12
QUEST,AT,12
REALCONS,AT,12
REVOIL,AT,12
SAR,AT,12
SIDMA,AT,12
SPACE,AT,12
SUNMEZZ,AT,12
TELL,AT,12
TITC,AT,12
TPEIR,AT,12
TRASTOR,AT,12
YKNOT,AT,12
ABI,BR,12
ABO,BR,12
ACCB,BR,12
ACKB,BR,12
AGFB,BR,12
AGS,BR,12
ALEMS,BR,12
ARGX,BR,12
ATEB,BR,12
AZE,BR,12
BANI,BR,12
BANQ,BR,12
BAR,BR,12
BEKB,BR,12
BELYS,BR,12
BNB,BR,12
BPOST,BR,12
BREB,BR,12
BTLS,BR,12
CAMB,BR,12
CAND,BR,12
CENER,BR,12
CFEB,BR,12
CMBT,BR,12
COBH,BR,12
COLR,BR,3
COMB,BR,12
CYAD,BR,12
DECB,BR,12
DEME,BR,12
DEXB,BR,12
DIE,BR,12
ECONB,BR,12
EKOP,BR,12
ELI,BR,12
EMD,BR,12
ENRGY,BR,12
EVS,BR,12
EXM,BR,12
FAGR,BR,12
FLOB,BR,12
FLSP,BR,12
FLUX,BR,12
GBLB,BR,12
GIMB,BR,12
HYL,BR,12
HYSG,BR,12
IBAB,BR,12
IEP,BR,12
IMMO,BR,12
IMMOU,BR,3
INCLU,BR,12
JEN,BR,12
KBC,BR,12
KBCA,BR,6
KIN,BR,12
LOTB,BR,12
MCC,BR,3
MELE,BR,12
MIKO,BR,12
MLTV,BR,12
MONNI,BR,12
MOP,BR,6
MOPF,BR,6
MOUR,BR,12
NEWT,BR,12
NEXTA,BR,12
NYR,BR,12
NYXH,BR,12
OBEL,BR,12
ONTEX,BR,12
ONWD,BR,12
OPTI,BR,12
PAY,BR,12
PROX,BR,12
QFG,BR,12
REAL,BR,12
RECT,BR,12
ROCK,BR,12
ROU,BR,12
SEQUA,BR,12
SIP,BR,12
SOF,BR,12
SOFT,BR,12
SOLB,BR,12
SOLV,BR,12
SPA,BR,12
SYENS,BR,12
TESB,BR,12
TEXF,BR,12
TINC,BR,12
TUB,BR,12
UCB,BR,12
UMI,BR,12
VAN,BR,12
VGP,BR,12
VIO,BR,12
WEB,BR,12
WHATS,BR,12
ZEN,BR,12
ACACIGDKK,CPSE,12
AGF B,CPSE,12
ALK B,CPSE,12
ALMB,CPSE,12
ALSYDB,CPSE,12
AMBU B,CPSE,12
AOJ B,CPSE,12
ARAOPT,CPSE,12
ASTK,CPSE,12
BAVA,CPSE,12
BIAEJD,CPSE,12
BIF,CPSE,6
BIOPOR,CPSE,12
BO,CPSE,5
CARL B,CPSE,12
CBRAIN,CPSE,12
CHEMM,CPSE,6
COLO B,CPSE,12
COLUM,CPSE,12
CPHCAP ST,CPSE,12
DAB,CPSE,12
DANSKE,CPSE,12
DEMANT,CPSE,12
DFDS,CPSE,12
DJUR,CPSE,12
DNORD,CPSE,12
DSV,CPSE,12
EGNETY,CPSE,12
EMBLA,CPSE,12
FED,CPSE,12
FFARMS,CPSE,12
FLS,CPSE,12
FLUG B,CPSE,12
FOBANK,CPSE,12
FPILIM,CPSE,12
FYNBK,CPSE,12
GABR,CPSE,9
GMAB,CPSE,12
GN,CPSE,12
GREENM,CPSE,12
GRLA,CPSE,12
GUBRA,CPSE,12
GYLD B,CPSE,12
HARB B,CPSE,12
HH,CPSE,12
HLUN B,CPSE,12
HUSCO,CPSE,12
ISS,CPSE,12
JDAN,CPSE,12
JYSK,CPSE,12
KBHL,CPSE,12
KRE,CPSE,12
LASP,CPSE,12
LOLB,CPSE,12
LUXOR B,CPSE,12
MAERSK B,CPSE,12
MATAS,CPSE,3
MNBA,CPSE,12
MTHH,CPSE,12
NDIDAFKL1,CPSE,12
NETC,CPSE,12
NKT,CPSE,12
NNIT,CPSE,12
NORTHM,CPSE,12
NOVO B,CPSE,12
NSIS B,CPSE,12
NTG,CPSE,12
ORSTED,CPSE,12
PAAL B,CPSE,12
PARKEN,CPSE,12
PARKST A,CPSE,12
PNDORA,CPSE,12
PRIMOF,CPSE,12
RBREW,CPSE,12
RILBA,CPSE,12
RLAINV,CPSE,12
ROCK B,CPSE,12
RTX,CPSE,9
SCHO,CPSE,12
SJF,CPSE,12
SKJE,CPSE,12
SOLAR B,CPSE,12
SPG,CPSE,12
STG,CPSE,12
TCM,CPSE,12
TGAMES,CPSE,12
TIV,CPSE,12
TRIFOR,CPSE,12
TRMD A,CPSE,12
TRYG,CPSE,12
UIE,CPSE,12
VWS,CPSE,12
ZEAL,CPSE,12
AALLON,HE,12
ACG1V,HE,12
ADMCM,HE,12
ADMIN,HE,12
AFAGR,HE,12
AKTIA,HE,12
ALBAV,HE,12
ALEX,HE,12
ALISA,HE,12
ALMA,HE,12
ANORA,HE,12
APETIT,HE,12
ARVOSK,HE,12
ASPO,HE,12
ASUNTO,HE,9
ATRAV,HE,12
AUROORA,HE,12
BEER,HE,12
BETOLAR,HE,12
BITTI,HE,12
BOREO,HE,12
BRETEC,HE,12
CANATU,HE,12
CAPMAN,HE,12
CITYVA,HE,12
CONSTI,HE,12
CTY1S,HE,12
DETEC,HE,12
DIGIA,HE,12
DWF,HE,12
EAGLE,HE,12
EASOR,HE,12
EEZY,HE,12
ELISA,HE,12
ENENTO,HE,12
EQV1V,HE,12
ETTE,HE,12
EVLI,HE,12
EXEL,HE,12
FIA1S,HE,12
FOAMIT,HE,12
FODELIA,HE,12
FONDIA,HE,12
FORTUM,HE,12
FRAMERY,HE,12
FSECURE,HE,12
FSKRS,HE,12
GLA1V,HE,12
GOFORE,HE,12
GRK,HE,12
HARVIA,HE,12
HIAB,HE,12
HKFOODS,HE,12
HRTIS,HE,12
HUH1V,HE,12
ICP1V,HE,12
ILKKA,HE,12
INVEST,HE,12
KALMAR,HE,12
KAMUX,HE,12
KCR,HE,12
KEMIRA,HE,12
KEMPOWR,HE,12
KESKOB,HE,12
KHG,HE,12
KNEBV,HE,12
KOSKI,HE,12
KREATE,HE,12
KSL,HE,12
LAMOR,HE,12
LAPWALL,HE,12
LASTIK,HE,12
LEADD,HE,12
LEMON,HE,12
LINDEX,HE,12
LOIHDE,HE,12
LUMO,HE,12
LUOTEA,HE,12
MANTA,HE,12
MEKKO,HE,12
MERUS,HE,12
METSB,HE,12
METSO,HE,12
MODU,HE,12
MUSTI,HE,12
NANOFH,HE,12
NDA FI,HE,12
NESTE,HE,12
NLG1V,HE,12
NOHO,HE,12
NOKIA,HE,12
OLVAS,HE,12
OMASP,HE,12
OPTOMED,HE,12
ORIOLA,HE,12
ORNBV,HE,12
ORTHEX,HE,12
OUT1V,HE,12
OVARO,HE,12
PAMPALO,HE,12
PIHLIS,HE,12
PON1V,HE,12
POSTI,HE,12
QTCOM,HE,12
RAIVV,HE,12
RAP1V,HE,12
RAUTE,HE,12
REG1V,HE,12
REKA,HE,12
RELAIS,HE,12
REMEDY,HE,12
ROBIT,HE,12
SAGCV,HE,10
SAMPO,HE,12
SANOMA,HE,12
SBI,HE,12
SCANFL,HE,12
SFOODS,HE,12
SIILI,HE,12
SITOWS,HE,12
SOLWERS,HE,12
SPINN,HE,12
SRV1V,HE,12
SSH1V,HE,12
STERV,HE,12
SUY1V,HE,12
TAALA,HE,12
TAMTRON,HE,12
TEKOVA,HE,12
TEM1V,HE,12
TIETO,HE,12
TITAN,HE,12
TLT1V,HE,12
TNOM,HE,12
TOKMAN,HE,12
TTALO,HE,12
TULAV,HE,12
TYRES,HE,12
UNITED,HE,12
UPM,HE,12
VAIAS,HE,12
VALMT,HE,12
VERK,HE,12
VIAFIN,HE,12
VIK1V,HE,12
WETTERI,HE,12
WITTED,HE,12
WRT1V,HE,12
WUF1V,HE,12
YIT,HE,12
A5G,IR,12
BIRG,IR,12
DQ7A,IR,8
EG7,IR,12
GL9,IR,1
GRP,IR,12
GVR,IR,12
KRX,IR,12
KRZ,IR,12
MLC,IR,12
OIZ,IR,7
PTSB,IR,12
RYA,IR,3
SENUS,IR,12
UPR,IR,12
ALSMB,LS,12
ALTR,LS,12
BCP,LS,12
CDU,LS,12
COR,LS,12
CTT,LS,12
EDP,LS,12
EDPR,LS,12
EGL,LS,12
ESON,LS,12
FCP,LS,6
FLEXD,LS,12
GALP,LS,12
GLINT,LS,12
IBS,LS,12
IPR,LS,12
JMT,LS,12
MAR,LS,12
MCP,LS,12
MLCIA,LS,12
MLCVI,LS,12
MLFMV,LS,12
MLRZE,LS,12
NOS,LS,12
NVG,LS,12
PHR,LS,12
RAM,LS,12
RENE,LS,12
SCB,LS,6
SCP,LS,6
SCT,LS,12
SEM,LS,12
SLBEN,LS,6
SNC,LS,12
SNG,LS,12
SON,LS,12
TDSA,LS,12
VAF,LS,12
3IN,LSE,3
AAEV,LSE,3
AAF,LSE,3
AAL,LSE,12
AAS,LSE,7
AATG,LSE,12
ABDN,LSE,12
ABF,LSE,9
ACG,LSE,12
ADM,LSE,12
AEI,LSE,9
AEP,LSE,12
AEWU,LSE,3
AGT,LSE,9
AIE,LSE,6
AJB,LSE,9
ALFA,LSE,12
ALTN,LSE,12
ALW,LSE,12
AML,LSE,12
ANII,LSE,3
ANTO,LSE,12
AO.,LSE,12
APN,LSE,7
ARR,LSE,12
ASAI,LSE,12
ASC,LSE,8
ASHM,LSE,6
ASL,LSE,12
AT.,LSE,12
ATG,LSE,9
ATR,LSE,12
ATT,LSE,11
ATYM,LSE,12
AUSC,LSE,6
AUTO,LSE,3
AV.,LSE,12
AVON,LSE,9
AZN,LSE,12
BA.,LSE,12
BAB,LSE,3
BAG,LSE,1
BARC,LSE,12
BASC,LSE,6
BATS,LSE,12
BBY,LSE,12
BCG,LSE,4
BEZ,LSE,12
BGCG,LSE,1
BGEO,LSE,12
BGEU,LSE,9
BGFD,LSE,8
BGS,LSE,1
BGUK,LSE,4
BHMG,LSE,12
BIOG,LSE,3
BIPS,LSE,12
BKG,LSE,4
BLND,LSE,3
BMD,LSE,9
BME,LSE,3
BMY,LSE,2
BNKR,LSE,10
BNZL,LSE,12
BOOK,LSE,12
BOOT,LSE,12
BOWL,LSE,9
BOY,LSE,12
BP.,LSE,12
BPCR,LSE,12
BPT,LSE,12
BRBY,LSE,3
BREE,LSE,12
BRK,LSE,6
BSC,LSE,12
BSV,LSE,3
BT.A,LSE,12
BTRW,LSE,6
BUT,LSE,12
BVT,LSE,9
BWY,LSE,7
BYIT,LSE,2
CABP,LSE,12
CAN,LSE,12
CAPD,LSE,12
CARD,LSE,1
CBG,LSE,7
CCC,LSE,12
CCH,LSE,12
CCR,LSE,2
CGEO,LSE,12
CGL,LSE,12
CGT,LSE,3
CHG,LSE,10
CKN,LSE,12
CLDN,LSE,3
CLIG,LSE,6
CMCX,LSE,3
CNA,LSE,12
CNE,LSE,12
COA,LSE,12
CORD,LSE,3
COST,LSE,12
CPG,LSE,9
CPI,LSE,12
CRDA,LSE,12
CRE,LSE,12
CREI,LSE,3
CRN,LSE,12
CRST,LSE,10
CRWN,LSE,6
CSN,LSE,12
CTEC,LSE,12
CTPE,LSE,12
CTUK,LSE,9
CTY,LSE,6
CURY,LSE,5
CVSG,LSE,6
CWK,LSE,3
CWR,LSE,6
DAR,LSE,12
DATA,LSE,12
DCC,LSE,3
DFS,LSE,6
DGE,LSE,6
DIG,LSE,1
DNLM,LSE,6
DOCS,LSE,3
DOM,LSE,12
DPLM,LSE,9
DRX,LSE,12
DSCV,LSE,3
ECOR,LSE,12
EDIN,LSE,3
EGL,LSE,9
ELIX,LSE,12
ELM,LSE,12
EMG,LSE,12
ENOG,LSE,12
ENQ,LSE,12
ENRG,LSE,6
ENT,LSE,12
EOT,LSE,5
ESCT,LSE,6
ESNT,LSE,12
EVOK,LSE,12
EWG,LSE,12
EWI,LSE,10
EXPN,LSE,3
EZJ,LSE,9
FAN,LSE,7
FAS,LSE,7
FCH,LSE,12
FCIT,LSE,12
FEML,LSE,6
FEV,LSE,12
FGEN,LSE,3
FGP,LSE,3
FGT,LSE,9
FORT,LSE,12
FOUR,LSE,12
FRAS,LSE,4
FRES,LSE,12
FSFL,LSE,12
FSG,LSE,3
FSJ,LSE,12
FSTA,LSE,3
FSV,LSE,8
FTF,LSE,3
FTV,LSE,12
FUTR,LSE,9
GAMA,LSE,12
GAW,LSE,6
GBG,LSE,3
GCP,LSE,9
GDWN,LSE,4
GEN,LSE,12
GENL,LSE,12
GFRD,LSE,6
GFTU,LSE,12
GHV1,LSE,9
GHV2,LSE,12
GKP,LSE,12
GLE,LSE,6
GLEN,LSE,12
GMS,LSE,12
GNC,LSE,9
GNS,LSE,6
GRG,LSE,12
GRID,LSE,12
GROW,LSE,3
GSCT,LSE,4
GSF,LSE,3
GSK,LSE,12
GYM,LSE,12
HAN,LSE,3
HAS,LSE,6
HBR,LSE,12
HFD,LSE,3
HFEL,LSE,8
HFG,LSE,12
HGT,LSE,12
HHI,LSE,12
HICL,LSE,3
HIK,LSE,12
HILS,LSE,12
HLMA,LSE,3
HLN,LSE,12
HOC,LSE,12
HRI,LSE,12
HSBA,LSE,12
HSBK,LSE,12
HSL,LSE,5
HSX,LSE,12
HTG,LSE,12
HTWS,LSE,12
HVPE,LSE,1
HWDN,LSE,12
HWG,LSE,12
IAD,LSE,4
IAG,LSE,12
IBST,LSE,12
IBT,LSE,8
ICG,LSE,3
ICGC,LSE,12
ICGT,LSE,1
IDHC,LSE,12
IEM,LSE,12
IGG,LSE,12
IHG,LSE,12
IHP,LSE,9
IIG,LSE,9
III,LSE,3
IMB,LSE,9
IMI,LSE,12
INCH,LSE,12
INF,LSE,12
INPP,LSE,12
IPF,LSE,12
IPO,LSE,12
ITH,LSE,12
ITRK,LSE,12
ITV,LSE,12
IWG,LSE,12
JAGI,LSE,9
JAM,LSE,12
JCGI,LSE,9
JCH,LSE,12
JD.,LSE,12
JDW,LSE,7
JEDT,LSE,3
JEGI,LSE,3
JFJ,LSE,9
JGGI,LSE,6
JIGI,LSE,9
JMAT,LSE,3
JMGI,LSE,6
JSG,LSE,12
JTC,LSE,12
JUGI,LSE,7
JUP,LSE,12
JUSC,LSE,12
KGF,LSE,1
KIE,LSE,6
KLR,LSE,12
KMR,LSE,12
KNOS,LSE,3
LAND,LSE,3
LGEN,LSE,12
LIO,LSE,3
LLOY,LSE,12
LRE,LSE,12
LSEG,LSE,12
LSL,LSE,12
LUCE,LSE,12
LWDB,LSE,12
LWI,LSE,9
MAB,LSE,9
MAB1,LSE,12
MAJE,LSE,9
MARS,LSE,9
MCB,LSE,6
MEGP,LSE,10
MER,LSE,12
MGAM,LSE,12
MGCI,LSE,12
MGNS,LSE,12
MHPC,LSE,12
MKS,LSE,3
MLHL,LSE,12
MNDI,LSE,12
MNG,LSE,12
MNKS,LSE,4
MNL,LSE,7
MNTN,LSE,1
MONY,LSE,12
MOON,LSE,4
MRC,LSE,1
MRCH,LSE,1
MRO,LSE,12
MSLH,LSE,12
MTE,LSE,3
MTO,LSE,3
MTRO,LSE,12
MTVW,LSE,3
MUT,LSE,6
MWY,LSE,6
MYI,LSE,12
N91,LSE,3
NAIT,LSE,1
NAS,LSE,1
NBPE,LSE,12
NCC,LSE,9
NESF,LSE,3
NG.,LSE,11
NTN,LSE,3
NVT,LSE,9
NWG,LSE,12
NXR,LSE,3
NXT,LSE,1
OAP3,LSE,1
OCDO,LSE,11
OCI,LSE,12
OIT,LSE,3
ONT,LSE,12
ORIT,LSE,12
OSB,LSE,12
OTB,LSE,9
OTV2,LSE,10
OXB,LSE,12
OXIG,LSE,3
PAC,LSE,1
PAF,LSE,6
PAG,LSE,9
PAGE,LSE,12
PAY,LSE,3
PBEE,LSE,12
PCFT,LSE,11
PCT,LSE,4
PCTN,LSE,3
PEMB,LSE,3
PETS,LSE,3
PEY,LSE,12
PFD,LSE,3
PGOO,LSE,2
PHI,LSE,7
PIN,LSE,5
PINE,LSE,12
PINT,LSE,12
PLUS,LSE,12
PNL,LSE,4
PNN,LSE,3
POLN,LSE,12
PPET,LSE,9
PPH,LSE,12
PRE,LSE,6
PRN,LSE,12
PRTC,LSE,12
PRU,LSE,12
PRV,LSE,11
PSDL,LSE,12
PSH,LSE,12
PSN,LSE,12
PSON,LSE,12
PTEC,LSE,12
PVN,LSE,2
PZC,LSE,5
QLT,LSE,12
QQ.,LSE,12
RAT,LSE,12
RBW,LSE,6
RCH,LSE,12
RCP,LSE,12
RECI,LSE,3
REL,LSE,12
RHIM,LSE,12
RICA,LSE,6
RIO,LSE,12
RKT,LSE,12
RKW,LSE,3
RMV,LSE,12
RNK,LSE,6
ROR,LSE,12
ROSE,LSE,12
RPI,LSE,12
RR.,LSE,9
RS1,LSE,3
RSW,LSE,6
RTO,LSE,12
RTW,LSE,12
SAGA,LSE,1
SAIN,LSE,12
SBRE,LSE,12
SBRY,LSE,2
SCP,LSE,9
SCT,LSE,7
SDLF,LSE,12
SDP,LSE,9
SDR,LSE,12
SEIT,LSE,3
SEPL,LSE,12
SFOR,LSE,12
SGE,LSE,9
SHAW,LSE,12
SHC,LSE,12
SHEL,LSE,12
SHPP,LSE,6
SJG,LSE,7
SMIN,LSE,7
SMT,LSE,3
SMWH,LSE,8
SN.,LSE,12
SNR,LSE,12
SNWS,LSE,8
SPI,LSE,12
SPX,LSE,12
SRAD,LSE,12
SRE,LSE,3
SREI,LSE,3
SRP,LSE,12
SSE,LSE,3
SSPG,LSE,9
SST,LSE,8
STAN,LSE,12
STB,LSE,12
STEM,LSE,11
STJ,LSE,12
STS,LSE,3
SUS,LSE,2
SVS,LSE,12
SVT,LSE,3
SYNC,LSE,3
SYNT,LSE,12
TATE,LSE,3
TBCG,LSE,12
TBTG,LSE,12
TCAP,LSE,12
TEM,LSE,3
TEP,LSE,3
TET,LSE,9
THG,LSE,12
TLW,LSE,12
TMPL,LSE,12
TPK,LSE,12
TRIG,LSE,12
TRN,LSE,2
TRST,LSE,12
TRY,LSE,3
TSCO,LSE,2
TTG,LSE,12
TW.,LSE,12
UAV,LSE,9
UEM,LSE,3
UKW,LSE,12
ULVR,LSE,12
UTL,LSE,6
UU.,LSE,12
VANQ,LSE,12
VCT,LSE,9
VEIL,LSE,12
VID,LSE,12
VOD,LSE,3
VP.,LSE,12
VSVS,LSE,12
VTY,LSE,12
WEIR,LSE,12
WIL,LSE,6
WISE,LSE,3
WIX,LSE,12
WIZZ,LSE,3
WOSG,LSE,4
WPP,LSE,12
WTB,LSE,2
WWH,LSE,3
XPP,LSE,12
XPS,LSE,3
YNGA,LSE,3
ZEG,LSE,3
ZIG,LSE,4
ZTF,LSE,12
480S,MC,12
A3M,MC,12
ACS,MC,12
ACX,MC,12
ADX,MC,12
AEDAS,MC,3
AENA,MC,12
AGIL,MC,12
AI,MC,12
ALC,MC,12
ALM,MC,12
ALNT,MC,12
ALQ,MC,12
AMEN,MC,12
AMP,MC,12
AMS,MC,12
ANA,MC,12
ANE,MC,12
APG,MC,12
ARM,MC,12
ART,MC,12
ATRY,MC,12
ATSI,MC,12
AZK,MC,12
BBVA,MC,12
BKT,MC,12
BST,MC,12
CABK,MC,12
CAF,MC,12
CASH,MC,12
CBAV,MC,12
CEV,MC,12
CIE,MC,12
CIRSA,MC,12
CLNX,MC,12
CLR,MC,12
COM,MC,12
COXG,MC,12
DESA,MC,12
DIA,MC,12
DOM,MC,12
DOMO,MC,12
EBRO,MC,12
EBROM,MC,12
ECR,MC,12
EDR,MC,3
ELE,MC,12
ENC,MC,12
END,MC,12
ENER,MC,12
ENG,MC,12
ENO,MC,12
ENRS,MC,12
ETC,MC,12
EZE,MC,12
FACE,MC,12
FAE,MC,12
FCC,MC,12
FDR,MC,12
FER,MC,12
GAM,MC,12
GEST,MC,12
GIGA,MC,12
GRE,MC,12
GRF,MC,12
GSJ,MC,12
HBX,MC,9
HLZ,MC,12
HOME,MC,12
IBE,MC,12
IBG,MC,12
IDR,MC,12
IFLEX,MC,12
IMC,MC,12
INDXA,MC,12
ISUR,MC,12
ITX,MC,1
IZER,MC,12
LAB,MC,12
LDA,MC,12
LGT,MC,12
LIB,MC,12
LLN,MC,12
LLYC,MC,12
LOG,MC,9
MAP,MC,12
MCM,MC,12
MDF,MC,12
MEL,MC,12
MTB,MC,12
MVC,MC,12
NAT,MC,6
NBI,MC,12
NEA,MC,12
NTGY,MC,12
NTH,MC,12
NXT,MC,12
NYE,MC,12
NZI,MC,12
OHLA,MC,12
OLE,MC,12
OPTS,MC,12
ORY,MC,12
PANG,MC,12
PAR,MC,12
PHM,MC,12
PRM,MC,12
PRS,MC,12
PSG,MC,12
PUIG,MC,12
R4,MC,12
RBT,MC,12
RED,MC,12
REN,MC,12
REP,MC,12
RJF,MC,12
RLIA,MC,12
ROVI,MC,12
SAB,MC,12
SAN,MC,12
SCBYT,MC,12
SCGV,MC,12
SCO,MC,12
SCYR,MC,12
SEC,MC,12
SLR,MC,12
SOL,MC,12
SQRL,MC,12
STNA,MC,7
TEF,MC,12
TLGO,MC,12
TRE,MC,12
TRG,MC,12
TRTK,MC,12
TSK,MC,12
TUB,MC,12
UMB,MC,12
UNI,MC,12
VID,MC,12
VIS,MC,12
VOC,MC,12
VYT,MC,12
YEUR,MC,3
YINB6,MC,12
YISC,MC,12
YMCS,MC,12
YPSN,MC,12
YVCP,MC,12
A2A,MIL,12
ABC,MIL,12
ABP,MIL,6
ABT,MIL,9
AC5,MIL,12
ACE,MIL,12
ACQ,MIL,12
ADB,MIL,12
ADV,MIL,12
AGP,MIL,12
AMP,MIL,12
ANIM,MIL,12
ARIS,MIL,12
ARN,MIL,12
ASC,MIL,12
AVIO,MIL,12
AZM,MIL,12
B,MIL,12
BAMI,MIL,12
BAN,MIL,12
BC,MIL,12
BDB,MIL,12
BEC,MIL,12
BF,MIL,12
BFF,MIL,12
BFG,MIL,12
BGN,MIL,12
BMED,MIL,12
BMPS,MIL,12
BO,MIL,12
BPE,MIL,12
BRE,MIL,12
BRI,MIL,12
BSS,MIL,12
BST,MIL,12
BZU,MIL,12
CAI,MIL,12
CALT,MIL,12
CDG,MIL,12
CE,MIL,12
CED,MIL,12
CELL,MIL,12
CEM,MIL,12
CIR,MIL,12
CLE,MIL,12
CLI,MIL,12
CMB,MIL,12
CMTL,MIL,12
COM,MIL,12
CPR,MIL,12
CREG,MIL,6
CRL,MIL,12
CUBE,MIL,12
CY4,MIL,12
CYB,MIL,12
D,MIL,12
DAN,MIL,6
DATA,MIL,12
DBA,MIL,12
DDM,MIL,12
DEA,MIL,12
DEX,MIL,12
DGT,MIL,12
DGV,MIL,12
DHH,MIL,12
DIA,MIL,12
DIB,MIL,6
DIS,MIL,12
DLG,MIL,12
DNR,MIL,12
DOV,MIL,12
DOX,MIL,12
ECK,MIL,12
ECNL,MIL,12
EDAC,MIL,12
EDNR,MIL,12
EGLA,MIL,12
ELN,MIL,12
EM,MIL,12
ENAV,MIL,12
ENEL,MIL,12
ENI,MIL,12
ENV,MIL,12
ENY,MIL,12
EQUI,MIL,12
ERG,MIL,12
ESAU,MIL,12
ESF,MIL,12
ESPE,MIL,12
ET,MIL,12
ETH,MIL,12
ETS,MIL,12
EVISO,MIL,6
EXAI,MIL,12
FAE,MIL,12
FARM,MIL,8
FBK,MIL,12
FCH,MIL,12
FCT,MIL,12
FF,MIL,12
FIC,MIL,12
FILA,MIL,12
FM,MIL,12
FNM,MIL,12
FPE,MIL,12
FUM,MIL,12
G,MIL,12
GAB,MIL,12
GE,MIL,12
GEO,MIL,12
GF,MIL,12
GHC,MIL,12
GM,MIL,12
GPI,MIL,12
GROW,MIL,12
GSP,MIL,12
GVS,MIL,12
HER,MIL,12
HIK,MIL,12
HZY,MIL,9
ICF,MIL,12
ICOP,MIL,12
ICOS,MIL,12
IDNTT,MIL,12
IEG,MIL,12
IF,MIL,12
IG,MIL,12
ILP,MIL,12
IMD,MIL,12
IMS,MIL,12
INDB,MIL,12
INW,MIL,12
IOT,MIL,12
IP,MIL,12
IRC,MIL,12
IRE,MIL,12
ISP,MIL,12
ITD,MIL,12
ITM,MIL,12
IVG,MIL,12
IWB,MIL,12
JUVE,MIL,6
KK,MIL,12
KME,MIL,12
LDB,MIL,12
LDO,MIL,12
LFG,MIL,12
LNDR,MIL,12
LTMC,MIL,12
LUVE,MIL,12
MAIRE,MIL,12
MAPS,MIL,12
MARE,MIL,12
MARK,MIL,12
MARR,MIL,12
MASI,MIL,12
MB,MIL,12
MFEB,MIL,12
MFT,MIL,12
MGS,MIL,12
MN,MIL,12
MOL,MIL,12
MONC,MIL,12
NDT,MIL,12
NEXI,MIL,12
NOVA,MIL,12
NR,MIL,12
NWL,MIL,12
NXT,MIL,12
OLI,MIL,12
OMER,MIL,12
ORS,MIL,12
OS,MIL,12
OVS,MIL,1
PHIL,MIL,12
PHN,MIL,12
PIA,MIL,12
PINF,MIL,12
PIRC,MIL,12
PLC,MIL,12
PMED,MIL,12
PQ,MIL,3
PRO,MIL,12
PRT,MIL,12
PRY,MIL,12
PSQ,MIL,12
PST,MIL,12
PTR,MIL,12
PWS,MIL,12
QFAL,MIL,12
RACE,MIL,12
RAT,MIL,12
RCS,MIL,12
RDF,MIL,12
REC,MIL,12
RES,MIL,12
REVO,MIL,12
REY,MIL,12
RFG,MIL,12
RN,MIL,12
RTL,MIL,12
RWAY,MIL,12
RWY,MIL,12
SAB,MIL,12
SBC,MIL,12
SERI,MIL,12
SES,MIL,4
SFER,MIL,12
SFL,MIL,12
SGF,MIL,12
SIAV,MIL,12
SIT,MIL,12
SL,MIL,12
SMCAP,MIL,12
SOL,MIL,12
SOM,MIL,12
SPM,MIL,12
SRG,MIL,12
SSL,MIL,6
STAR7,MIL,12
STLAM,MIL,12
SYS,MIL,12
TALEA,MIL,12
TCG,MIL,12
TEN,MIL,12
TES,MIL,12
TFIN,MIL,12
TGYM,MIL,12
TIP,MIL,12
TISG,MIL,12
TIT,MIL,12
TNO,MIL,12
TNXT,MIL,12
TPRO,MIL,12
TPS,MIL,12
TRN,MIL,12
TXT,MIL,12
TYA,MIL,12
UCG,MIL,12
UD,MIL,12
UNI,MIL,12
VARV,MIL,12
VLS,MIL,12
VLT,MIL,12
WBD,MIL,12
WIIT,MIL,12
YACHT,MIL,12
YRM,MIL,12
ZEST,MIL,12
ZV,MIL,12
ABAS,NGM,12
ABERA,NGM,12
ABIG,NGM,12
ABSL B,NGM,12
ADVT,NGM,12
AIK B,NGM,12
AMIDO,NGM,12
APTA,NGM,12
AQUAT,NGM,12
ARBO A,NGM,12
ARGO,NGM,12
ATANA,NGM,12
BAT,NGM,12
BIOWKS,NGM,12
BLICK,NGM,12
BLUE,NGM,12
BRIX,NGM,12
CARDEO,NGM,12
CESSA,NGM,12
COEGIN,NGM,12
CRWN,NGM,12
CURAS,NGM,12
EDYOU,NGM,12
EMART,NGM,12
ENRAD,NGM,12
FABLE,NGM,12
FRILAN,NGM,12
FRNT B,NGM,12
GARPCO B,NGM,12
GATE,NGM,12
GOSOL,NGM,12
GTAB B,NGM,12
GTG,NGM,12
HMPLY,NGM,12
HUNTER,NGM,12
INFRA,NGM,12
KAV,NGM,12
KOBR B,NGM,12
KVIX,NGM,12
LAIR,NGM,12
LATF B,NGM,12
LGOLD B,NGM,12
LINKAB,NGM,12
LOHILO,NGM,12
MAHVIE,NGM,12
MCLR,NGM,12
MEGR,NGM,12
MNDRK,NGM,12
MRSELL,NGM,12
MYBEAT,NGM,12
NATTA,NGM,12
NGS,NGM,12
NIDHOG,NGM,12
NIUTEC,NGM,12
NORDIG,NGM,12
NOSIUM B,NGM,12
NOWO,NGM,12
NXAR,NGM,12
OBDU B,NGM,12
ODI,NGM,12
OPSYH,NGM,12
PIXEL,NGM,12
PRESRV,NGM,12
PRLD,NGM,12
RAMSH,NGM,12
REAL,NGM,12
RENT,NGM,12
RLVNC,NGM,12
RMDX,NGM,12
SDS,NGM,12
SIN,NGM,12
SLG B,NGM,12
SOSI,NGM,12
SPERM,NGM,12
SPGR,NGM,12
SPLTN,NGM,12
STRD B,NGM,12
STVA B,NGM,12
TCC A,NGM,12
TRAN A,NGM,12
TRIONA,NGM,12
TRML,NGM,12
TURA,NGM,12
VAXXA,NGM,12
XER,NGM,12
ZOOM,NGM,12
ABG,OB,12
ABL,OB,12
ACR,OB,12
AFG,OB,12
AFISH,OB,12
AFK,OB,12
AGLX,OB,12
AKAST,OB,12
AKBM,OB,12
AKER,OB,12
AKRBP,OB,12
AKSO,OB,12
AKVA,OB,12
ALNG,OB,12
ANDF,OB,12
APR,OB,12
ARCH,OB,12
ATEA,OB,12
AURG,OB,12
AUSS,OB,12
AUTO,OB,12
AZT,OB,12
B2I,OB,12
BAKKA,OB,12
BEWI,OB,12
BIEN,OB,12
BINT,OB,12
BMA,OB,12
BNOR,OB,12
BONHR,OB,12
BOUV,OB,12
BRG,OB,12
BRUT,OB,12
BWE,OB,12
BWLPG,OB,12
BWO,OB,12
CADLR,OB,12
CAMBI,OB,12
CAPT,OB,12
CLOUD,OB,12
COSH,OB,12
CRNA,OB,12
DDRIL,OB,12
DELIA,OB,12
DFENS,OB,12
DNB,OB,12
DNO,OB,12
DOFG,OB,12
DVD,OB,12
EIOF,OB,12
ELIMP,OB,12
ELK,OB,12
ELMRA,OB,12
ELO,OB,12
ENDUR,OB,12
ENH,OB,12
ENSU,OB,12
ENTRA,OB,12
EPR,OB,12
EQNR,OB,12
GENO,OB,12
GEOS,OB,12
GIGA,OB,12
GJF,OB,12
GRONG,OB,12
GSF,OB,12
GYL,OB,12
HAFNI,OB,12
HAUTO,OB,12
HDLY,OB,12
HELG,OB,12
HEX,OB,12
HGSB,OB,12
HKY,OB,12
HPUR,OB,12
HSHP,OB,12
HUNT,OB,12
IDEX,OB,12
INSTA,OB,12
ISLAX,OB,12
IWS,OB,12
JACK,OB,12
JAREN,OB,12
JIN,OB,12
KCC,OB,12
KID,OB,12
KIT,OB,12
KLDVK,OB,12
KMAR,OB,12
KOA,OB,12
KOG,OB,12
KOMPL,OB,12
KRAB,OB,12
LINK,OB,12
LSG,OB,12
LUMI,OB,12
LYTIX,OB,12
MAS,OB,12
MEDI,OB,12
MGN,OB,12
MING,OB,12
MORG,OB,12
MORLD,OB,12
MOWI,OB,12
MPCC,OB,12
MULTI,OB,12
NAPA,OB,12
NAS,OB,12
NCOD,OB,12
NEL,OB,12
NHY,OB,12
NKR,OB,12
NOAP,OB,12
NOD,OB,12
NOHAL,OB,12
NOL,OB,12
NOM,OB,12
NONG,OB,12
NORAM,OB,12
NORBT,OB,12
NORCO,OB,12
NORDH,OB,12
NRC,OB,12
NSKOG,OB,12
NTI,OB,12
NYKD,OB,12
OBXD,OB,12
ODF,OB,12
ODL,OB,12
OET,OB,12
OKEA,OB,12
OMDA,OB,12
ORK,OB,12
OTEC,OB,12
OTL,OB,12
OTOVO,OB,12
PARB,OB,12
PEN,OB,12
PEXIP,OB,12
PHO,OB,12
PLGC,OB,12
PLSV,OB,12
PLT,OB,12
PNOR,OB,12
POL,OB,12
PROT,OB,12
PRS,OB,12
PYRUM,OB,12
REACH,OB,12
RECSI,OB,12
REFL,OB,3
RING,OB,12
ROGS,OB,12
SAGA,OB,12
SALM,OB,12
SALME,OB,12
SATS,OB,12
SB1NO,OB,12
SB68,OB,12
SBNOR,OB,12
SBO,OB,12
SCANA,OB,12
SCATC,OB,12
SDSD,OB,12
SEA1,OB,12
SKUE,OB,12
SMOP,OB,12
SNI,OB,11
SNOR,OB,12
SNTIA,OB,12
SOAG,OB,12
SOFF,OB,12
SOMA,OB,12
SPOG,OB,12
SPOL,OB,12
STB,OB,12
STECH,OB,12
STST,OB,12
SUBC,OB,12
TEKNA,OB,12
TEL,OB,12
TGS,OB,12
TINDE,OB,12
TOM,OB,12
TRMED,OB,12
VAR,OB,12
VEI,OB,12
VEND,OB,12
VISTN,OB,12
VOW,OB,12
VTURA,OB,12
VVL,OB,12
WAWI,OB,12
WEST,OB,12
WWI,OB,12
XPLRA,OB,12
YAR,OB,12
ZAL,OB,12
ZAP,OB,12
ZLNA,OB,12
4C,OM,12
AAC,OM,12
AAK,OM,12
ABSO,OM,12
ACAD,OM,6
ACARIX,OM,12
ACAST,OM,12
ACCON,OM,12
ACE,OM,12
ACRI A,OM,12
ACROUD,OM,12
ACTI,OM,12
ACUVI,OM,12
ADDT B,OM,12
ADTR,OM,12
ADVE,OM,12
AFRY,OM,12
AGES B,OM,12
AGROUP,OM,12
AGTIRA B,OM,12
AJA B,OM,12
ALCA,OM,12
ALFA,OM,12
ALIF B,OM,12
ALIG,OM,12
ALLEI,OM,12
ALLIGO B,OM,12
ALM,OM,12
ALTRA,OM,12
ALZCUR,OM,12
AMBEA,OM,12
ANNE B,OM,12
ANOD B,OM,12
APOTEA,OM,12
AQ,OM,12
ARCT,OM,12
ARFA,OM,12
ARJO B,OM,12
ARPL,OM,12
ASKER,OM,12
ASMDEE B,OM,12
ASSA B,OM,12
ATCO A,OM,12
ATIC,OM,12
ATIN,OM,6
ATRLJ B,OM,12
ATT,OM,12
AVARDA,OM,12
AVEN,OM,12
AVT B,OM,12
AXFO,OM,12
AZA,OM,12
B3,OM,12
BACTI B,OM,12
BAHN B,OM,12
BALCO,OM,12
BALD B,OM,12
BEAMMW B,OM,12
BEGR,OM,12
BEIA B,OM,12
BEIJ B,OM,12
BERG B,OM,12
BERNER B,OM,12
BESQAB,OM,12
BETCO,OM,12
BETS B,OM,12
BHG,OM,12
BICO,OM,8
BILI A,OM,12
BILL,OM,12
BIM,OM,12
BINERO,OM,12
BINV,OM,12
BIOA B,OM,12
BIOG B,OM,12
BMAX,OM,12
BMC,OM,12
BOAT,OM,12
BOHO,OM,12
BOKUS,OM,12
BOL,OM,12
BONAS,OM,12
BONAV B,OM,12
BONEX,OM,12
BOOZT,OM,12
BORG,OM,12
BOTX,OM,12
BRAIN,OM,12
BRAV,OM,12
BRIN B,OM,12
BTS B,OM,12
BUFAB,OM,12
BULTEN,OM,12
BURE,OM,12
BYGGP,OM,12
CAG,OM,12
CALVIK,OM,12
CAMX,OM,12
CANDLE B,OM,12
CANTA,OM,12
CARA,OM,12
CARE,OM,12
CASE,OM,12
CAST,OM,12
CAT B,OM,12
CATE,OM,12
CCC,OM,12
CDON,OM,12
CEDER,OM,6
CEVI,OM,12
CFISH,OM,12
CHEF,OM,12
CIBUS,OM,12
CINPHA,OM,12
CINT,OM,12
CLA B,OM,12
CLAS B,OM,12
CLAV,OM,12
CLBIO,OM,12
CLIME B,OM,12
CNCJO B,OM,12
COFFEE B,OM,12
COOR,OM,12
CORE A,OM,12
CRAD B,OM,12
CRED A,OM,12
CRNO B,OM,12
CTEK,OM,12
CTM,OM,12
CTT,OM,12
CX,OM,12
DEDI,OM,12
DICOT,OM,12
DIOS,OM,12
DMYD B,OM,12
DOM,OM,12
DONE,OM,12
DOXA,OM,12
DSNO,OM,12
DUNI,OM,12
DURC B,OM,12
DUST,OM,8
DVYSR,OM,12
DYVOX,OM,12
EAST,OM,12
EG7,OM,12
EGTX,OM,12
EKTA B,OM,12
ELAN B,OM,12
ELIC,OM,12
ELON,OM,12
ELTEL,OM,12
ELUX B,OM,12
EMBELL,OM,12
EMBRAC B,OM,12
EMIL B,OM,12
ENEA,OM,12
ENGCON B,OM,12
ENITY,OM,12
ENRO,OM,12
ENVAR,OM,12
ENZY,OM,12
EOLU B,OM,12
EPEN,OM,12
EPI A,OM,12
EPIS B,OM,12
EPRO B,OM,12
EQL,OM,3
EQT,OM,12
ERIC B,OM,12
ESSITY B,OM,12
EVO,OM,12
EWRK,OM,12
EXS,OM,12
FABG,OM,12
FAG,OM,12
FERRO,OM,12
FG,OM,12
FIRE,OM,12
FLAT B,OM,12
FLERIE,OM,12
FLEXM,OM,3
FLEXQ,OM,12
FLUO,OM,12
FMM B,OM,12
FNM,OM,12
FNOVA B,OM,12
FOI B,OM,12
FPAR A,OM,12
FPIP,OM,12
FRACTL,OM,12
FREEM,OM,12
FREJA,OM,12
G2M,OM,12
G5EN,OM,12
GAPW B,OM,12
GARO,OM,12
GENI,OM,12
GENO,OM,12
GETI B,OM,12
GIG SDB,OM,12
GOMX,OM,12
GOTL A,OM,12
GPG,OM,12
GRANGX,OM,12
GREEN,OM,12
GRNG,OM,12
GULD,OM,12
HACK,OM,12
HAKI B,OM,12
HANZA,OM,12
HAV B,OM,12
HAYPP,OM,12
HEART,OM,12
HEBA B,OM,12
HEIM PREF,OM,12
HEM,OM,12
HEXA B,OM,12
HIGHCO B,OM,12
HILB B,OM,12
HM B,OM,12
HMS,OM,12
HNSA,OM,12
HOFI,OM,12
HOLM B,OM,12
HPOL B,OM,12
HTRO,OM,12
HUFV A,OM,12
HUM,OM,12
HUMBLE,OM,12
HUSQ B,OM,12
IBT B,OM,12
IDUN B,OM,12
IMMU,OM,12
IMP A SDB,OM,12
IMPC,OM,12
INDT,OM,12
INDU A,OM,12
INFREA,OM,12
INISS B,OM,12
INIT,OM,12
INSTAL,OM,12
INTEA B,OM,12
INTEG B,OM,12
INTRUM,OM,12
INVE A,OM,12
INWI,OM,12
ISOFOL,OM,12
ITAB,OM,12
ITECH,OM,12
IVACC,OM,12
IVSO,OM,12
JM,OM,12
JOMA,OM,12
K2A B,OM,12
K33,OM,12
KABE B,OM,12
KAMBI,OM,12
KAPIAB,OM,12
KAR,OM,12
KARNEL B,OM,12
KBC,OM,12
KEBNI B,OM,12
KFAST B,OM,12
KINV B,OM,12
KJELL,OM,12
KLAR,OM,12
KLARA B,OM,12
KNOW,OM,12
LAGR B,OM,12
LATO B,OM,12
LEA,OM,12
LIAB,OM,12
LIFCO B,OM,12
LIME,OM,12
LINC,OM,12
LOGI A,OM,12
LOOMIS,OM,12
LUMEN,OM,12
LUND B,OM,12
LYKO A,OM,12
MAGI,OM,8
MAHA A,OM,12
MANG,OM,12
MAVEN,OM,12
MCAP,OM,12
MCOV B,OM,12
MEAB B,OM,12
MEDS,OM,12
MEKO,OM,12
META,OM,12
MIDS,OM,12
MILDEF,OM,12
MIPS,OM,12
MMGR B,OM,12
MNTC,OM,12
MOB,OM,12
MOMENT,OM,12
MORROW,OM,12
MSAB B,OM,12
MSON B,OM,12
MTG B,OM,12
MTRS,OM,12
MVIR,OM,12
MYCR,OM,12
NANEXA,OM,12
NAVIGO STAM,OM,12
NAXS,OM,12
NCAB,OM,12
NCC B,OM,12
NELLY,OM,12
NEO B,OM,12
NEOBO,OM,12
NEPA,OM,12
NETEL,OM,12
NETI B,OM,12
NEWA B,OM,12
NEXAM,OM,12
NIBE B,OM,12
NICA,OM,12
NIL B,OM,12
NIO,OM,12
NIVI B,OM,12
NMAN,OM,12
NOBA,OM,12
NOBI,OM,12
NOLA B,OM,12
NORB B,OM,12
NORION,OM,12
NOTE,OM,12
NOTEK,OM,8
NP3,OM,12
NREST,OM,12
NTEK B,OM,12
NYAB,OM,12
OBAB,OM,12
OBSE,OM,12
OEM B,OM,12
OGUN B,OM,12
ONCO,OM,12
ONEF,OM,12
OODA,OM,9
OPTER,OM,12
ORES,OM,12
ORRON,OM,12
ORT B,OM,12
ORTI B,OM,12
ORX,OM,12
OSSD,OM,12
OVZON,OM,12
OXE,OM,12
PACT,OM,12
PAX,OM,12
PCELL,OM,12
PDX,OM,12
PEAB B,OM,12
PIERCE,OM,12
PION B,OM,12
PLAZ B,OM,12
PNDX B,OM,12
PREV B,OM,12
PRFO,OM,12
PRIC B,OM,12
PRISMA,OM,12
PRO,OM,12
PROF B,OM,12
QAIR,OM,12
QBEN,OM,12
QLINEA,OM,12
QLIRO,OM,12
QSYS,OM,12
RAIL,OM,12
RATO B,OM,12
RAY B,OM,12
REJL B,OM,12
ROKO B,OM,12
RROS,OM,12
RUG,OM,12
RUSTA,OM,4
RVRC,OM,6
SAAB B,OM,12
SAFETY B,OM,12
SAGA A,OM,12
SALT B,OM,12
SAND,OM,12
SANION,OM,12
SAVE,OM,12
SBB B,OM,12
SBOK,OM,12
SCA B,OM,12
SCIB,OM,12
SCST,OM,12
SDIP B,OM,12
SEAF,OM,12
SEB A,OM,12
SECARE,OM,12
SECT B,OM,12
SECU B,OM,12
SEDANA,OM,12
SEYE,OM,12
SEZI,OM,12
SF,OM,12
SFAB,OM,12
SFAST,OM,12
SGG,OM,12
SHB A,OM,12
SHOT,OM,12
SIBEK,OM,4
SILEX,OM,12
SINCH,OM,12
SINT,OM,12
SIVE,OM,12
SIVI,OM,12
SKA B,OM,12
SKF B,OM,12
SKIS B,OM,12
SKMO,OM,12
SKOLON,OM,12
SLEEP,OM,12
SLP B,OM,12
SMCRT,OM,12
SNX,OM,12
SOBI,OM,12
SOF B,OM,12
SOLNA,OM,12
SOLT,OM,12
SPRINT,OM,12
SSAB A,OM,12
STAR B,OM,12
STEF B,OM,12
STIL,OM,12
STOR B,OM,12
STORY B,OM,12
STUDBO,OM,12
SUMMAS,OM,12
SUS,OM,12
SVEAF,OM,12
SVED B,OM,12
SVIK,OM,12
SVOL B,OM,12
SWEC B,OM,12
SWED A,OM,12
SYNACT,OM,12
SYNSAM,OM,12
SYSR,OM,4
TAGM B,OM,12
TEL2 B,OM,12
TELIA,OM,12
TEQ,OM,12
TERNOR,OM,12
TERRNT B,OM,12
THULE,OM,12
TINGS A,OM,12
TITA B,OM,12
TOBII,OM,12
TRAC B,OM,12
TRAD,OM,12
TRANS,OM,12
TREL B,OM,12
TRIAN B,OM,12
TROAX,OM,12
TRUE B,OM,12
UNIBAP,OM,6
UPSALE,OM,12
UTG,OM,12
VBG B,OM,12
VEFAB,OM,12
VERT B,OM,12
VESTUM,OM,12
VICO,OM,12
VIMIAN,OM,12
VISC,OM,12
VIT B,OM,12
VITR,OM,12
VIVA,OM,12
VNV,OM,12
VOLCAR B,OM,12
VOLO,OM,12
VOLV B,OM,12
VPLAY B,OM,12
VSSAB B,OM,12
VSURE,OM,12
VUXEN,OM,4
W5,OM,12
WALL B,OM,12
WAYS,OM,12
WBGR B,OM,12
WIHL,OM,12
WPTG B,OM,12
WSG,OM,12
WTW A,OM,12
XANO B,OM,12
XBRANE,OM,12
XINT,OM,12
XSPRAY,OM,12
XVIVO,OM,12
YUBICO,OM,9
ZZ B,OM,12
74SW,PA,12
AAA,PA,12
AB,PA,12
ABCA,PA,12
ABEO,PA,3
ABLD,PA,12
ABNX,PA,12
ABVX,PA,12
AC,PA,12
ACA,PA,12
ADOC,PA,12
ADP,PA,12
AELIS,PA,12
AF,PA,12
AI,PA,12
AIR,PA,12
AKE,PA,12
AKW,PA,12
AL2SI,PA,2
ALAFY,PA,12
ALAGP,PA,6
ALAGR,PA,12
ALAIR,PA,12
ALATA,PA,3
ALATI,PA,12
ALAUD,PA,12
ALAVI,PA,12
ALBFR,PA,12
ALBI,PA,12
ALBIO,PA,12
ALBIZ,PA,12
ALBKK,PA,12
ALBLD,PA,12
ALBON,PA,12
ALBOU,PA,12
ALBPK,PA,12
ALCAF,PA,9
ALCAT,PA,8
ALCBI,PA,3
ALCGM,PA,12
ALCIS,PA,12
ALCJ,PA,12
ALCLA,PA,12
ALCLS,PA,12
ALCOF,PA,12
ALCOG,PA,6
ALCOX,PA,12
ALCPA,PA,12
ALCPB,PA,12
ALCRB,PA,12
ALCUR,PA,12
ALCWE,PA,12
ALDAR,PA,6
ALDEL,PA,12
ALDLS,PA,12
ALDLT,PA,12
ALDMS,PA,12
ALDNE,PA,12
ALDNX,PA,12
ALDRV,PA,12
ALDUX,PA,12
ALECO,PA,9
ALECP,PA,3
ALECR,PA,12
ALEMG,PA,12
ALEMV,PA,9
ALENO,PA,12
ALEO2,PA,2
ALERS,PA,12
ALESE,PA,3
ALEXA,PA,12
ALFLE,PA,12
ALFOR,PA,12
ALFPC,PA,8
ALFRE,PA,12
ALFUM,PA,12
ALGAE,PA,12
ALGEN,PA,12
ALGEV,PA,12
ALGID,PA,12
ALGIL,PA,12
ALGIR,PA,9
ALGTR,PA,12
ALHAF,PA,3
ALHEX,PA,12
ALHG,PA,12
ALHGO,PA,12
ALHGR,PA,12
ALHIT,PA,12
ALHOP,PA,12
ALHRG,PA,12
ALHRS,PA,6
ALHUN,PA,8
ALHYP,PA,12
ALI2S,PA,12
ALICA,PA,12
ALIEV,PA,12
ALIKO,PA,12
ALIMP,PA,12
ALINN,PA,12
ALISP,PA,12
ALITL,PA,12
ALJXR,PA,12
ALKAL,PA,12
ALKEY,PA,12
ALKKO,PA,12
ALKLH,PA,12
ALKLK,PA,12
ALLAN,PA,12
ALLDL,PA,3
ALLEX,PA,3
ALLGO,PA,12
ALLHB,PA,12
ALLUX,PA,12
ALMCE,PA,12
ALMDT,PA,12
ALMEX,PA,12
ALMIB,PA,12
ALMIN,PA,12
ALMKT,PA,12
ALMOU,PA,8
ALMRB,PA,12
ALNOV,PA,12
ALNSC,PA,12
ALNSE,PA,12
ALNTG,PA,12
ALNXT,PA,12
ALO,PA,3
ALODC,PA,9
ALORA,PA,12
ALPAS,PA,12
ALPAT,PA,12
ALPDX,PA,8
ALPET,PA,12
ALPG,PA,12
ALPJT,PA,3
ALPM,PA,12
ALPOU,PA,9
ALPRG,PA,12
ALPRI,PA,3
ALPUL,PA,3
ALPWG,PA,12
ALQGC,PA,12
ALQWA,PA,9
ALREW,PA,12
ALRIB,PA,12
ALRIS,PA,12
ALSAS,PA,12
ALSEC,PA,12
ALSEM,PA,12
ALSEN,PA,12
ALSMA,PA,12
ALSTI,PA,12
ALSTW,PA,12
ALTAI,PA,12
ALTAO,PA,12
ALTD,PA,12
ALTHE,PA,12
ALTHX,PA,12
ALTPC,PA,12
ALTRA,PA,12
ALTRI,PA,3
ALTUV,PA,12
ALTXC,PA,12
ALU10,PA,12
ALUNT,PA,12
ALVAL,PA,12
ALVAP,PA,12
ALVAZ,PA,12
ALVDM,PA,12
ALVIO,PA,12
ALVIR,PA,12
ALVU,PA,9
ALWEC,PA,12
ALWF,PA,12
ALWIN,PA,12
ALWIT,PA,12
ALWTR,PA,12
ALXIL,PA,12
AM,PA,12
AMUN,PA,12
ANTIN,PA,12
ARAMI,PA,9
AREIT,PA,12
ARTE,PA,12
ARTO,PA,12
ARVEN,PA,12
ASY,PA,12
ATE,PA,12
ATEME,PA,12
ATLD,PA,12
ATO,PA,12
AUB,PA,12
AURE,PA,12
AVT,PA,3
AYV,PA,12
BAIN,PA,3
BASS,PA,12
BB,PA,12
BEN,PA,8
BIG,PA,3
BIM,PA,12
BLC,PA,6
BN,PA,12
BNP,PA,12
BOI,PA,12
BOL,PA,12
BON,PA,6
BSD,PA,12
BUR,PA,12
BVI,PA,12
CA,PA,12
CAF,PA,12
CAP,PA,12
CAT31,PA,12
CBDG,PA,12
CBOT,PA,12
CBSM,PA,6
CCN,PA,12
CDA,PA,9
CDI,PA,12
CEN,PA,12
CIV,PA,12
CLARI,PA,12
CMO,PA,12
CNDF,PA,12
CO,PA,12
COFA,PA,12
COH,PA,12
COUR,PA,12
COV,PA,12
CRAP,PA,12
CRAV,PA,12
CRBP2,PA,12
CRI,PA,12
CRLA,PA,12
CRLO,PA,12
CROS,PA,12
CRSU,PA,12
CRTO,PA,12
CS,PA,12
CVX,PA,12
DBG,PA,9
DBV,PA,12
DEC,PA,12
DEEZR,PA,12
DG,PA,12
DIM,PA,12
DKUPL,PA,12
DPAM,PA,12
DPT,PA,3
DSY,PA,12
EAPI,PA,12
EC,PA,12
EDEN,PA,12
EDI,PA,9
EFG,PA,6
EFI,PA,12
EKI,PA,12
EL,PA,12
ELEC,PA,12
ELIOR,PA,9
ELIS,PA,12
EMEIS,PA,12
EN,PA,12
ENGI,PA,12
ENX,PA,12
EQS,PA,12
ERA,PA,12
ERF,PA,12
ETL,PA,6
EXA,PA,12
EXE,PA,9
EXENS,PA,12
EXPL,PA,12
EXS,PA,12
EXSE,PA,12
FCMC,PA,10
FDE,PA,6
FDJU,PA,12
FGA,PA,3
FGR,PA,12
FII,PA,12
FINM,PA,12
FIPP,PA,12
FMONC,PA,12
FNAC,PA,12
FOAF,PA,12
FORE,PA,12
FPG,PA,12
FR,PA,12
FRVIA,PA,12
FSDV,PA,12
GAM,PA,12
GBT,PA,12
GDS,PA,6
GEA,PA,9
GET,PA,12
GLE,PA,12
GLO,PA,12
GNFT,PA,12
GPE,PA,12
GRVO,PA,9
GTT,PA,12
GUI,PA,12
HCO,PA,12
HDF,PA,12
HO,PA,12
ICAD,PA,12
IDIP,PA,12
IDL,PA,12
IMDA,PA,12
INF,PA,12
IPH,PA,12
IPN,PA,12
IPS,PA,12
IQEC,PA,12
ITP,PA,12
IVA,PA,12
JBOG,PA,12
JCQ,PA,12
KER,PA,12
LACR,PA,9
LAT,PA,12
LBIRD,PA,12
LHYFE,PA,12
LIN,PA,12
LOCAL,PA,12
LOUP,PA,2
LPE,PA,3
LR,PA,12
LSS,PA,12
LTA,PA,12
MAAT,PA,12
MALT,PA,6
MAU,PA,12
MBWS,PA,12
MC,PA,12
MDM,PA,12
MEDCL,PA,3
MEMS,PA,12
MF,PA,12
ML,PA,12
MLAAH,PA,12
MLAEM,PA,12
MLAIG,PA,12
MLARD,PA,12
MLAZR,PA,12
MLBIO,PA,12
MLBSP,PA,12
MLCAC,PA,12
MLCFD,PA,12
MLCFM,PA,12
MLCHE,PA,4
MLCLP,PA,7
MLCMB,PA,5
MLCNT,PA,12
MLCOR,PA,12
MLEFA,PA,12
MLFIR,PA,12
MLGAI,PA,12
MLGRC,PA,12
MLHBB,PA,12
MLHBP,PA,12
MLHCF,PA,12
MLHIN,PA,12
MLHK,PA,12
MLHMC,PA,10
MLHOT,PA,12
MLHYE,PA,12
MLIDS,PA,12
MLIFS,PA,12
MLINA,PA,12
MLIRF,PA,12
MLLCB,PA,12
MLMFI,PA,12
MLNOV,PA,12
MLOCT,PA,7
MLODT,PA,12
MLONL,PA,6
MLPLC,PA,12
MLPRE,PA,12
MLPRI,PA,12
MLSCI,PA,12
MLSEQ,PA,12
MLSRP,PA,12
MLUAV,PA,12
MLVIE,PA,12
MLVIN,PA,12
MLWRS,PA,12
MLZAM,PA,3
MMB,PA,12
MMT,PA,12
MRN,PA,12
MTU,PA,12
NACON,PA,3
NAE,PA,12
NANO,PA,12
NEX,PA,12
NK,PA,12
NRG,PA,12
NRO,PA,12
NXI,PA,12
ODET,PA,12
OPM,PA,12
OR,PA,12
ORA,PA,12
OREGE,PA,12
ORIA,PA,9
OSE,PA,12
OVH,PA,8
PAR,PA,12
PARP,PA,10
PARRO,PA,12
PAT,PA,12
PERR,PA,12
PEUG,PA,12
PIG,PA,12
PLNW,PA,6
PLX,PA,8
POMRY,PA,12
POXEL,PA,12
PRC,PA,12
PUB,PA,12
PVL,PA,9
QDT,PA,1
RBO,PA,12
RBT,PA,12
RCO,PA,3
RF,PA,12
RI,PA,6
RMS,PA,12
RNO,PA,12
RUI,PA,12
RXL,PA,12
S30,PA,12
SABE,PA,12
SACI,PA,9
SAF,PA,12
SAMS,PA,12
SAN,PA,12
SAVE,PA,12
SBT,PA,3
SCHP,PA,12
SCR,PA,12
SDG,PA,12
SEFER,PA,12
SESG,PA,12
SFCA,PA,10
SFPI,PA,12
SGO,PA,12
SIGHT,PA,12
SK,PA,12
SMCP,PA,12
SOI,PA,3
SOP,PA,12
SPEL,PA,12
SPIE,PA,12
SRP,PA,12
STF,PA,12
STMPA,PA,12
SU,PA,12
SW,PA,8
SWP,PA,12
TBSO,PA,12
TE,PA,12
TEP,PA,12
TFF,PA,4
TFI,PA,12
THEP,PA,12
TKO,PA,12
TNG,PA,12
TRACT,PA,9
TRI,PA,8
TTE,PA,12
TVRB,PA,10
UBI,PA,3
VAC,PA,9
VANTI,PA,12
VCT,PA,12
VETO,PA,12
VIE,PA,12
VIL,PA,12
VIRI,PA,12
VIRP,PA,12
VIV,PA,12
VK,PA,12
VLA,PA,12
VLTSA,PA,12
VMX,PA,12
VRLA,PA,12
VU,PA,12
WAGA,PA,12
WAVE,PA,3
WLN,PA,12
XFAB,PA,12
YOUNI,PA,12
ABBN,SWX,12
ABTC,SWX,12
ACLN,SWX,12
ADEN,SWX,12
AERO,SWX,12
AEVS,SWX,12
ALC,SWX,12
ALLN,SWX,12
ALPN,SWX,12
ALSN,SWX,12
AMRZ,SWX,12
AMS,SWX,12
APGN,SWX,12
ARBN,SWX,12
ARYN,SWX,7
ASCN,SWX,12
AUTN,SWX,12
AVOL,SWX,12
BAER,SWX,12
BANB,SWX,12
BARN,SWX,8
BBN,SWX,12
BCGE,SWX,12
BCHN,SWX,3
BCJ,SWX,12
BCVN,SWX,12
BEAN,SWX,12
BEKN,SWX,12
BELL,SWX,12
BION,SWX,12
BIOV,SWX,12
BKW,SWX,12
BLKB,SWX,12
BOSN,SWX,12
BRKN,SWX,12
BSKP,SWX,12
BSLN,SWX,12
BUCN,SWX,12
BVZN,SWX,12
BYS,SWX,12
CALN,SWX,12
CFR,SWX,3
CFT,SWX,12
CHAM,SWX,12
CICN,SWX,12
CLN,SWX,12
CLTN,SWX,12
CMBN,SWX,12
CNTL,SWX,12
COPN,SWX,12
COTN,SWX,12
CPHN,SWX,12
CURN,SWX,12
DAE,SWX,12
DESN,SWX,3
DKSH,SWX,12
DOCM,SWX,12
DOKA,SWX,6
EFGN,SWX,12
ELMN,SWX,12
EMMN,SWX,12
EMSN,SWX,12
EPH,SWX,12
EPIC,SWX,12
FHZN,SWX,12
FORN,SWX,12
FREN,SWX,12
FTON,SWX,12
GALD,SWX,12
GALE,SWX,12
GAV,SWX,3
GEBN,SWX,12
GF,SWX,12
GIVN,SWX,12
GLKBN,SWX,12
GOOD,SWX,12
GRKP,SWX,12
GURN,SWX,12
HBAN,SWX,12
HBLN,SWX,12
HBMN,SWX,3
HIAG,SWX,12
HLEE,SWX,12
HOLN,SWX,12
HUBN,SWX,12
IDIA,SWX,12
IFCN,SWX,12
IMHE,SWX,12
IMPN,SWX,12
INRN,SWX,12
IREN,SWX,12
ISN,SWX,12
JFN,SWX,12
KARN,SWX,12
KLIN,SWX,3
KNIN,SWX,12
KOMN,SWX,12
KURN,SWX,12
LAND,SWX,3
LECN,SWX,12
LEHN,SWX,3
LEON,SWX,12
LISN,SWX,12
LLBN,SWX,12
LMN,SWX,12
LOGN,SWX,3
LONN,SWX,12
LUKN,SWX,12
MCHN,SWX,12
MED,SWX,12
MEDX,SWX,12
METN,SWX,12
MFSP,SWX,12
MIKN,SWX,12
MOBN,SWX,12
MOLN,SWX,12
MOVE,SWX,12
MOZN,SWX,12
MTG,SWX,12
NEAG,SWX,12
NESN,SWX,12
NOVN,SWX,12
NREN,SWX,12
NWRN,SWX,12
OERL,SWX,12
OFN,SWX,12
ORON,SWX,12
PEAN,SWX,12
PEHN,SWX,3
PGHN,SWX,12
PLAN,SWX,12
PMN,SWX,12
PPGN,SWX,12
PSCF,SWX,12
PSPN,SWX,12
PSREF,SWX,12
REHN,SWX,12
RIEN,SWX,12
ROP,SWX,12
RSGN,SWX,4
SANN,SWX,12
SCHN,SWX,12
SCMN,SWX,12
SDZ,SWX,12
SENS,SWX,12
SFPN,SWX,12
SFSN,SWX,12
SFZN,SWX,12
SGKN,SWX,12
SGSN,SWX,12
SIGN,SWX,12
SIKA,SWX,12
SKAN,SWX,12
SLHN,SWX,12
SMG,SWX,12
SNBN,SWX,12
SOON,SWX,3
SPSN,SWX,12
SQN,SWX,12
SRAIL,SWX,12
SREF,SWX,12
SREN,SWX,12
STGN,SWX,12
STMN,SWX,12
SUN,SWX,12
SUNN,SWX,12
SWON,SWX,12
SWTQ,SWX,12
TECN,SWX,12
TEMN,SWX,12
TIBN,SWX,10
TKBP,SWX,12
TXGN,SWX,12
UBSG,SWX,12
UHR,SWX,12
VACN,SWX,12
VAHN,SWX,12
VARN,SWX,12
VATN,SWX,12
VBSN,SWX,12
VETN,SWX,12
VONN,SWX,12
VPBN,SWX,12
VZN,SWX,12
VZUG,SWX,12
WARN,SWX,12
WKBN,SWX,12
XLS,SWX,12
YPSN,SWX,3
ZEHN,SWX,12
ZUBN,SWX,3
ZUGER,SWX,12
ZUGN,SWX,12
ZURN,SWX,12
ADKO,VI,12
AGR,VI,2
AMAG,VI,12
ANDR,VI,12
ATH,VI,12
ATS,VI,3
BG,VI,12
BHD,VI,9
BIO,VI,1
BKS,VI,12
BMAG,VI,12
BTS,VI,12
CAI,VI,12
CPI,VI,12
DOC,VI,3
EBS,VI,12
EIOS,VI,12
ETS,VI,12
EVN,VI,9
FACC,VI,12
FKA,VI,12
FLU,VI,12
GAGS,VI,3
HRX5,VI,12
HUI,VI,12
K2G,VI,12
KTCG,VI,3
LNZ,VI,12
LTH,VI,12
MAN,VI,12
MARI,VI,12
MMK,VI,12
OBS,VI,12
OMV,VI,12
PAL,VI,12
POS,VI,12
POST,VI,12
PYT,VI,12
RAT,VI,12
RBI,VI,12
ROS,VI,12
SBO,VI,12
SEM,VI,12
STR,VI,12
SWUT,VI,12
TKA,VI,12
UBS,VI,12
UQA,VI,12
VER,VI,12
VIG,VI,12
VOE,VI,3
WIE,VI,12
WOL,VI,4
WPB,VI,12
WXF,VI,12
ZAG,VI,4
1AST,XETRA,12
1COV,XETRA,12
1INN,XETRA,12
1SXP,XETRA,6
1U1,XETRA,12
2GB,XETRA,12
2HRA,XETRA,12
4DS,XETRA,12
4X0,XETRA,12
7V0,XETRA,12
8TRA,XETRA,12
93M1,XETRA,12
A1OS,XETRA,9
A7A,XETRA,12
AAD,XETRA,12
AAG,XETRA,12
AB9,XETRA,12
ABO,XETRA,12
ACT,XETRA,12
ADE,XETRA,12
ADS,XETRA,12
ADV,XETRA,12
AEIN,XETRA,12
AFX,XETRA,9
AG1,XETRA,12
AIXA,XETRA,12
AJ91,XETRA,12
ALG,XETRA,12
ALV,XETRA,12
AMV0,XETRA,12
AOF,XETRA,12
AT1,XETRA,12
B7E,XETRA,12
BAS,XETRA,12
BAYN,XETRA,12
BC8,XETRA,12
BDT,XETRA,9
BEI,XETRA,12
BEZ,XETRA,12
BFSA,XETRA,12
BIJ,XETRA,12
BKHT,XETRA,12
BMW,XETRA,12
BNN,XETRA,9
BNR,XETRA,12
BOG,XETRA,12
BOSS,XETRA,12
BRNK,XETRA,12
BSL,XETRA,12
BST,XETRA,3
BVB,XETRA,6
BWB,XETRA,12
BYW,XETRA,12
CA1,XETRA,12
CBK,XETRA,12
CCAP,XETRA,12
CEA,XETRA,12
CEC,XETRA,9
CEK,XETRA,5
CGX,XETRA,12
CHG,XETRA,12
COK,XETRA,12
CON,XETRA,12
CSH,XETRA,12
CWC,XETRA,12
CYR,XETRA,12
D6H,XETRA,9
D77,XETRA,12
DAM,XETRA,12
DAR,XETRA,12
DB1,XETRA,12
DBAN,XETRA,9
DBK,XETRA,12
DEF,XETRA,12
DEQ,XETRA,12
DEX,XETRA,12
DEZ,XETRA,12
DHER,XETRA,12
DHL,XETRA,12
DIE,XETRA,12
DMP,XETRA,12
DMRE,XETRA,12
DOU,XETRA,9
DR0,XETRA,12
DRW3,XETRA,12
DTE,XETRA,12
DTG,XETRA,12
DUE,XETRA,12
DWNI,XETRA,12
DWS,XETRA,12
EBK,XETRA,12
ECK,XETRA,12
ED4,XETRA,12
EDL,XETRA,9
EIN,XETRA,12
EKT,XETRA,12
ELG,XETRA,12
ENR,XETRA,9
EOAN,XETRA,12
ERAG,XETRA,12
ETG,XETRA,12
EUZ,XETRA,12
EVAC,XETRA,3
EVD,XETRA,12
EVK,XETRA,12
EVT,XETRA,12
EXJ0,XETRA,12
EXL,XETRA,12
F3C,XETRA,12
FAA,XETRA,3
FC9,XETRA,12
FEV,XETRA,6
FIE,XETRA,12
FME,XETRA,12
FNTN,XETRA,12
FPE3,XETRA,12
FQT,XETRA,12
FRA,XETRA,12
FRE,XETRA,12
FTK,XETRA,12
FYB,XETRA,12
G1A,XETRA,12
G24,XETRA,12
GBF,XETRA,12
GEPH,XETRA,12
GFG,XETRA,12
GFT,XETRA,12
GIL,XETRA,12
GLJ,XETRA,12
GMM,XETRA,12
GSC1,XETRA,12
GXI,XETRA,11
GYC,XETRA,12
H2A,XETRA,12
H2O,XETRA,12
H9W,XETRA,12
HAG,XETRA,12
HAW,XETRA,12
HBH,XETRA,2
HDD,XETRA,3
HEI,XETRA,12
HEN3,XETRA,12
HFG,XETRA,12
HHFA,XETRA,12
HIGH,XETRA,12
HLAG,XETRA,12
HLE,XETRA,5
HLG,XETRA,12
HMU,XETRA,12
HNL,XETRA,9
HNR1,XETRA,12
HOT,XETRA,12
HP3A,XETRA,12
HPHA,XETRA,11
HRPK,XETRA,12
HTG,XETRA,12
HYQ,XETRA,12
IBU,XETRA,12
IFX,XETRA,9
ILM1,XETRA,12
INH,XETRA,12
INS,XETRA,12
IOS,XETRA,12
IVU,XETRA,12
IXX,XETRA,12
JDC,XETRA,12
JEN,XETRA,12
JST,XETRA,12
KBX,XETRA,12
KCO,XETRA,12
KGX,XETRA,12
KRN,XETRA,12
KSB,XETRA,12
KTA,XETRA,12
KTN,XETRA,12
KWG,XETRA,12
KWS,XETRA,6
LEG,XETRA,12
LEI,XETRA,12
LHA,XETRA,12
LIK,XETRA,12
LPK,XETRA,12
LQAG,XETRA,12
LUS1,XETRA,12
LXS,XETRA,12
M12,XETRA,12
M3V,XETRA,9
M7U,XETRA,12
MBB,XETRA,12
MBG,XETRA,12
MBK,XETRA,12
MED,XETRA,12
MEUR,XETRA,12
MLL,XETRA,12
MLP,XETRA,12
MPCK,XETRA,12
MRK,XETRA,12
MRX,XETRA,12
MSAG,XETRA,12
MTX,XETRA,12
MUB,XETRA,12
MUM,XETRA,12
MUV2,XETRA,12
MUX,XETRA,12
MVV1,XETRA,9
MWB0,XETRA,12
MXHN,XETRA,12
N4G0,XETRA,12
NA9,XETRA,12
NB2,XETRA,12
NBG6,XETRA,12
NCH2,XETRA,9
NDA,XETRA,9
NDX1,XETRA,12
NEM,XETRA,12
NF4,XETRA,12
NFN,XETRA,12
NOEJ,XETRA,12
NTG,XETRA,12
NVM,XETRA,3
NWX,XETRA,12
O5G,XETRA,12
OBCK,XETRA,12
OBS,XETRA,12
OHB,XETRA,12
OT8,XETRA,12
P4O,XETRA,12
P911,XETRA,12
PAH3,XETRA,12
PAL,XETRA,12
PAT,XETRA,12
PBB,XETRA,12
PCZ,XETRA,12
PEH,XETRA,12
PFSE,XETRA,12
PFV,XETRA,12
PNE3,XETRA,12
PSAN,XETRA,12
PSM,XETRA,12
PTHH,XETRA,12
PTP,XETRA,12
PUM,XETRA,12
PWO,XETRA,12
PZS,XETRA,12
QB7,XETRA,12
QBY0,XETRA,12
R3NK,XETRA,12
RAA,XETRA,12
RDC,XETRA,12
RHK,XETRA,12
RHM,XETRA,12
RRTL,XETRA,12
RSL2,XETRA,12
RWE,XETRA,12
S188,XETRA,12
S92,XETRA,12
SAP,XETRA,12
SAX,XETRA,12
SB1,XETRA,12
SBS,XETRA,12
SDF,XETRA,12
SFQ,XETRA,12
SGL,XETRA,12
SHA0,XETRA,12
SHF,XETRA,12
SHL,XETRA,9
SIE,XETRA,9
SIS,XETRA,12
SIX2,XETRA,12
SJJ,XETRA,11
SKB,XETRA,12
SMHN,XETRA,12
SNG,XETRA,12
SPG,XETRA,12
SRAG,XETRA,12
SRT3,XETRA,12
ST5,XETRA,12
STM,XETRA,9
STO3,XETRA,12
SUR,XETRA,12
SVE,XETRA,12
SWA,XETRA,6
SY1,XETRA,12
SZG,XETRA,12
SZU,XETRA,2
TEG,XETRA,12
TGHN,XETRA,12
TIMA,XETRA,12
TKA,XETRA,9
TKMS,XETRA,12
TLX,XETRA,12
TMV,XETRA,12
TNIE,XETRA,12
TPE,XETRA,12
TPG0,XETRA,12
TTK,XETRA,12
TTR1,XETRA,12
TUI1,XETRA,9
UBK,XETRA,12
UN0,XETRA,12
UTDI,XETRA,12
UUU,XETRA,12
UZU,XETRA,12
V1NC,XETRA,12
V3V,XETRA,12
V6C,XETRA,12
VBK,XETRA,6
VBTC,XETRA,12
VH2,XETRA,12
VIB3,XETRA,12
VIH1,XETRA,12
VME,XETRA,12
VNA,XETRA,12
VOS,XETRA,12
VOTR,XETRA,12
VOW3,XETRA,12
VRV,XETRA,12
VVV3,XETRA,12
WAC,XETRA,12
WAF,XETRA,12
WCH,XETRA,12
WEW,XETRA,12
WOLF,XETRA,12
WSU,XETRA,12
WUW,XETRA,12
XK4,XETRA,12
XTP,XETRA,9
YSN,XETRA,12
Z29,XETRA,12
ZAL,XETRA,12
ZIL2,XETRA,12
ZN2,XETRA,12
NVDA,NasdaqGS,1
GOOGL,NasdaqGS,12
AAPL,NasdaqGS,9
MSFT,NasdaqGS,6
AMZN,NasdaqGS,12
AVGO,NasdaqGS,11
TSLA,NasdaqGS,12
META,NasdaqGS,12
MU,NasdaqGS,8
BRK.A,NYSE,12
LLY,NYSE,12
WMT,NasdaqGS,1
AMD,NasdaqGS,12
JPM,NYSE,12
ORCL,NYSE,5
V,NYSE,9
XOM,NYSE,12
INTC,NasdaqGS,12
JNJ,NYSE,12
CSCO,NasdaqGS,7
MA,NYSE,12
COST,NasdaqGS,8
CAT,NYSE,12
LRCX,NasdaqGS,6
ABBV,NYSE,12
ARM,NasdaqGS,3
PLTR,NasdaqGS,12
BAC,NYSE,12
NFLX,NasdaqGS,12
CVX,NYSE,12
AMAT,NasdaqGS,10
UNH,NYSE,12
KO,NYSE,12
GE,NYSE,12
PG,NYSE,6
MS,NYSE,12
HD,NYSE,2
GS,NYSE,12
MRK,NYSE,12
BABA,NYSE,3
IBM,NYSE,12
TXN,NasdaqGS,12
PM,NYSE,12
DELL,NYSE,1
QCOM,NasdaqGS,9
GEV,NYSE,12
KLAC,NasdaqGS,6
SNDK,NasdaqGS,6
RTX,NYSE,12
WFC,NYSE,12
LIN,NasdaqGS,12
PANW,NasdaqGS,7
AXP,NYSE,12
C,NYSE,12
APP,NasdaqGS,12
TMUS,NasdaqGS,12
ADI,NasdaqGS,11
ANET,NYSE,12
VZ,NYSE,12
STX,NasdaqGS,6
MCD,NYSE,12
PEP,NasdaqGS,12
CRWD,NasdaqGS,1
WDC,NasdaqGS,6
TMO,NYSE,12
APH,NYSE,12
BA,NYSE,12
AMGN,NasdaqGS,12
NEE,NYSE,12
MRVL,NasdaqGS,1
DIS,NYSE,9
T,NYSE,12
TJX,NYSE,1
GILD,NasdaqGS,12
BLK,NYSE,12
SCCO,NYSE,12
CRM,NYSE,1
UNP,NYSE,12
GLW,NYSE,12
ETN,NYSE,12
SHOP,NasdaqGS,12
SCHW,NYSE,12
GLD,ARCA,12
HON,NasdaqGS,12
ISRG,NasdaqGS,12
PFE,NYSE,12
ABT,NYSE,12
DE,NYSE,11
WELL,NYSE,12
UBER,NYSE,12
COP,NYSE,12
PLD,NYSE,12
BKNG,NasdaqGS,12
DHR,NYSE,12
NOW,NYSE,12
SPGI,NYSE,12
LMT,NYSE,12
VRT,NYSE,12
CB,NYSE,12
LOW,NYSE,1
PDD,NasdaqGS,12
NEM,NYSE,12
SYK,NYSE,12
COF,NYSE,12
BMY,NYSE,12
MO,NYSE,12
CVS,NYSE,12
ACN,NYSE,8
VRTX,NasdaqGS,12
SBUX,NasdaqGS,9
PGR,NYSE,12
PWR,NYSE,12
PH,NYSE,6
EQIX,NasdaqGS,12
ADBE,NasdaqGS,11
CEG,NasdaqGS,12
SO,NYSE,12
CDNS,NasdaqGS,12
HWM,NYSE,12
SPOT,NYSE,12
FTNT,NasdaqGS,12
TT,NYSE,12
CME,NasdaqGS,12
MAR,NasdaqGS,12
FDX,NYSE,5
BNY,NYSE,12
DUK,NYSE,12
NFTN,OTCPK,10
MDT,NYSE,4
FCX,NYSE,12
GD,NYSE,12
BX,NYSE,12
AEM,NYSE,12
SNPS,NasdaqGS,10
UPS,NYSE,12
INTU,NasdaqGS,7
MCK,NYSE,3
CMI,NYSE,12
CMCSA,NasdaqGS,12
PNC,NYSE,12
ADP,NasdaqGS,6
SNOW,NYSE,1
DDOG,NasdaqGS,12
WMB,NYSE,12
AMT,NYSE,12
MNST,NasdaqGS,12
KKR,NYSE,12
MELI,NasdaqGS,12
NET,NYSE,12
ELV,NYSE,12
USB,NYSE,12
HOOD,NasdaqGS,12
WM,NYSE,12
CSX,NasdaqGS,12
HCA,NYSE,12
ICE,NYSE,12
RKLB,NasdaqGS,12
CIEN,NYSE,11
JCI,NYSE,9
SLB,NYSE,12
NXPI,NasdaqGS,12
BE,NYSE,12
EMR,NYSE,9
NOC,NYSE,12
MMM,NYSE,12
EPD,NYSE,12
MCO,NYSE,12
ABNB,NasdaqGS,12
MDLZ,NasdaqGS,12
MRSH,NYSE,12
MPWR,NasdaqGS,12
RCL,NYSE,12
GM,NYSE,12
ROST,NasdaqGS,1
HLT,NYSE,12
SHW,NYSE,12
APO,NYSE,12
CI,NYSE,12
VLO,NYSE,12
CRH,NYSE,12
MPC,NYSE,12
CL,NYSE,12
ECL,NYSE,12
ORLY,NasdaqGS,12
BSX,NYSE,12
ITW,NYSE,12
EOG,NYSE,12
COHR,NYSE,6
PSX,NYSE,12
TDG,NYSE,9
IAU,ARCA,12
F,NYSE,12
DASH,NasdaqGS,12
KMI,NYSE,12
AEP,NasdaqGS,12
CTAS,NasdaqGS,5
NSC,NYSE,12
NKE,NYSE,5
WBD,NasdaqGS,12
AON,NYSE,12
MSI,NYSE,12
DLR,NYSE,12
LITE,NasdaqGS,6
SPG,NYSE,12
ET,NYSE,12
FIX,NYSE,12
NU,NYSE,12
BKR,NasdaqGS,12
REGN,NasdaqGS,12
URI,NYSE,12
TEL,NYSE,9
TRV,NYSE,12
APD,NYSE,9
RSG,NYSE,12
TFC,NYSE,12
CRWV,NasdaqGS,12
NBIS,NasdaqGS,12
D,NYSE,12
ALAB,NasdaqGS,12
LHX,NYSE,1
TER,NasdaqGS,12
GWW,NYSE,12
SRE,NYSE,12
PCAR,NasdaqGS,12
KEYS,NYSE,10
TGT,NYSE,1
AFL,NYSE,12
O,NYSE,12
HPE,NYSE,10
NUE,NYSE,12
OXY,NYSE,12
MSTR,NasdaqGS,12
MPLX,NYSE,12
SE,NYSE,12
FLEX,NasdaqGS,3
TRGP,NYSE,12
VST,NYSE,12
DAL,NYSE,12
FANG,NasdaqGS,12
PSA,NYSE,12
MET,NYSE,12
ALL,NYSE,12
CARR,NYSE,12
OKE,NYSE,12
COR,NYSE,9
CTVA,NYSE,12
NDAQ,NasdaqGS,12
CVNA,NYSE,12
CBRS,NasdaqGS,12
AME,NYSE,12
AJG,NYSE,12
DVN,NYSE,12
MCHP,NasdaqGS,3
FAST,NasdaqGS,12
EA,NasdaqGS,3
ROK,NYSE,9
ETR,NYSE,12
COIN,NasdaqGS,12
EW,NYSE,12
XEL,NasdaqGS,12
AU,NYSE,12
ADSK,NasdaqGS,1
EBAY,NasdaqGS,12
AZO,NYSE,8
ON,NasdaqGS,12
LNG,NYSE,12
ODFL,NasdaqGS,12
EXC,NasdaqGS,12
CAH,NYSE,6
BIDU,NasdaqGS,12
MSCI,NYSE,12
AFIP.A,OTCPK,12
FITB,NasdaqGS,12
GRMN,NYSE,12
XYZ,NYSE,12
IDXX,NasdaqGS,12
WAB,NYSE,12
GFS,NasdaqGS,12
FERG,NYSE,12
CRDO,NasdaqGS,5
STT,NYSE,12
DHI,NYSE,9
TTWO,NasdaqGS,3
HEI,NYSE,10
TEVA,NYSE,12
VIK,NYSE,12
RKT,NYSE,12
VTR,NYSE,12
CMG,NYSE,12
KDP,NasdaqGS,12
YUM,NYSE,12
FNMA,OTCPK,12
BDX,NYSE,9
ALNY,NasdaqGS,12
PHYM.F,OTCPK,12
AMP,NYSE,12
CCI,NYSE,12
TQQQ,NasdaqGM,12
PYPL,NasdaqGS,12
HSY,NYSE,12
AIG,NYSE,12
PEG,NYSE,12
LYV,NYSE,12
JD,NasdaqGS,12
ED,NYSE,12
CCL,NYSE,11
IBKR,NasdaqGS,12
JBL,NYSE,8
ADM,NYSE,12
A,NYSE,10
IRM,NYSE,12
KR,NYSE,1
WCN,NYSE,12
WAT,NYSE,12
STLD,NasdaqGS,12
SATS,NasdaqGS,12
UAL,NasdaqGS,12
SLV,ARCA,12
EME,NYSE,12
VMC,NYSE,12
HUM,NYSE,12
CBRE,NYSE,12
SYY,NYSE,6
WEC,NYSE,12
AXON,NasdaqGS,12
WDAY,NasdaqGS,1
PCG,NYSE,12
UI,NYSE,6
PRU,NYSE,12
MLM,NYSE,12
CBOE,BATS,12
HIG,NYSE,12
PAYX,NasdaqGS,8
NTAP,NasdaqGS,4
EQT,NYSE,12
RDDT,NYSE,12
ASTS,NasdaqGS,12
RBLX,NYSE,12
LVS,NYSE,12
RVMD,NasdaqGS,12
KVUE,NYSE,12
HBAN,NasdaqGS,12
FSLR,NasdaqGS,12
ROP,NasdaqGS,12
Q,NYSE,12
ZTS,NYSE,12
HAL,NYSE,12
KMB,NasdaqGS,12
EL,NYSE,6
SUNB,NYSE,4
ONC,NasdaqGS,12
NTRA,NasdaqGS,12
MTB,NYSE,12
ACGL,NasdaqGS,12
GLDM,ARCA,12
MDLN,NasdaqGS,12
VICI,NYSE,12
NTRS,NasdaqGS,12
EXR,NYSE,12
IQV,NYSE,12
CPRT,NasdaqGS,7
FISV,NasdaqGS,12
VG,NYSE,12
AEE,NYSE,12
TCOM,NasdaqGS,12
CPNG,NYSE,12
ZM,NasdaqGS,1
DTE,NYSE,12
MTZ,NYSE,12
CNC,NYSE,12
TPR,NYSE,6
FICO,NYSE,9
ARES,NYSE,12
BIIB,NasdaqGS,12
TWLO,NYSE,12
TSEM,NasdaqGS,12
TDY,NYSE,12
CQP,NYSE,12
KHC,NasdaqGS,12
DOV,NYSE,12
DXCM,NasdaqGS,12
VEEV,NYSE,1
GEHC,NasdaqGS,12
CASY,NasdaqGS,4
NRG,NYSE,12
ATO,NYSE,9
CRCL,NYSE,12
IR,NYSE,12
RJF,NYSE,9
MTSI,NasdaqGS,10
SMCI,NasdaqGS,6
CNP,NYSE,12
RMD,NYSE,6
CW,NYSE,12
TEAM,NasdaqGS,6
FTI,NYSE,12
BAP,NYSE,12
OTIS,NYSE,12
TPL,NYSE,12
EXPE,NasdaqGS,12
NVT,NYSE,12
MDB,NasdaqGM,1
EIX,NYSE,12
IONQ,NYSE,12
FE,NYSE,12
FTAI,NasdaqGS,12
PPL,NYSE,12
CTSH,NasdaqGS,12
STRL,NasdaqGS,12
P,NYSE,2
CFG,NYSE,12
JBHT,NasdaqGS,12
XYL,NYSE,12
VRSN,NasdaqGS,12
QSR,NYSE,12
AVB,NYSE,12
ES,NYSE,12
FOXA,NasdaqGS,6
PPG,NYSE,12
XPO,NYSE,12
HUBB,NYSE,12
WRB,NYSE,12
HPQ,NYSE,10
RPRX,NasdaqGS,12
AFRM,NasdaqGS,6
ILMN,NasdaqGS,12
SQM,NYSE,12
EQR,NYSE,12
DG,NYSE,1
CINF,NasdaqGS,12
DOW,NYSE,12
BNTX,NasdaqGS,12
AWK,NYSE,12
SYF,NYSE,12
WSM,NYSE,2
BG,NYSE,12
ATI,NYSE,12
STZ,NYSE,2
RF,NYSE,12
MTD,NYSE,12
CPAY,NYSE,12
UTHR,NasdaqGS,12
WTW,NasdaqGS,12
NXT,NasdaqGS,3
FN,NYSE,6
SOFI,NasdaqGS,12
DRI,NYSE,5
CRS,NYSE,6
INSM,NasdaqGS,12
KEY,NYSE,12
VRSK,NasdaqGS,12
ROL,NYSE,12
WST,NYSE,12
MKL,NYSE,12
IREN,NasdaqGS,6
FCNC.A,NasdaqGS,12
CHD,NYSE,12
KOF,NYSE,12
ZS,NasdaqGS,7
FWON.K,NasdaqGS,12
PHM,NYSE,12
CMS,NYSE,12
TROW,NasdaqGS,12
PFG,NasdaqGS,12
DLTR,NasdaqGS,1
EXE,NasdaqGS,12
FIS,NYSE,12
ULTA,NasdaqGS,1
NI,NYSE,12
LEN,NYSE,11
AER,NYSE,12
MKSI,NasdaqGS,12
LPLA,NasdaqGS,12
MAIR,NYSE,12
AKAM,NasdaqGS,12
RL,NYSE,3
FFIV,NasdaqGS,9
DGX,NYSE,12
ROIV,NasdaqGS,3
SW,NYSE,12
SBAC,NasdaqGS,12
LYB,NYSE,12
TSN,NYSE,9
OKTA,NasdaqGS,1
TW,NasdaqGS,12
LH,NYSE,12
L,NYSE,12
ENTG,NasdaqGS,12
CHRW,NasdaqGS,12
SNX,NYSE,11
LUV,NYSE,12
RIVN,NasdaqGS,12
WWD,NasdaqGS,9
ALB,NYSE,12
STE,NYSE,3
OMC,NYSE,12
AS,NYSE,12
EXPD,NYSE,12
GPN,NYSE,12
AA,NYSE,12
FMCC,OTCPK,12
IOT,NYSE,1
DKS,NYSE,1
VLTO,NYSE,12
LSCC,NasdaqGS,1
BURL,NYSE,1
ULS,NYSE,12
CDE,NYSE,12
RBA,NYSE,12
EFX,NYSE,12
DD,NYSE,12
RS,NYSE,12
IFF,NYSE,12
PKG,NYSE,12
INCY,NasdaqGS,12
SNA,NYSE,1
ROKU,NasdaqGS,12
BEKE,NYSE,12
FDXF.WI,NYSE,12
BRO,NYSE,12
RGLD,NasdaqGS,12
VTRS,NasdaqGS,12
EVRG,NasdaqGS,12
SITM,NasdaqGM,12
MRNA,NasdaqGS,12
LNT,NasdaqGS,12
ARXS,NasdaqGS,12
WBHC,OTCPK,12
PL,NYSE,1
GIS,NYSE,5
RBC,NYSE,3
TTMI,NasdaqGS,12
USFD,NYSE,12
BWXT,NYSE,12
AMCR,NYSE,6
BIP,NYSE,12
FTV,NYSE,12
BR,NYSE,6
APG,NYSE,12
IP,NYSE,12
CHTR,NasdaqGS,12
WY,NYSE,12
WCC,NYSE,12
TLN,NasdaqGS,12
ESS,NYSE,12
LII,NYSE,12
ITT,NYSE,12
INVH,NYSE,12
CF,NYSE,12
SN,NYSE,12
AMKR,NasdaqGS,12
GH,NasdaqGS,12
KSPI,NasdaqGS,12
H,NYSE,12
ZTO,NYSE,12
WES,NYSE,12
FLUT,NYSE,12
EWBC,NasdaqGS,12
WPC,NYSE,12
TSCO,NasdaqGS,12
NVR,NYSE,12
WMG,NasdaqGS,9
BBY,NYSE,1
PHYS,ARCA,12
GNRC,NYSE,12
CG,NasdaqGS,12
DOCN,NYSE,12
SSNC,NasdaqGS,12
KIM,NYSE,12
RBRK,NYSE,1
BEN,NYSE,9
PR,NYSE,12
LDOS,NYSE,1
CDW,NasdaqGS,12
PTC,NasdaqGS,9
NLY,NYSE,12
NDSN,NasdaqGS,10
NVMI,NasdaqGS,12
TXT,NYSE,1
ZBH,NYSE,12
NBIX,NasdaqGS,12
PS,NYSE,12
PAA,NasdaqGS,12
DIDI.Y,OTCPK,12
DECK,NYSE,3
OVV,NYSE,12
HST,NasdaqGS,12
RMBS,NasdaqGS,12
XPEV,NYSE,12
IEX,NYSE,12
GEN,NasdaqGS,4
LAMR,NasdaqGS,12
PFGC,NYSE,6
TKO,NYSE,12
PSLV,ARCA,12
DY,NYSE,1
LI,NasdaqGS,12
VICR,NasdaqGS,12
SUI,NYSE,12
BNT,NYSE,12
WSO,NYSE,12
THC,NYSE,12
TOST,NYSE,12
MAA,NYSE,12
LULU,NasdaqGS,2
NWSA,NasdaqGS,6
SGI,NYSE,12
CLH,NYSE,12
JAZZ,NasdaqGS,12
BWA,NYSE,12
MOD,NYSE,3
PNFP,NYSE,12
FUTU,NasdaqGM,12
BALL,NYSE,12
TME,NYSE,12
GRAB,NasdaqGS,12
YUMC,NYSE,12
QLD,ARCA,12
AUR,NasdaqGS,12
APTV,NYSE,12
DTM,NYSE,12
TIGO,NasdaqGS,12
MLI,NYSE,12
SMTC,NasdaqGS,1
LECO,NasdaqGS,12
J,NYSE,9
REG,NasdaqGS,12
NTNX,NasdaqGS,7
HUT,NasdaqGS,12
CHKP,NasdaqGS,12
ARMK,NYSE,10
NIO,NYSE,12
MAS,NYSE,12
OHI,NYSE,12
SANM,NasdaqGS,9
CSL,NYSE,12
ASND,NasdaqGS,12
HTHT,NasdaqGS,12
TRU,NYSE,12
BEPC,NYSE,12
ARCC,NasdaqGS,12
SMMT,NasdaqGM,12
GPC,NYSE,12
RPM,NYSE,5
IESC,NasdaqGM,9
ONON,NYSE,12
APLD,NasdaqGS,5
FIG,NYSE,12
RRX,NYSE,12
SOLS,NasdaqGS,12
JBS,NYSE,12
FPS,NYSE,6
GLPI,NasdaqGS,12
U,NYSE,12
UNM,NYSE,12
PAYP,NasdaqGS,3
TYL,NYSE,12
DOC,NYSE,12
EVR,NYSE,12
RGA,NYSE,12
TRMB,NasdaqGS,1
CSGP,NasdaqGS,12
ALLY,NYSE,12
JLL,NYSE,12
DRS,NasdaqGS,12
SOLV,NYSE,12
BBIO,NasdaqGS,12
TOL,NYSE,10
GWRE,NYSE,7
APA,NasdaqGS,12
ONTO,NYSE,1
EG,NYSE,12
HRL,NYSE,10
MEDP,NasdaqGS,12
FNF,NYSE,12
MKC,NYSE,11
AAOI,NasdaqGM,12
EXEL,NasdaqGS,12
BTSG,NasdaqGS,12
WULF,NasdaqCM,12
CNH,NYSE,12
IONS,NasdaqGS,12
IVZ,NYSE,12
DINO,NYSE,12
FIVE,NasdaqGS,1
SAIA,NasdaqGS,12
ALGN,NasdaqGS,12
GGG,NYSE,12
PEN,NYSE,12
QXO,NYSE,12
DVA,NYSE,12
DT,NYSE,3
SWK,NYSE,1
CRBG,NYSE,12
AIZ,NYSE,12
KNX,NYSE,12
HAS,NasdaqGS,12
NYT,NYSE,12
AVY,NYSE,12
DKNG,NasdaqGS,12
HII,NYSE,12
PNW,NYSE,12
AXSM,NasdaqGM,12
KTOS,NasdaqGS,12
UDR,NYSE,12
ELS,NYSE,12
BF.B,NYSE,12
RNR,NYSE,12
AGNC,NasdaqGS,12
COO,NasdaqGS,10
HL,NYSE,12
ELAN,NYSE,12
GL,NYSE,12
VIAV,NasdaqGS,6
PSKY,NasdaqGS,12
TXRH,NasdaqGS,12
RGC,NasdaqCM,6
LFUS,NasdaqGS,12
WBS,NYSE,12
SWKS,NasdaqGS,10
JOBY,NYSE,12
BLD,NYSE,12
RVTY,NYSE,12
EQH,NYSE,12
OKLO,NYSE,12
ZBRA,NasdaqGS,12
AMH,NYSE,12
COKE,NasdaqGS,12
MP,NYSE,12
FHN,NYSE,12
AEIS,NasdaqGS,12
AAON,NasdaqGS,12
MDGL,NasdaqGS,12
PNR,NYSE,12
MOG.A,NYSE,12
CNA,NYSE,12
GDDY,NYSE,12
CACI,NYSE,6
LUMN,NYSE,12
HUBS,NYSE,12
PINS,NYSE,12
AIT,NYSE,6
ALLE,NYSE,12
MGM,NYSE,12
QBTS,NYSE,12
ERIE,NasdaqGS,12
WLK,NYSE,12
GMED,NYSE,12
AR,NYSE,12
BMRN,NasdaqGS,12
VSAT,NasdaqGS,3
SJM,NYSE,4
PAG,NYSE,12
BMNR,NYSE,8
ARW,NYSE,12
ARWR,NasdaqGS,9
CGNX,NasdaqGS,12
CPT,NYSE,12
BJ,NYSE,1
CLX,NYSE,6
IT,NYSE,12
SPXC,NYSE,12
GSAT,NasdaqGS,12
EGP,NYSE,12
AFG,NYSE,12
JEF,NYSE,11
SF,NYSE,12
GBTC,ARCA,12
SAIL,NasdaqGS,1
WMS,NYSE,3
GMXT.F,OTCPK,12
SEIC,NasdaqGS,12
CR,NYSE,12
CCK,NYSE,12
EHC,NYSE,12
WTRG,NYSE,12
AES,NYSE,12
AVAV,NasdaqGS,4
CYTK,NasdaqGS,12
ICLR,NasdaqGS,12
FRVO,NasdaqGS,12
LKNC.Y,OTCPK,12
SCI,NYSE,12
POWL,NasdaqGS,9
WYNN,NasdaqGS,12
ESI,NYSE,12
FRT,NYSE,12
DPZ,NasdaqGS,12
WTS,NYSE,12
UHAL,NYSE,3
RIOT,NasdaqCM,12
BSY,NasdaqGS,12
DOCU,NasdaqGS,1
SFD,NasdaqGS,12
TTD,NasdaqGM,12
WTFC,NasdaqGS,12
OC,NYSE,12
LINE,NasdaqGS,12
VMI,NYSE,12
PODD,NasdaqGS,12
UMBF,NasdaqGS,12
AM,NYSE,12
GTLS,NYSE,12
SIRI,NasdaqGS,12
HLI,NYSE,3
PRAX,NasdaqGS,12
OGE,NYSE,12
ENSG,NasdaqGS,12
FORM,NasdaqGS,12
R,NYSE,12
BAX,NYSE,12
JKHY,NasdaqGS,6
AAL,NasdaqGS,12
CIFR,NasdaqGS,12
FLS,NYSE,12
CTRE,NYSE,12
FCFS,NasdaqGS,12
FROG,NasdaqGS,12
BPOP,NasdaqGS,12
BXP,NYSE,12
W,NYSE,12
SARO,NYSE,12
ALV,NYSE,12
GME,NYSE,1
DCI,NYSE,7
BAH,NYSE,3
TX,NYSE,12
SNAP,NYSE,12
AHR,NYSE,12
ALSN,NYSE,12
DAR,NYSE,1
CHWY,NYSE,2
SIMO,NasdaqGS,12
BRX,NYSE,12
BVN,NYSE,12
CART,NasdaqGS,12
MUSA,NYSE,12
MASI,NasdaqGS,1
AGX,NYSE,1
CNM,NYSE,2
SSB,NYSE,12
ONB,NasdaqGS,12
DDS,NYSE,1
AYI,NYSE,8
ZION,NasdaqGS,12
RRC,NYSE,12
YMM,NYSE,12
QRVO,NasdaqGS,3
KRYS,NasdaqGS,12
CEF,ARCA,12
TEM,NasdaqGS,12
CUBE,NYSE,12
LLYV.K,NasdaqGS,12
CAVA,NYSE,12
MOH,NYSE,12
MSGS,NYSE,6
ENPH,NasdaqGM,12
PRMB,NYSE,12
SNEX,NasdaqGS,9
ALTB,OTCPK,12
BRKR,NasdaqGS,12
FDS,NYSE,8
LEVI,NYSE,11
ACM,NYSE,9
ALGM,NasdaqGS,3
ORI,NYSE,12
TKR,NYSE,12
ADC,NYSE,12
SUN,NYSE,12
MANH,NasdaqGS,12
UHS,NYSE,12
VNOM,NasdaqGS,12
FRHC,NasdaqCM,3
HSIC,NasdaqGS,12
NUVL,NasdaqGS,12
TTC,NYSE,10
MBLY,NasdaqGS,12
CRL,NYSE,12
EMN,NYSE,12
ARE,NYSE,12
CRUS,NasdaqGS,3
WAL,NYSE,12
COLB,NasdaqGS,12
ICL,NYSE,12
XP,NasdaqGS,12
CORZ,NasdaqGS,12
CFR,NYSE,12
CELH,NasdaqCM,12
RGTI,NasdaqCM,12
NNN,NYSE,12
ORA,NYSE,12
CMC,NYSE,8
MTCH,NasdaqGS,12
NCLH,NYSE,12
PRI,NYSE,12
SSO,ARCA,12
ENS,NYSE,3
MXL,NasdaqGS,12
BIO,NYSE,12
BIRK,NYSE,9
BLDR,NYSE,12
FR,NYSE,12
VFS,NasdaqGS,12
AGCO,NYSE,12
OSK,NYSE,12
TECH,NasdaqGS,6
ZG,NasdaqGS,12
CLUS,OTCPK,12
AMG,NYSE,12
JHG,NYSE,12
BROS,NYSE,12
REXR,NYSE,12
CAMT,NasdaqGM,12
HALO,NasdaqGS,12
IBRX,NasdaqGS,12
ZWS,NYSE,12
AOS,NYSE,12
FIGR,NasdaqGS,12
SSD,NYSE,12
BOKF,NasdaqGS,12
IDA,NYSE,12
SFM,NasdaqGS,12
CLF,NYSE,12
ACI,NYSE,2
FRO,NYSE,12
VLY,NasdaqGS,12
KRMN,NYSE,12
GAP,NYSE,1
CBSH,NasdaqGS,12
MOS,NYSE,12
ECG,NYSE,12
QGEN,NYSE,12
ESE,NYSE,9
KEX,NYSE,12
UGI,NYSE,9
PCOR,NYSE,12
CORT,NasdaqCM,12
WFRD,NasdaqGS,12
FLY,NasdaqGM,12
TAP,NYSE,12
CHRD,NasdaqGS,12
PCVX,NasdaqGS,12
NE,NYSE,12
ATR,NYSE,12
VOYA,NYSE,12
LTH,NYSE,12
SM,NYSE,12
XE,NasdaqGS,12
HQY,NasdaqGS,1
NFG,NYSE,9
EDU,NYSE,5
CWAN,NYSE,12
MYRG,NasdaqGS,12
STAG,NYSE,12
BILI,NasdaqGS,12
JXN,NYSE,12
ST,NYSE,12
RHP,NYSE,12
IAUM,ARCA,12
PLXS,NasdaqGS,9
SLAB,NasdaqGS,1
LEA,NYSE,12
NOV,NYSE,12
TTEK,NasdaqGS,9
AVT,NasdaqGS,6
NEU,NYSE,12
GDS,NasdaqGM,12
CHYM,NasdaqGS,12
VSH,NYSE,12
LUNR,NasdaqGM,12
ALKS,NasdaqGS,12
KNSL,NYSE,12
LSTR,NasdaqGS,12
MIDD,NasdaqGS,1
AXS,NYSE,12
JBTM,NYSE,12
RGEN,NasdaqGS,12
TRNO,NYSE,12
PB,NYSE,12
OWL,NYSE,12
RAL,NYSE,12
MORN,NasdaqGS,12
KLAR,NYSE,12
RIG,NYSE,12
LKQ,NasdaqGS,12
HR,NYSE,12
TTAN,NasdaqGS,1
EXP,NYSE,3
IMVT,NasdaqGS,3
TPG,NasdaqGS,12
QMMM,NasdaqCM,9
VIPS,NYSE,12
PRIM,NYSE,12
CBC,NasdaqGS,12
ESTC,NYSE,4
HXL,NYSE,12
UEC,NYSEAM,7
FAF,NYSE,12
LNC,NYSE,12
AWI,NYSE,12
PPC,NasdaqGS,12
VFC,NYSE,3
MRCY,NasdaqGS,6
KYMR,NasdaqGM,12
OSCR,NYSE,12
DOX,NasdaqGS,9
MTDR,NYSE,12
TEX,NYSE,12
KGS,NYSE,12
LAD,NYSE,12
EPRT,NYSE,12
POOL,NasdaqGS,12
AXTA,NYSE,12
ROAD,NasdaqGS,9
GTES,NYSE,12
AXTI,NasdaqGS,12
TXNM,NYSE,12
ONDS,NasdaqCM,12
MHK,NYSE,12
CENX,NasdaqGS,12
IDCC,NasdaqGS,12
THG,NYSE,12
PAYC,NYSE,12
INGM,NYSE,12
FSS,NYSE,12
NPO,NYSE,12
CELC,NasdaqCM,12
AUGO,NasdaqGS,12
LNTH,NasdaqGM,12
ETSY,NYSE,12
LGN,NasdaqGS,12
VAL,NYSE,12
PTGX,NasdaqGM,12
MSA,NYSE,12
INGR,NYSE,12
FLR,NYSE,12
NVTS,NasdaqGM,12
OMF,NYSE,12
MAC,NYSE,12
SYRE,NasdaqGS,12
CAG,NYSE,5
VNO,NYSE,12
STWD,NYSE,12
KMX,NYSE,2
SGHC,NYSE,12
PSN,NYSE,12
CPB,NasdaqGS,8
RYN,NYSE,12
AN,NYSE,12
DBX,NasdaqGS,12
USAR,NasdaqGM,12
SWX,NYSE,12
AVTR,NYSE,12
ACA,NYSE,12
FNB,NYSE,12
URBN,NasdaqGS,1
CAR,NasdaqGS,12
MIRM,NasdaqGM,12
SNDR,NYSE,12
GBCI,NYSE,12
BZ,NasdaqGS,12
APGE,NasdaqGM,12
PCTY,NasdaqGS,6
CNTA,NasdaqGS,12
COMP,NYSE,12
BYD,NYSE,12
PATH,NYSE,1
GTX,NasdaqGS,12
PTCT,NasdaqGS,12
MSM,NYSE,8
EAT,NYSE,6
VSNT,NasdaqGS,12
CHDN,NasdaqGS,12
GKOS,NYSE,12
RYTM,NasdaqGM,12
HIMS,NYSE,12
LOAR,NYSE,12
WH,NYSE,12
GATX,NYSE,12
CACC,NasdaqGS,12
GVA,NYSE,12
VCX,NYSE,12
COGT,NasdaqGS,12
PEGA,NasdaqGS,12
UBSI,NasdaqGS,12
LW,NYSE,5
CZR,NasdaqGS,12
TAL,NYSE,2
SRRK,NasdaqGS,12
SYM,NasdaqGM,9
SWDR,OTCPK,12
CROX,NasdaqGS,12
AROC,NYSE,12
FLG,NYSE,12
CPA,NYSE,12
ACT,NasdaqGS,12
CE,NYSE,12
PACS,NYSE,12
POR,NYSE,12
OTEX,NasdaqGS,6
GXO,NYSE,12
M,NYSE,1
ACMR,NasdaqGM,12
ZETA,NYSE,12
APPF,NasdaqGM,12
TFX,NYSE,12
OUT,NYSE,12
AMTM,NYSE,10
NOVT,NasdaqGS,12
S,NYSE,1
BLTE,NasdaqCM,12
GLXY,NasdaqGS,12
ABCB,NYSE,12
CHE,NYSE,12
ESAB,NYSE,12
IBP,NYSE,12
OBDC,NYSE,12
YOU,NYSE,12
G,NYSE,12
BLCO,NYSE,12
NJR,NYSE,9
PIPR,NYSE,12
KRG,NYSE,12
FND,NYSE,12
UPRO,ARCA,12
BKH,NYSE,12
HWC,NasdaqGS,12
QS,NasdaqGS,12
PLUG,NasdaqCM,12
LQDA,NasdaqCM,12
CGON,NasdaqGS,12
MATX,NYSE,12
MARA,NasdaqCM,12
IRDM,NasdaqGS,12
TMHC,NYSE,12
NXST,NasdaqGS,12
BC,NYSE,12
MCY,NYSE,12
CRSP,NasdaqGM,12
NAVN,NasdaqGS,1
HOMB,NYSE,12
AUB,NYSE,12
TGTX,NasdaqCM,12
LYFT,NasdaqGS,12
EPAM,NYSE,12
LPX,NYSE,12
ESNT,NYSE,12
MTG,NYSE,12
KLIC,NasdaqGS,10
RUSH.A,NasdaqGS,12
SYNA,NasdaqGS,6
BLSH,NYSE,12
XENE,NasdaqGM,12
VCTR,NasdaqGS,12
OZK,NasdaqGS,12
DLB,NYSE,9
PRM,NYSE,12
CRC,NYSE,12
EQPT,NasdaqGS,12
MAAS,NasdaqGM,6
ADT,NYSE,12
GTLB,NasdaqGS,1
HASI,NYSE,12
CWST,NasdaqGS,12
RITM,NYSE,12
GOLF,NYSE,12
VSEC,NasdaqGS,12
DUOL,NasdaqGS,12
MUR,NYSE,12
SIGI,NasdaqGS,12
ACHR,NYSE,12
BOOT,NYSE,3
GLBE,NasdaqGS,12
GNTX,NasdaqGS,12
OTF,NYSE,12
ALK,NYSE,12
PSMT,NasdaqGS,8
XMTR,NasdaqGS,12
BIPC,NYSE,12
STVN,NYSE,12
DNTH,NasdaqCM,12
GLNG,NasdaqGS,12
MGY,NYSE,12
PECO,NasdaqGS,12
OICT,OTCPK,12
WTM,NYSE,12
LEGN,NasdaqGS,12
BCPC,NasdaqGS,12
WEX,NYSE,12
SBRA,NasdaqGS,12
ALH,NYSE,12
JAN,NYSE,12
BGC,NasdaqGS,12
MC,NYSE,12
IEP,NasdaqGS,12
HCC,NYSE,12
CWEN,NYSE,12
SPHR,NYSE,12
OLLI,NasdaqGM,1
AX,NYSE,6
CHH,NYSE,12
CVLT,NasdaqGS,3
OGS,NYSE,12
HRB,NYSE,6
GBTG,NYSE,12
SEB,NYSEAM,12
SR,NYSE,9
RDW,NYSE,12
IPGP,NasdaqGS,12
NTSK,NasdaqGS,1
LBRD.K,NasdaqGS,12
SXT,NYSE,12
DIOD,NasdaqGS,12
OPEN,NasdaqGS,12
PAGP,NasdaqGS,12
PBF,NYSE,12
HESM,NYSE,12
SON,NYSE,12
SITE,NYSE,12
UNF,NYSE,8
FINN,OTCPK,12
LBRT,NYSE,12
CNX,NYSE,12
MAIN,NYSE,12
MTN,NYSE,7
KVYO,NYSE,12
REZI,NYSE,12
CAI,NasdaqGS,12
GHC,NYSE,12
ATAT,NasdaqGS,12
CLSK,NasdaqCM,9
NNI,NYSE,12
MRP,NYSE,12
POWI,NasdaqGS,12
CSTM,NYSE,12
LAZ,NYSE,12
WSC,NasdaqCM,12
FFIN,NasdaqGS,12
LGND,NasdaqGM,12
FBIN,NYSE,12
SEDG,NasdaqGS,12
ACLS,NasdaqGS,12
MKTX,NasdaqGS,12
OCTV,NasdaqGS,12
SIM,NYSEAM,12
RLI,NYSE,12
PI,NasdaqGS,12
MTRN,NYSE,12
UFPI,NasdaqGS,12
REYN,NasdaqGS,12
BLLN,NasdaqGS,12
ASB,NYSE,12
RDN,NYSE,12
FCN,NYSE,12
CSW,NYSE,3
CBT,NYSE,9
SAIC,NasdaqGS,1
IBOC,NasdaqGS,12
MIAX,NYSE,12
LAUR,NasdaqGS,12
COLD,NYSE,12
MIR,NYSE,12
SHC,NasdaqGS,12
CNR,NYSE,12
TBBB,NYSE,12
KNF,NYSE,12
LMND,NYSE,12
TDS,NYSE,12
FRMI,NasdaqGS,12
HRI,NYSE,12
ACIW,NasdaqGS,12
TFSL,NasdaqGS,9
EXLS,NasdaqGS,12
MMYT,NasdaqGS,3
KBR,NYSE,1
AIR,NYSE,5
CUZ,NYSE,12
MDU,NYSE,12
AD,NYSE,12
INDV,NasdaqGS,12
TVTX,NasdaqGM,12
SMR,NYSE,12
VSCO,NYSE,1
RDNT,NasdaqGM,12
EPR,NYSE,12
VIRT,NYSE,12
FTDR,NasdaqGS,12
PFSI,NYSE,12
MTH,NYSE,12
HNGE,NYSE,12
PONY,NasdaqGS,12
FELE,NasdaqGS,12
TCBI,NasdaqGS,12
NWE,NasdaqGS,12
MAT,NasdaqGS,12
CAAP,NYSE,12
EBC,NasdaqGS,12
OLED,NasdaqGS,12
VVV,NYSE,9
TREX,NYSE,12
PVH,NYSE,2
CNO,NYSE,12
COCO,NasdaqGS,12
BCO,NYSE,12
WING,NasdaqGS,12
SFBS,NYSE,12
BTDR,NasdaqCM,12
PTEN,NasdaqGS,12
TNL,NYSE,12
PLNT,NYSE,12
YSS,NYSE,12
BETA,NYSE,12
RXO,NYSE,12
MANE,NYSE,12
RELY,NasdaqGS,12
LBTY.A,NasdaqGS,12
AMRX,NasdaqGS,12
LASR,NasdaqGS,12
SLM,NasdaqGS,12
LION,NYSE,12
TWST,NasdaqGS,9
POST,NYSE,9
THO,NYSE,7
HGV,NYSE,12
FULT,NasdaqGS,12
SKT,NYSE,12
RYAN,NYSE,12
CVCO,NasdaqGS,3
SRAD,NasdaqGS,12
MWH,NasdaqGS,12
BDC,NYSE,12
SEI,NYSE,12
FHI,NYSE,12
BRC,NYSE,7
LIVN,NasdaqGS,12
AZZ,NYSE,2
SKY,NYSE,3
OPLN,NYSE,12
GFF,NYSE,9
BBWI,NYSE,1
WHD,NYSE,12
ENVA,NYSE,12
PII,NYSE,12
PSUS,NYSE,12
CVSA,NYSE,6
EMAT,NasdaqGM,12
VNT,NYSE,12
ERAS,NasdaqGS,12
USAC,NYSE,12
RUN,NasdaqGS,12
KRC,NYSE,12
STEP,NasdaqGS,3
SEZL,NasdaqCM,12
SLGN,NYSE,12
KTB,NYSE,12
PJT,NYSE,12
MWA,NYSE,9
ZGN,NYSE,12
UCB,NYSE,12
MNSO,NYSE,12
NAMS,NasdaqGM,12
LOPE,NasdaqGS,12
VRNS,NasdaqGS,12
CRK,NYSE,12
DOCS,NYSE,3
SOUN,NasdaqGM,12
BTC,ARCA,12
VEON,NasdaqGS,12
NP,NYSE,12
BNL,NYSE,12
LRN,NYSE,6
CATY,NasdaqGS,12
ZAIR.TX,MutualFund,12
QLYS,NasdaqGS,12
BELF.A,NasdaqGS,12
UCTT,NasdaqGS,12
DAN,NYSE,12
NVST,NYSE,12
CPRX,NasdaqCM,12
INDB,NasdaqGS,12
INSW,NYSE,12
ATMU,NYSE,12
WAY,NasdaqGS,12
IRT,NYSE,12
CRGY,NYSE,12
OII,NYSE,12
HP,NYSE,9
HLNE,NasdaqGS,3
MRX,NasdaqGS,12
VKTX,NasdaqCM,12
KAI,NYSE,12
MMSI,NasdaqGS,12
TPC,NYSE,12
RNST,NYSE,12
CRNX,NasdaqGS,12
HHH,NYSE,12
IRTC,NasdaqGS,12
BOX,NYSE,1
GPI,NYSE,12
KNSA,NasdaqGS,12
WSFS,NasdaqGS,12
ACAD,NasdaqGS,12
BANF,NasdaqGS,12
DORM,NasdaqGS,12
STUB,NYSE,12
VCYT,NasdaqGM,12
KC,NasdaqGS,12
BILL,NYSE,6
FBP,NYSE,12
EWTX,NasdaqGS,12
CLBT,NasdaqGS,12
FG,NYSE,12
MNDY,NasdaqGS,12
ITRI,NasdaqGS,12
TDW,NYSE,12
JOE,NYSE,12
OTTR,NasdaqGS,12
AAP,NYSE,12
YETI,NYSE,12
RNG,NYSE,12
KFY,NYSE,4
MANU,NYSE,6
CDP,NYSE,12
BMI,NYSE,12
BFH,NYSE,12
TXG,NasdaqGS,12
BHF,NasdaqGS,12
CVBF,NasdaqGS,12
DAVE,NasdaqGM,12
LEU,NYSE,12
CNS,NYSE,12
HIMX,NasdaqGS,12
OSIS,NasdaqGS,6
NHI,NYSE,12
CALM,NasdaqGS,5
INFQ,NYSE,12
FOUR,NYSE,12
TCGL,NYSEAM,12
ORKA,NasdaqGM,12
GPGI,NYSE,12
VECO,NasdaqGS,12
OGN,NYSE,12
ABG,NYSE,12
FUL,NYSE,11
DLO,NasdaqGS,12
ARX,NYSE,12
BULL,NasdaqCM,12
AB,NYSE,12
APLE,NYSE,12
EXTR,NasdaqGS,6
SIG,NYSE,1
FIZZ,NasdaqGS,4
FIBK,NasdaqGS,12
ANF,NYSE,1
SMG,NYSE,9
KEEL,NasdaqGM,12
INOD,NasdaqGM,12
GBDC,NasdaqGS,9
AVA,NYSE,12
STNG,NYSE,12
ASO,NasdaqGS,1
SKYW,NasdaqGS,12
COLM,NasdaqGS,12
ICUI,NasdaqGS,12
KNTK,NYSE,12
MMED,NasdaqGS,4
RRR,NasdaqGS,12
BKU,NYSE,12
JOYY,NasdaqGS,12
MHO,NYSE,12
SUNC,NYSE,12
SXI,NYSE,6
CBU,NYSE,12
CVI,NYSE,12
DNLI,NasdaqGS,12
IAC,NasdaqGS,12
ETOR,NasdaqGS,12
MSGE,NYSE,6
WSBC,NasdaqGS,12
CC,NYSE,12
GPK,NYSE,12
ELF,NYSE,3
PTRN,NasdaqGS,12
CSQ,NasdaqGS,12
KYIV,NasdaqGS,12
BTU,NYSE,12
BFAM,NYSE,12
NSA,NYSE,12
NATL,NYSE,12
AGO,NYSE,12
GEF,NYSE,10
FHB,NasdaqGS,12
CAKE,NasdaqGS,12
GNW,NYSE,12
BEAM,NasdaqGS,12
OPCH,NasdaqGS,12
USLM,NasdaqGS,12
MCHB,NasdaqGS,12
MMS,NYSE,9
AVNT,NYSE,12
CNK,NYSE,12
UPST,NasdaqGS,12
BATR.K,NasdaqGS,12
HWKN,NasdaqGS,3
SLG,NYSE,12
FFBC,NasdaqGS,12
NSIT,NasdaqGS,12
TDC,NYSE,12
KN,NYSE,12
ARLP,NasdaqGS,12
DYN,NasdaqGS,12
RCUS,NYSE,12
CON,NYSE,12
TNGX,NasdaqGM,12
SHOO,NasdaqGS,12
ALHC,NasdaqGS,12
AMBA,NasdaqGS,1
VC,NasdaqGS,12
CRVL,NasdaqGS,3
BXMT,NYSE,12
VGNT,NYSE,12
RUM,NasdaqGM,12
CHEF,NasdaqGS,12
UNFI,NYSE,7
TENB,NasdaqGS,12
ATRO,NasdaqGS,12
SFNC,NasdaqGS,12
TOWN,NasdaqGS,12
PRK,NYSEAM,12
CTRI,NYSE,12
CLMT,NasdaqGS,12
HAE,NYSE,3
GRAL,NasdaqGS,12
CURB,NYSE,12
BKD,NYSE,12
HAWK,NYSE,12
MZTI,NasdaqGS,6
RLAY,NasdaqGM,12
HAYW,NYSE,12
KBH,NYSE,11
USD,ARCA,12
MPT,NYSE,12
FSK,NYSE,12
LXP,NYSE,12
ARCB,NasdaqGS,12
SBLK,NasdaqGS,12
BOH,NYSE,12
ITGR,NYSE,12
BHE,NYSE,12
GPOR,NYSE,12
AWR,NYSE,12
MGEE,NasdaqGS,12
IPAR,NasdaqGS,12
HYMC,NasdaqCM,12
WRBY,NYSE,12
TTAM,NYSE,12
LFST,NasdaqGS,12
NIC,NYSE,12
PATK,NasdaqGS,12
NTCT,NasdaqGS,3
GEO,NYSE,12
KLRA,NasdaqGS,12
QTWO,NYSE,12
BANC,NYSE,12
CPK,NYSE,12
RHI,NYSE,12
HSAI,NasdaqGS,12
PAY,NYSE,12
SDRL,NYSE,12
TE,NYSE,12
KALU,NasdaqGS,12
ADEA,NasdaqGS,12
OLN,NYSE,12
AKR,NYSE,12
HG,NYSE,12
VOYG,NYSE,12
OUST,NasdaqGS,12
SBCF,NasdaqGS,12
VAC,NYSE,12
CWK,NYSE,12
AEHR,NasdaqCM,5
GRBK,NYSE,12
BKV,NYSE,12
PFS,NYSE,12
BRZE,NasdaqGS,1
BSM,NYSE,12
NHC,NYSEAM,12
HIW,NYSE,12
AMPX,NYSE,12
TR,NYSE,12
VNET,NasdaqGS,12
WOLF,NYSE,6
EOSE,NasdaqCM,12
PHIN,NYSE,12
WT,NYSE,12
DBRG,NYSE,12
HTGC,NYSE,12
PLMR,NasdaqGS,12
PENG,NasdaqGS,8
ZIM,NYSE,12
EXPO,NasdaqGS,12
UE,NYSE,12
DX,NYSE,12
PARR,NYSE,12
VISN,NasdaqGS,12
WHR,NYSE,12
NN,NasdaqCM,12
DBD,NYSE,12
RH,NYSE,1
ATKR,NYSE,9
WOR,NYSE,5
GPCR,NasdaqGM,12
IHS,NYSE,12
WK,NYSE,12
GMRS,NYSE,12
STNE,NasdaqGS,12
FNGU,ARCA,12
FSLY,NasdaqGS,12
PTON,NasdaqGS,6
CALY,NYSE,12
EEFT,NasdaqGS,12
CCC,NasdaqGS,12
ALMS,NasdaqGS,12
HLIO,NYSE,12
FA,NasdaqGS,12
BW,NYSE,12
KD,NYSE,3
FCPT,NYSE,12
DK,NYSE,12
NMIH,NasdaqGM,12
UNIT,NasdaqGS,12
INTR,NasdaqGS,12
FBK,NYSE,12
PRVA,NasdaqGS,12
CWT,NYSE,12
QUBT,NasdaqCM,12
CARG,NasdaqGS,12
HUN,NYSE,12
WDFC,NasdaqGS,8
ARQT,NasdaqGS,12
FRSH,NasdaqGS,12
CECO,NasdaqGS,12
SUPN,NasdaqGM,12
MGRC,NasdaqGS,12
HTFL,NasdaqGS,12
APAM,NYSE,12
IRON,NasdaqGM,12
ASH,NYSE,9
LCII,NYSE,12
AEO,NYSE,1
CHRN,NasdaqCM,5
DFTX,NasdaqGS,12
RSI,NYSE,12
PLBL,NasdaqGM,12
BRAI,NasdaqGM,6
FJTC.Y,OTCPK,12
DHT,NYSE,12
WAFD,NasdaqGS,9
DKL,NYSE,12
TMC,NasdaqGS,12
PSNY,NasdaqGM,12
SAH,NYSE,12
IPEU,OTCPK,12
UTF,NYSE,12
VVX,NYSE,12
MLYS,NasdaqGS,12
SHAK,NYSE,12
PAGS,NYSE,12
IDYA,NasdaqGS,12
TRMK,NasdaqGS,12
IVT,NYSE,12
TRN,NYSE,12
DJT,NasdaqGM,12
AAMI,NYSE,12
GDV,NYSE,12
LCID,NasdaqGS,12
TARS,NasdaqGS,12
VERA,NasdaqGM,12
HOG,NYSE,12
CUBI,NYSE,12
HUBG,NasdaqGS,12
WU,NYSE,12
SPXX,NYSE,12
FRME,NasdaqGS,12
XXI,NYSE,12
FRPT,NasdaqGM,12
CALX,NYSE,12
AMR,NYSE,12
ROG,NYSE,12
DGII,NasdaqGS,9
RLX,NYSE,12
SPNT,NYSE,12
FLNC,NasdaqGS,9
WRD,NasdaqGM,12
KMT,NYSE,6
KWR,NYSE,12
WERN,NasdaqGS,12
COHU,NasdaqGS,12
ICHR,NasdaqGS,12
NMRK,NasdaqGS,12
AERO,NYSE,12
UAA,NYSE,3
IMNM,NasdaqCM,12
CLDX,NasdaqCM,12
NIQ,NYSE,12
NESR,NasdaqCM,12
BCC,NYSE,12
GRDN,NYSE,12
TALO,NYSE,12
ALGT,NasdaqGS,12
BBT,NYSE,12
PK,NYSE,12
TNK,NYSE,12
CHA,NasdaqGS,12
FBNC,NasdaqGS,12
AGYS,NasdaqGS,3
AMSC,NasdaqGS,3
ADPT,NasdaqGS,12
HTO,NasdaqGS,12
BBAI,NYSE,12
OSW,NasdaqCM,12
ELVN,NasdaqGS,12
AMBP,NYSE,12
NBTB,NasdaqGS,12
PENN,NasdaqGS,12
CMPR,NasdaqGS,6
MTX,NYSE,12
ANDE,NasdaqGS,12
NGVT,NYSE,12
RARE,NasdaqGS,12
WIX,NasdaqGS,12
DNOW,NYSE,12
BKE,NYSE,1
RNW,NasdaqGS,3
TMDX,NasdaqGM,12
BUSE,NasdaqGS,12
KYN,NYSE,11
AVPT,NasdaqGS,12
MH,NYSE,3
TBBK,NasdaqGS,12
DCO,NYSE,12
HE,NYSE,12
NOG,NYSE,12
KOD,NasdaqGM,12
DRD,NYSE,6
ABM,NYSE,10
DRVN,NasdaqGS,12
DAC,NYSE,12
BCRX,NasdaqGS,12
SOC,NYSE,9
SQQQ,NasdaqGM,12
RAMP,NYSE,3
PBH,NYSE,3
DXPE,NasdaqGS,12
DRH,NasdaqGS,12
HNI,NYSE,12
PCT,NasdaqCM,12
CXT,NYSE,12
MNR,NYSE,12
ALRM,NasdaqGS,12
WTTR,NYSE,12
SYBT,NasdaqGS,12
NTB,NYSE,12
GRND,NYSE,12
RVT,NYSE,12
EFSC,NasdaqGS,12
BRUN,NasdaqGM,12
BANR,NasdaqGS,12
HTH,NYSE,12
NKTR,NasdaqCM,12
CENT,NasdaqGS,9
IMAX,NYSE,12
PBI,NYSE,12
RCAT,NasdaqCM,4
CTOS,NYSE,12
ATEN,NYSE,12
MBIN,NasdaqCM,12
LMAT,NasdaqGM,12
MLCO,NasdaqGS,12
WLY,NYSE,4
FUN,NYSE,12
BLBD,NasdaqGM,9
WS,NYSE,5
BSTZ,NYSE,12
VERX,NasdaqGM,12
MCRI,NasdaqGS,12
ACHC,NasdaqGS,12
CPRI,NYSE,3
IE,NYSEAM,12
CYD,NYSE,12
ARR,NYSE,12
PLUS,NasdaqGS,3
BPRE,NYSE,12
POET,NasdaqCM,12
NGL,NYSE,3
PHVS,NasdaqGS,12
AXGN,NasdaqCM,12
TNET,NYSE,12
XRAY,NasdaqGS,12
CLBK,NasdaqGS,12
CLOV,NasdaqGS,12
NEXT,NasdaqCM,12
SHLS,NasdaqGM,12
AESI,NYSE,12
CXW,NYSE,12
SPSC,NasdaqGS,12
ESTA,NasdaqCM,12
BAND,NasdaqGS,12
BLX,NYSE,12
BRSL,NYSE,12
NWBI,NasdaqGS,12
SLDE,NasdaqGS,12
UTI,NYSE,9
LC,NYSE,12
MGNI,NasdaqGS,12
SEM,NYSE,12
PDFS,NasdaqGS,12
IOSP,NasdaqGS,12
NWN,NYSE,12
JBLU,NasdaqGS,12
PRDO,NasdaqGS,12
ATHM,NYSE,12
SHO,NYSE,12
DHC,NasdaqGS,12
THR,NYSE,3
NMM,NYSE,12
TRVI,NasdaqGM,12
OMCL,NasdaqGS,12
NEXA,NYSE,12
PGNY,NasdaqGS,12
BHC,NYSE,12
EVCM,NasdaqGS,12
ZLAB,NasdaqGM,12
TYRA,NasdaqGS,12
GNL,NYSE,12
FLYW,NasdaqGS,12
GRC,NYSE,12
STC,NYSE,12
NVCR,NasdaqGS,12
OCUL,NasdaqGM,12
AUPH,NasdaqGM,12
NTST,NYSE,12
GTY,NYSE,12
HCI,NYSE,12
NTLA,NasdaqGM,12
FIGS,NYSE,12
BTX,NYSE,12
QFIN,NasdaqGS,12
LB,NYSE,12
NEOG,NasdaqGS,5
AVEX,NYSE,12
DEI,NYSE,12
VRDN,NasdaqCM,12
ALKT,NasdaqGS,12
PLWN,OTCPK,12
SION,NasdaqGM,12
WB,NasdaqGS,12
OFG,NYSE,12
STOK,NasdaqGS,12
ISPH.F,OTCPK,12
EZPW,NasdaqGS,9
FCF,NYSE,12
SKYT,NasdaqCM,12
LTC,NYSE,12
CLM,NYSEAM,12
TGLS,NYSE,12
PLAB,NasdaqGS,10
RXRX,NasdaqGS,12
AMRC,NYSE,12
STEL,NYSE,12
BWIN,NasdaqGS,12
BXDC,NYSE,12
PRKS,NYSE,12
RAPP,NasdaqGM,12
SRPT,NasdaqGS,12
AGM,NYSE,12
ABCL,NasdaqGS,12
SONO,NasdaqGS,9
TY,NYSE,12
COTY,NYSE,6
NBHC,NYSE,12
PUMP,NYSE,12
PAX,NasdaqGS,12
AGQ,ARCA,12
SGML,NasdaqCM,12
ASTH,NasdaqCM,12
FIVN,NasdaqGM,12
CMRE,NYSE,12
ADMA,NasdaqGM,12
HMN,NYSE,12
PLGO,NYSE,12
GEL,NYSE,12
INVX,NYSE,12
NRIX,NasdaqGM,11
CTS,NYSE,12
ZYME,NasdaqGS,12
AIN,NYSE,12
ALG,NYSE,12
ARCO,NYSE,12
IOVA,NasdaqGM,12
HRMY,NasdaqGM,12
WLTH,NasdaqGS,1
SPB,NYSE,9
TIC,NYSE,11
PLPC,NasdaqGS,12
SAM,NYSE,12
WMK,NYSE,12
NVAX,NasdaqGS,12
PRLB,NYSE,12
QURE,NasdaqGS,12
BKSY,NYSE,12
RQI,NYSE,12
ADNT,NYSE,9
SKWD,NasdaqGS,12
VRE,NYSE,12
MBC,NYSE,12
INTA,NasdaqGS,6
SRCE,NasdaqGS,12
AEVA,NasdaqGS,12
ASAN,NYSE,1
BOBS,NYSE,12
CMPS,NasdaqGS,12
NCNO,NasdaqGS,1
LOB,NYSE,12
CNXN,NasdaqGS,12
CHCO,NasdaqGS,12
AGRO,NYSE,12
AGIO,NasdaqGS,12
GT,NasdaqGS,12
GAB,NYSE,12
GLOB,NYSE,12
PAYO,NasdaqGM,12
STGW,NasdaqGS,12
CASH,NasdaqGS,9
SNDX,NasdaqGS,12
CAPR,NasdaqGS,12
SLS,NasdaqCM,12
SGRY,NasdaqGS,12
CBZ,NYSE,12
PLSE,NasdaqCM,12
SMA,NYSE,12
PEB,NYSE,12
TH,NasdaqCM,12
MD,NYSE,12
EPAC,NYSE,8
CNXC,NasdaqGS,11
BL,NasdaqGS,12
DBC,ARCA,12
WD,NYSE,12
MQ,NasdaqGS,12
LPG,NYSE,3
BST,NYSE,12
TILE,NasdaqGS,12
APPN,NasdaqGM,12
STRA,NasdaqGS,12
ECPG,NasdaqGS,12
FMC,NYSE,12
VSTS,NYSE,9
HTZ,NasdaqGS,12
UFPT,NasdaqCM,12
AMBQ,NYSE,12
VCEL,NasdaqGM,12
EFC,NYSE,12
PVLA,NasdaqGM,12
ENVX,NasdaqGS,12
TFIN,NYSE,12
TSHA,NasdaqGS,12
OPRA,NasdaqGS,12
GENB,NasdaqGS,12
IMKT.A,NasdaqGS,12
ADUS,NasdaqGS,12
STEW,NYSE,11
XPRO,NYSE,12
LWLG,NasdaqCM,12
SILA,NYSE,12
IIPR,NYSE,12
BCAT,NYSE,12
VPG,NYSE,12
GLUE,NasdaqGS,12
ANIP,NasdaqGM,12
NUVB,NYSE,12
ATAI,NasdaqGM,12
WBTN,NasdaqGS,12
KOS,NYSE,12
ZD,NasdaqGS,12
AIP,NasdaqGM,12
BHVN,NYSE,12
FSUN,NasdaqGS,12
DCOM,NYSE,12
SNDA,NYSE,12
GHRS,NasdaqGM,12
CRML,NasdaqGM,6
TPB,NYSE,12
LILA,NasdaqGS,12
GABC,NasdaqGS,12
HLIT,NasdaqGS,12
BDJ,NYSE,12
TSLX,NYSE,12
HURN,NasdaqGS,12
STBA,NasdaqGS,12
TCBK,NasdaqGS,12
DXC,NYSE,3
ANAB,NasdaqGS,12
FLO,NYSE,12
CLVT,NYSE,12
KSS,NYSE,1
FLNG,NYSE,12
VIR,NasdaqGS,12
GLP,NYSE,12
HOPE,NasdaqGS,12
XHR,NYSE,12
AMLX,NasdaqGS,12
RBCA.A,NasdaqGS,12
INVA,NasdaqGS,12
DCH,NYSE,12
CET,NYSEAM,12
GENI,NYSE,12
AI,NYSE,4
AVAH,NasdaqGS,12
SLVM,NYSE,12
ESBA,ARCA,12
ECAT,NYSE,12
BFC,NasdaqCM,12
QQQX,NasdaqGS,12
PGEN,NasdaqGS,12
WGS,NasdaqGS,12
COUR,NYSE,12
IMTX,NasdaqCM,12
BORR,NYSE,12
REX,NYSE,1
AGL,NYSE,12
LZB,NYSE,4
KW,NYSE,12
DMRA,NasdaqCM,12
GAM,NYSE,12
BAR,ARCA,12
FDP,NYSE,12
PRGO,NYSE,12
RMIX,NasdaqGM,12
INBX,NasdaqGS,12
QCRH,NasdaqGM,12
CCS,NYSE,12
UMAC,NYSEAM,9
TRIN,NasdaqGS,12
LKFN,NasdaqGS,12
NNNN,NasdaqGM,12
CNOB,NasdaqGS,12
EVTC,NYSE,12
LIND,NasdaqCM,12
NNE,NasdaqCM,9
BY,NYSE,12
PRCT,NasdaqGM,12
MBX,NasdaqGS,12
ARDX,NasdaqGM,12
DV,NYSE,12
STAA,NasdaqGM,12
CBL,NYSE,12
RYZ,NYSE,12
KRP,NYSE,12
WKC,NYSE,12
CNGO,OTCPK,12
BTT,NYSE,7
KARO,NasdaqCM,2
PRG,NYSE,12
OBK,NYSE,12
MAN,NYSE,12
IMCR,NasdaqGS,12
LINC,NasdaqGS,12
SFL,NYSE,12
TNC,NYSE,12
WEN,NasdaqGS,12
TRS,NasdaqGS,12
SCO,ARCA,12
MAZE,NasdaqGM,12
HLMN,NasdaqGM,12
GBX,NYSE,8
RLJ,NYSE,12
ARI,NYSE,12
FTRE,NasdaqGS,12
KMPR,NYSE,12
ARLO,NYSE,12
NWL,NasdaqGS,12
ECVT,NYSE,12
CSWC,NasdaqGS,3
RES,NYSE,12
DAO,NYSE,12
WWW,NYSE,12
PLTK,NasdaqGS,12
KALV,NasdaqGM,4
AAT,NYSE,12
LU,NYSE,12
BCAX,NasdaqGM,12
JJSF,NasdaqGS,9
CRI,NYSE,12
NOMD,NYSE,12
ALMR,NasdaqGS,12
DFH,NYSE,12
HCSG,NasdaqGS,12
NFJ,NYSE,12
AVBP,NasdaqGM,9
SATL,NasdaqCM,12
MRTN,NasdaqGS,12
RVLV,NYSE,12
ATRC,NasdaqGM,12
FOR,NYSE,9
LEG,NYSE,12
LOMA,NYSE,12
MLTX,NasdaqCM,12
ARRY,NasdaqGM,12
ULCC,NasdaqGS,12
HBNB,NasdaqCM,12
BLKB,NasdaqGS,12
CXM,NYSE,1
GDXU,ARCA,12
TTI,NYSE,12
IDT,NYSE,7
PRGS,NasdaqGS,11
SVV,NYSE,12
HLX,NYSE,12
NRP,NYSE,12
WBI,NYSE,12
AIIR,NasdaqCM,12
TDOC,NYSE,12
WLDN,NasdaqGM,12
PICS,NasdaqGS,12
OLPX,NasdaqGS,12
NBR,NYSE,12
URGN,NasdaqGM,12
NEO,NasdaqCM,12
GIII,NasdaqGS,1
SEPN,NasdaqGM,12
ORC,NYSE,12
ROM,ARCA,12
AOSL,NasdaqGS,6
WINA,NasdaqGM,12
AHCO,NasdaqCM,12
ALNT,NasdaqGM,12
PURR,NasdaqCM,12
OCS,NasdaqGM,12
EYE,NasdaqGS,12
OI,NYSE,12
NSSC,NasdaqGS,6
NVGS,NYSE,12
CMP,NYSE,9
CCEC,NasdaqGS,12
ADTN,NasdaqGS,12
TBLA,NasdaqGS,12
CDRE,NYSE,12
DOLE,NYSE,12
MPLT,NasdaqGS,12
GCT,NasdaqGM,12
UAMY,NYSE,12
ARDT,NYSE,12
SVRA,NasdaqGS,12
NSP,NYSE,12
NBXG,NYSE,10
GSL,NYSE,12
HROW,NasdaqGM,12
MUX,NYSE,12
DMLP,NasdaqGS,12
ENOV,NYSE,12
LADR,NYSE,12
AMC,NYSE,12
PBT,NYSE,12
ITRN,NasdaqGS,12
ATLC,NasdaqGS,12
WABC,NasdaqGS,12
AHG,NasdaqCM,3
TRIP,NasdaqGS,12
TUYA,NYSE,12
GILT,NasdaqGS,12
CRSR,NasdaqGS,12
TWO,NYSE,12
KDK,NasdaqGM,12
UVV,NYSE,3
ASST,NasdaqGM,12
FINV,NYSE,12
RXT,NasdaqGS,12
CSIQ,NasdaqGS,12
SPH,NYSE,9
UAN,NYSE,12
BHRB,NasdaqCM,12
UMH,NYSE,12
RDWR,NasdaqGS,12
TROX,NYSE,12
DSL,NYSE,12
SBH,NYSE,9
WVE,NasdaqGM,12
XPEL,NasdaqCM,12
COAG,NasdaqGS,12
XZO,NYSE,12
ALX,NYSE,12
YELP,NYSE,12
PGY,NasdaqCM,12
PEBO,NasdaqGS,12
PAHC,NasdaqGM,6
IART,NasdaqGS,12
ENR,NYSE,9
DSGR,NasdaqGS,12
AFYA,NasdaqGS,12
WLFC,NasdaqGM,12
HYLN,NYSEAM,12
ICFI,NasdaqGS,12
KMTS,NasdaqGS,4
HLF,NYSE,12
TMP,NYSEAM,12
AMAL,NasdaqGM,12
VIA,NYSE,12
PRA,NYSE,12
VTOL,NYSE,12
PRBG,OTCPK,12
GOLD,NYSE,6
CCO,NYSE,12
NPKI,NYSE,12
SHAZ,NasdaqCM,12
PRSU,NYSE,12
JKS,NYSE,12
PWP,NasdaqGS,12
BLFS,NasdaqCM,12
SIFY,NasdaqCM,3
DBA,ARCA,12
CTBI,NasdaqGS,12
PWRL,NasdaqGM,12
PSEC,NasdaqGS,6
ASA,NYSE,11
SBET,NasdaqCM,12
AVLN,NasdaqGS,12
EVEX,NYSE,12
ABTC,NasdaqCM,12
SCL,NYSE,12
ATEX,NasdaqCM,3
PSNL,NasdaqGM,12
ATEC,NasdaqGS,12
INSP,NYSE,12
PNTG,NasdaqGS,12
LIFE,NasdaqGS,12
BFLY,NYSE,12
RZLV,NasdaqGM,9
CRF,NYSEAM,12
SG,NYSE,12
CDNA,NasdaqGM,12
TNDM,NasdaqGM,12
XIFR,NYSE,12
FMBH,NasdaqGM,12
GHM,NYSE,3
MNKD,NasdaqGM,12
GIC,NYSE,12
ZBIO,NasdaqGS,12
HTLD,NasdaqGS,12
REAL,NasdaqGS,12
AVNS,NYSE,12
EVLV,NasdaqCM,12
IRMD,NasdaqGM,12
SVC,NasdaqGS,12
ASTE,NasdaqGS,12
OLMA,NasdaqGS,12
BV,NYSE,9
AGBK,NYSE,12
WYFI,NasdaqCM,12
ACVA,NYSE,12
AKTS,NasdaqGS,12
ROCK,NasdaqGS,12
FCEL,NasdaqGM,10
HQH,NYSE,9
MGRT,NasdaqCM,9
PRCH,NasdaqCM,12
CIM,NYSE,12
EYPT,NasdaqGM,12
UFCS,NasdaqGS,12
TDAY,NYSE,12
NWPX,NasdaqGS,12
LNN,NYSE,8
SDGR,NasdaqGS,12
PFBC,NasdaqGS,12
CSR,NYSE,12
TEN,NYSE,12
LQDT,NasdaqGS,9
DQ,NYSE,12
PZZA,NasdaqGS,12
EXCE,OTCPK,12
AMN,NYSE,12
HFWA,NasdaqGS,12
UPBD,NasdaqGS,12
LUCK,NYSE,9
CEVA,NasdaqGS,12
DLX,NYSE,12
DEA,NYSE,12
LGIH,NasdaqGS,12
ODC,NYSE,7
MCB,NYSE,12
MLKN,NasdaqGS,5
ABR,NYSE,12
MCEM,OTCPK,12
ACDC,NasdaqGS,12
OPK,NasdaqGS,12
IQ,NasdaqGS,12
NMAX,NYSE,12
UVSP,NasdaqGS,12
GPRE,NasdaqGS,12
OSBC,NasdaqGS,12
NAT,NYSE,12
COLL,NasdaqGS,12
SBR,NYSE,12
UPWK,NasdaqGS,12
CCB,NasdaqGS,12
PXED,NYSE,8
OCFC,NasdaqGS,12
LZ,NasdaqGS,12
AORT,NYSE,12
NBN,NasdaqGM,6
CNMD,NYSE,12
MALG,OTCPK,12
SAFE,NYSE,12
FBAK,OTCPK,12
OMDA,NasdaqGS,12
MMI,NYSE,12
LPTH,NasdaqCM,6
THRM,NasdaqGS,12
XERS,NasdaqGS,12
APPS,NasdaqCM,3
AZTA,NasdaqGS,9
INDI,NasdaqCM,12
OCSL,NasdaqGS,9
ABSI,NasdaqGS,12
DEC,NYSE,12
KBDC,NYSE,12
ALVO,NasdaqGM,12
EE,NYSE,12
GNK,NYSE,12
GSG,ARCA,12
CRVS,NasdaqGM,12
SMPL,NasdaqCM,8
HBT,NasdaqGS,12
HGTY,NYSE,12
PDM,NYSE,12
JBIO,NasdaqCM,12
UWMC,NYSE,12
AMPL,NasdaqCM,12
FMBL,OTCPK,12
UVE,NYSE,12
SAFT,NasdaqGS,12
INNV,NasdaqGS,6
PLOW,NYSE,12
RERE,NYSE,12
CMRF,OTCPK,12
IGIC,NasdaqCM,12
SEMU.F,OTCPK,12
BUR,NYSE,12
HEPS,NasdaqGS,12
CGEM,NasdaqGS,12
FETH,BATS,12
GSBD,NYSE,12
KOPN,NasdaqCM,12
FSCO,NYSE,12
CVLG,NYSE,12
DAKT,NasdaqGS,4
SBGI,NasdaqGS,12
TK,NYSE,12
WTBF.B,OTCPK,12
DFIN,NYSE,12
BBN,NYSE,12
VYX,NYSE,12
EEX,NYSE,12
GDRX,NasdaqGS,12
BJRI,NasdaqGS,12
ESRT,NYSE,12
MGTX,NasdaqGS,12
RHLD,NYSE,12
NLST,OTCPK,12
OPY,NYSE,12
GTM,NasdaqGS,12
WSR,NYSE,12
SH,ARCA,12
ASPI,NasdaqCM,12
MSEX,NasdaqGS,12
FLOC,NYSE,12
USPH,NYSE,12
DJP,ARCA,12
DRTS,NasdaqCM,12
SENE.A,NasdaqGS,12
MFA,NYSE,12
SBSI,NYSE,12
OXLC,NasdaqGS,3
BRBR,NYSE,9
METC,NasdaqGS,12
LXRX,NasdaqCM,12
KODK,NYSE,12
ACEL,NYSE,12
AEBI,NasdaqGS,12
IMSR,NasdaqGS,12
LUXE,NYSE,6
SPTX,NasdaqGS,12
CFFN,NasdaqGS,9
PSIX,NasdaqCM,12
ARHS,NasdaqGS,12
VRTS,NYSE,12
BTZ,NYSE,12
RJET,NasdaqGS,12
HBNC,NasdaqGS,12
TRUP,NasdaqGM,12
EQBK,NYSE,12
TRON,NasdaqCM,12
NHP,NasdaqGM,12
BCX,NYSE,12
GLAS.F,OTCPK,12
JCAP,NasdaqGS,12
SCSC,NasdaqGS,6
ASIC,NYSE,12
MCBS,NasdaqGS,12
BFST,NasdaqGS,12
EFOR,NYSE,12
TYG,NYSE,11
LMB,NasdaqCM,12
BH.A,NYSE,12
SANA,NasdaqGS,12
BMEZ,NYSE,12
CRTO,NasdaqGS,12
FMCB,OTCPK,12
HGYM.F,OTCPK,12
MBWM,NasdaqGS,12
SSYS,NasdaqGS,12
TIGR,NasdaqGS,12
PCRX,NasdaqGS,12
PMT,NYSE,12
HNRG,NasdaqCM,12
APEI,NasdaqGS,12
NPK,NYSE,12
BBDC,NYSE,12
RPC,NYSE,12
KURA,NasdaqGS,12
CERT,NasdaqGS,12
TRST,NasdaqGS,12
APC,NasdaqCM,12
AMTB,NYSE,12
SBNC,OTCPK,12
FSBC,NasdaqGS,12
AIAI,NasdaqGM,12
LXU,NYSE,12
ABUS,NasdaqGS,12
SPRY,NasdaqGM,12
ESQ,NasdaqCM,12
NRGV,NYSE,12
UTL,NYSE,12
CCNE,NasdaqGS,12
JMIA,NYSE,12
HPK,NasdaqGM,12
CPF,NYSE,12
CRAI,NasdaqGS,12
MFIC,NasdaqGS,12
GLIB.A,NasdaqGS,12
JANX,NasdaqGM,12
HAFC,NasdaqGS,12
NUTX,NasdaqCM,12
ANNX,NasdaqGS,12
QDEL,NasdaqGS,12
YALA,NYSE,12
SPIR,NYSE,12
INMD,NasdaqGS,12
SHEN,NasdaqGS,12
XNCR,NasdaqGM,12
MOMO,NasdaqGS,12
NXP,NYSE,3
JBSS,NasdaqGS,6
ORIC,NasdaqGS,12
BOW,NYSE,12
SMP,NYSE,12
CRCT,NasdaqGS,12
TALK,NasdaqCM,12
ARKO,NasdaqCM,12
BCSF,NYSE,12
LYTS,NasdaqGS,6
SCHL,NasdaqGS,5
ABX,NYSE,12
MYE,NYSE,12
WOOF,NasdaqGS,1
JBGS,NYSE,12
CODI,NYSE,12
MOV,NYSE,1
MDRX,OTCPK,12
BFS,NYSE,12
UDOW,ARCA,12
CCOI,NasdaqGS,12
NX,NYSE,10
CAC,NasdaqGS,12
CGNT,NasdaqGS,1
GO,NasdaqGS,12
NB,NasdaqGM,6
FMNB,NasdaqCM,12
UGL,ARCA,12
WGO,NYSE,8
AVTX,NasdaqCM,12
EVMN,NYSE,12
EVC,NYSE,12
ETON,NasdaqGM,12
EGBN,NasdaqCM,12
NBBK,NasdaqCM,9
AMPH,NasdaqGS,12
MATW,NasdaqGS,9
TBPH,NasdaqGM,12
MPB,NasdaqGM,12
KRO,NYSE,12
GROY,NYSEAM,12
ADAM,NasdaqGS,12
TSAT,NasdaqGS,12
CAPL,NYSE,12
AURA,NasdaqGM,12
ROOT,NasdaqGS,12
THFF,NasdaqGS,12
LOT,NasdaqGS,6
MTUS,NYSE,12
CPPT.L,OTCPK,12
APOG,NasdaqGS,2
PFLT,NYSE,9
GSHD,NasdaqGS,12
FCBC,NasdaqGS,12
VOR,NasdaqGS,12
AMJB,ARCA,12
AGNT,NasdaqGM,12
WLKP,NYSE,12
GSM,NasdaqCM,12
EPC,NYSE,9
GGN,NYSEAM,12
ESPR,NasdaqGM,12
NXDR,NYSE,12
NAVI,NasdaqGS,12
ODTX,NasdaqCM,12
LBRX,NasdaqGM,12
RDVT,NasdaqCM,12
GERN,NasdaqGS,12
BBSI,NasdaqGS,12
OMER,NasdaqGM,12
IBTA,NYSE,12
EIG,NYSE,12
CDNL,NasdaqGS,12
CYRX,NasdaqCM,12
TRNS,NasdaqGM,3
AVO,NasdaqGS,10
SSII,NasdaqCM,12
KFRC,NYSE,12
KOP,NYSE,12
CTMX,NasdaqGS,12
WEST,NasdaqGM,12
SMNR,OTCPK,12
GSBC,NasdaqGS,12
CCBG,NasdaqGS,12
SPFI,NasdaqGS,12
MRLN,NasdaqGM,12
RHNO,OTCPK,12
MITK,NasdaqCM,9
DC,NYSEAM,12
HTB,NYSE,6
ACGP,OTCPK,12
HBIA,OTCPK,12
BIOA,NasdaqGS,12
GRPN,NasdaqGS,12
PD,NYSE,1
ODD,NasdaqGM,12
SXC,NYSE,12
PHAT,NasdaqGS,12
SMBC,NasdaqGM,6
HZO,NYSE,9
DXYZ,NYSE,12
PGC,NasdaqGS,12
FNGO,ARCA,12
FOXF,NasdaqGS,12
RLMD,NasdaqCM,12
CBRL,NasdaqGS,7
NMFC,NasdaqGS,12
BRSP,NYSE,12
CGBD,NasdaqGS,12
FBYD,NasdaqGM,12
ALLO,NasdaqGS,12
ALPI.B,OTCPK,12
LMRI,NasdaqGS,12
KRNT,NasdaqGS,12
FEIM,NasdaqGM,4
SLDP,NasdaqGS,12
WRLD,NasdaqGS,3
NXRT,NYSE,12
RMT,NYSE,12
EH,NasdaqGM,12
IVR,NYSE,12
ORRF,NasdaqCM,12
HSTM,NasdaqGS,12
GDOT,NYSE,12
PHIG,OTCPK,12
JBI,NYSE,12
TBLD,NasdaqGS,9
OPFI,NYSE,12
SERV,NasdaqCM,12
SLDB,NasdaqGS,12
BLMN,NasdaqGS,12
LCLN,NYSE,12
FTK,NYSE,12
REPX,NYSEAM,12
VTS,NYSE,12
QNST,NasdaqGS,6
BBOT,NasdaqGM,12
ALRS,NasdaqCM,12
ADSE,NasdaqCM,12
REPL,NasdaqGS,3
FWRG,NasdaqGS,12
FDUS,NasdaqGS,12
VELO,NasdaqCM,12
SLRC,NasdaqGS,12
MCDI.F,OTCPK,12
FISI,NasdaqGS,12
SMBK,NYSE,12
DJCO,NasdaqCM,9
DGXX,NasdaqCM,12
MRVI,NasdaqGS,12
TMCR,NasdaqCM,12
IBCP,NasdaqGS,12
GFR,NYSE,12
BTBT,NasdaqCM,12
ANRO,NYSE,9
RSKD,NYSE,12
TXO,NYSE,12
MEC,NYSE,12
YSWY,NasdaqGS,12
PEO,NYSE,12
AMWD,NasdaqGM,4
CBLL,NasdaqGS,12
TENX,NasdaqCM,12
GDRZ.F,OTCPK,12
NTGR,NasdaqGS,12
MNTN,NYSE,12
NABL,NYSE,12
SABR,NasdaqGS,12
BTGO,NYSE,12
CTO,NYSE,12
BALY,NYSE,12
RBTK,OTCPK,12
UYG,ARCA,12
LAES,NasdaqGS,12
SHBI,NasdaqGS,12
NOAH,NYSE,12
OIO,NasdaqCM,12
BOE,NYSE,12
VEL,NYSE,12
CBIO,NasdaqCM,12
VLGE.A,NasdaqGS,12
TIPT,NasdaqCM,12
ZVRA,NasdaqGS,12
VRRM,NasdaqCM,12
YB,NasdaqGM,12
KRUS,NasdaqGM,8
HQ,NasdaqCM,12
NKLR,NasdaqGM,12
EVER,NasdaqGM,12
RSVR,NasdaqGM,3
RWT,NYSE,12
SWBI,NasdaqGS,4
HOV,NYSE,10
NGVC,NYSE,9
RR,NasdaqCM,9
HIPO,NYSE,12
ACP,NYSE,12
BZH,NYSE,9
FBRT,NYSE,12
SWRD,OTCPK,12
IHRT,NasdaqGS,12
SVMB,OTCPK,12
THVB,OTCPK,12
PKE,NYSE,3
OXM,NYSE,2
GPRK,NYSE,12
VINP,NasdaqGS,12
CRMD,NasdaqGM,12
ELA,NYSEAM,12
MTC,NasdaqCM,12
VMO,NYSE,10
TLRY,NasdaqGS,5
ASC,NYSE,12
AXG,NasdaqCM,3
DSGN,NasdaqGS,12
BHK,NYSE,12
CD,NasdaqGM,12
CSV,NYSE,12
CSHR,NasdaqGS,12
CNNE,NYSE,12
CWBC,NasdaqCM,12
HY,NYSE,12
TRTX,NYSE,12
HPP,NYSE,12
UTZ,NYSE,12
OFRM,NYSE,12
CTGO,NYSEAM,12
NCDL,NYSE,12
BWMX,NYSE,12
AMBZ,OTCPK,12
SGP,NasdaqGS,12
PSQ,ARCA,12
VTEX,NYSE,12
GCMG,NasdaqGM,12
CLFD,NasdaqGM,9
PRME,NasdaqGM,12
GRNT,NYSE,12
DGIC.A,NasdaqGS,12
DMII,NasdaqGM,12
HRTG,NYSE,12
CSTL,NasdaqGM,12
SB,NYSE,12
PSTL,NYSE,12
PAR,NYSE,12
HIFS,NasdaqGM,12
ACRS,NasdaqGS,12
TCBX,NYSE,12
BUI,NYSE,12
OTCM,OTCPK,12
CCSI,NasdaqGS,12
HELE,NasdaqGS,2
CLB,NYSE,12
GAIN,NasdaqGS,3
GEMI,NasdaqGS,12
IMMX,NasdaqCM,12
SIBN,NasdaqGM,12
EVOH,OTCPK,12
KE,NasdaqGS,6
RGR,NYSE,12
WASH,NasdaqGS,12
EMD,NYSE,12
SWIM,NasdaqGS,12
MRAM,NasdaqGM,12
IDR,NYSEAM,12
SWMR,NasdaqCM,12
GOGO,NasdaqGS,12
RYAM,NYSE,12
CABA,NasdaqGS,12
DNA,NYSE,12
FFPP,OTCPK,12
BCAL,NasdaqCM,12
GOOD,NasdaqGS,12
PHR,NYSE,1
CERS,NasdaqGM,12
CADL,NasdaqGM,12
MHD,NYSE,12
DNUT,NasdaqGS,12
CARE,NasdaqGS,12
AROW,NasdaqGS,12
ASIX,NYSE,12
AIV,NYSE,12
INN,NYSE,12
GDYN,NasdaqCM,12
TDUP,NasdaqGS,12
AMRQ.F,OTCPK,12
RRBI,NasdaqGS,12
ILPT,NasdaqGS,12
BCSS,NYSE,12
PFIS,NasdaqGS,12
EVAC,NYSE,12
FNGS,ARCA,12
ATMP,BATS,12
ALT,NasdaqGM,12
CASS,NasdaqGS,12
ASTL,NasdaqGM,3
NFBK,NasdaqGS,12
CEPF,NasdaqGM,12
NPB,NYSE,12
PACK,NYSE,12
TECX,NasdaqGM,12
IRWD,NasdaqGS,12
IIM,NYSE,2
RCBC,OTCPK,12
EIKN,NasdaqGS,12
BHB,NYSEAM,12
SPCE,NYSE,12
NVRI,NYSE,12
PRAA,NasdaqGS,12
CRNC,NasdaqGS,9
MCS,NYSE,12
DDI,NasdaqGS,12
TASK,NasdaqGS,12
ARVN,NasdaqGS,12
ONT,NYSE,12
RAJA.F,OTCPK,12
BVS,NasdaqGS,12
MSBI,NasdaqGS,12
SPYU,ARCA,12
UHT,NYSE,12
CARS,NYSE,12
HUYA,NYSE,12
TWN,NYSE,12
AMSF,NasdaqGS,12
ZNOG,OTCPK,12
HKD,NYSE,4
LEGH,NasdaqGS,12
CCXI,NasdaqGM,12
VLNT,OTCPK,12
FET,NYSE,12
GRRR,NasdaqCM,12
NRDS,NasdaqGM,12
MCFT,NasdaqGM,6
RIGL,NasdaqGS,12
NPCE,NasdaqGM,12
MLAB,NasdaqGS,3
MMU,NYSE,12
TATT,NasdaqGM,12
AEXA,NYSE,12
GUT,NYSE,12
MAMA,NasdaqCM,1
UNTY,NasdaqGM,12
RPD,NasdaqGM,12
MG,NYSE,12
VGM,NYSE,2
EGY,NYSE,12
ORN,NYSE,12
TRAX,NasdaqGS,12
EROK,NYSE,12
TCMD,NasdaqGM,12
ACNB,NasdaqCM,12
AGMB,NasdaqGS,12
BWMN,NasdaqGM,12
BETR,NasdaqGM,12
WDH,NYSE,12
NRIM,NasdaqGS,12
ASMB,NasdaqGS,12
MDXG,NasdaqCM,12
ALOY,NasdaqCM,12
WTI,NYSE,12
SSTK,NYSE,12
SFST,NasdaqGM,12
SRTA,NasdaqCM,12
MLR,NYSE,12
ECC,NYSE,12
DDL,NYSE,12
XMAX,NasdaqCM,12
HQL,NYSE,9
RBBN,NasdaqGS,12
PUBM,NasdaqGM,12
VKQ,NYSE,2
KRT,NasdaqGS,12
FFIC,NasdaqGS,12
CTKB,NasdaqGS,12
SD,NYSE,12
BBNX,NasdaqGM,12
GYRE,NasdaqCM,12
MBUU,NasdaqGM,6
CPS,NYSE,12
BDN,NYSE,12
CIVB,NasdaqCM,12
ACHV,NasdaqCM,12
BGY,NYSE,12
SKYC,OTCPK,12
OSPN,NasdaqCM,12
DSU,NYSE,12
GUG,NYSE,5
IIIN,NYSE,9
TREE,NasdaqGS,12
PRTA,NasdaqGS,12
TOYO,NasdaqCM,12
WCCB,OTCPK,12
EDIT,NasdaqGS,12
ASPN,NYSE,12
TNGY,NYSE,12
BIT,NYSE,10
FIP,NasdaqGS,12
BWEL,OTCPK,12
PRTH,NasdaqCM,12
BWB,NasdaqCM,12
ETD,NYSE,6
IQI,NYSE,2
DDD,NYSE,12
SPPP,ARCA,12
CSM,BATS,12
CLYM,NasdaqGM,12
DDM,ARCA,12
XOMA,NasdaqGM,12
DPG,NYSE,12
TRC,NYSE,12
AIOT,NasdaqGM,12
BME,NYSE,12
CBNK,NasdaqGS,12
GLRE,NasdaqGS,12
KRNY,NasdaqGS,6
FDMT,NasdaqGS,12
EBF,NYSE,2
AHRT,NYSE,12
MVST,NasdaqCM,12
ANGX,NYSE,12
KYTX,NasdaqGS,12
FLGT,NasdaqGM,12
IPI,NYSE,12
WILC,NasdaqCM,12
OLP,NYSE,12
MCCK,OTCPK,12
VCV,NYSE,2
OWLS,NasdaqGM,12
OIS,NYSE,12
EACO,OTCPK,12
OVID,NasdaqCM,12
TROO,NasdaqCM,12
NWAX,NYSE,12
CLDT,NYSE,12
HBCP,NasdaqGS,12
BOT,NasdaqGM,12
CTNM,NasdaqGS,12
AQST,NasdaqGM,12
MCTA,NasdaqCM,3
VXX,BATS,12
LZM,NYSE,12
CRD.B,NYSE,12
HKHC,OTCPK,12
ACIC,NasdaqCM,12
CIC.U,NYSE,12
ANDG,NYSE,12
AUTL,NasdaqGS,12
ADV,NasdaqGS,12
BLZE,NasdaqGM,12
ALIT,NYSE,12
TITN,NasdaqGS,1
PANL,NasdaqCM,12
NGS,NYSE,12
UXIN,NasdaqGS,3
MNRO,NasdaqGS,3
ABAT,NasdaqCM,6
CXII.U,NasdaqGM,12
FXF,ARCA,12
BLW,NYSE,12
CAL,NYSE,1
BSRR,NasdaqGS,12
MATV,NYSE,12
RWWI,OTCPK,12
SCVL,NasdaqGS,1
SFIX,NasdaqGS,7
MLAA,NasdaqGM,12
DBIN,OTCPK,12
BKKT,NYSE,12
OOMA,NYSE,1
YORW,NasdaqGS,12
STRO,NasdaqGM,12
SES,NYSE,12
NUAI,NasdaqGM,12
CWCO,NasdaqGS,12
GAMI,OTCPK,12
CCCC,NasdaqGS,12
MAX,NYSE,12
FBIZ,NasdaqGS,12
IFN,NYSE,12
ZSQR,NasdaqGM,12
WEAV,NYSE,12
ANGO,NasdaqGS,5
ANL,NasdaqGM,12
KRSP,NYSE,12
XRN,NYSE,12
WFHG,OTCPK,12
MFSV,NYSE,12
NVEC,NasdaqCM,3
FFMR,OTCPK,12
CUSI,OTCPK,12
ANSC,NasdaqGM,9
EBS,NYSE,12
CRAN,NasdaqGM,9
COFS,NasdaqCM,12
VVR,NYSE,12
TOI,NasdaqCM,12
FXE,ARCA,12
NEXN,NasdaqGM,12
CINT,NYSE,12
GTEN,NasdaqGM,12
OCGN,NasdaqCM,12
FXY,ARCA,12
FBRX,NasdaqCM,12
CWH,NYSE,12
CHCT,NYSE,12
TWI,NYSE,12
PLAY,NasdaqGS,1
HTT,NYSE,12
PACB,NasdaqGS,12
TSSI,NasdaqCM,12
APXT,NasdaqGM,12
JOUT,NasdaqGS,9
FULC,NasdaqGM,12
MSC,NYSE,12
BBW,NYSE,1
CMCL,NYSEAM,12
OBT,NasdaqCM,12
PDLB,NasdaqGM,12
STTK,NasdaqGS,12
LXFR,NYSE,12
UPB,NasdaqGS,12
KLC,NYSE,12
CMCO,NasdaqGS,3
BBBY,NYSE,12
LOCO,NasdaqGS,12
GLOO,NasdaqGS,1
BCOM.F,OTCPK,12
BCAR,NasdaqGM,12
IMXI,NasdaqCM,12
YMAX,ARCA,12
OSS,NasdaqCM,12
SGMT,NasdaqGM,12
ZKH,NYSE,9
ECX,NasdaqGM,12
SPT,NasdaqCM,12
ESEA,NasdaqCM,12
CATX,NYSEAM,12
BOIL,ARCA,12
CLNE,NasdaqGS,12
ACTG,NasdaqGS,12
9984,TSE,3
285A,TSE,3
7203,TSE,3
8306,TSE,3
9983,TSE,8
8035,TSE,3
6501,TSE,3
8316,TSE,3
6758,TSE,3
6861,TSE,3
6981,TSE,3
6857,TSE,3
8058,TSE,3
8411,TSE,3
1305,TSE,0
6098,TSE,3
4063,TSE,3
8031,TSE,3
8766,TSE,3
8001,TSE,3
4519,TSE,12
6503,TSE,3
7011,TSE,3
9432,TSE,3
2914,TSE,12
7182,TSE,3
9434,TSE,3
5802,TSE,3
9433,TSE,3
7741,TSE,3
6752,TSE,3
7974,TSE,3
8053,TSE,3
1320,TSE,0
8002,TSE,3
6723,TSE,12
6762,TSE,3
5803,TSE,3
4502,TSE,3
6954,TSE,3
8015,TSE,3
6146,TSE,3
8591,TSE,3
6367,TSE,3
6702,TSE,3
8725,TSE,3
6201,TSE,0
4062,TSE,3
4578,TSE,12
8750,TSE,3
6301,TSE,3
6701,TSE,3
6178,TSE,3
7267,TSE,3
8630,TSE,3
2802,TSE,3
6902,TSE,3
4568,TSE,3
8802,TSE,3
6971,TSE,3
8308,TSE,3
5108,TSE,12
3382,TSE,2
6273,TSE,3
4901,TSE,3
8801,TSE,3
1605,TSE,12
4503,TSE,3
8309,TSE,3
8604,TSE,3
9020,TSE,3
7269,TSE,3
8267,TSE,2
7751,TSE,12
4661,TSE,3
5801,TSE,3
5016,TSE,3
4543,TSE,3
6920,TSE,6
5020,TSE,3
7936,TSE,12
4004,TSE,12
8830,TSE,3
6594,TSE,3
9022,TSE,3
6326,TSE,12
5706,TSE,3
4307,TSE,3
4689,TSE,3
5401,TSE,3
7013,TSE,3
4452,TSE,12
9766,TSE,3
6383,TSE,12
1812,TSE,3
6361,TSE,12
1925,TSE,3
9735,TSE,3
4091,TSE,3
9503,TSE,3
7012,TSE,3
7532,TSE,6
4507,TSE,3
5713,TSE,3
3407,TSE,3
7832,TSE,3
4612,TSE,12
6504,TSE,3
2502,TSE,12
1802,TSE,3
1801,TSE,3
9502,TSE,3
9101,TSE,3
1928,TSE,1
2503,TSE,12
8601,TSE,3
8697,TSE,3
9531,TSE,3
7735,TSE,3
6988,TSE,3
9532,TSE,3
8795,TSE,3
6976,TSE,3
6963,TSE,3
5334,TSE,3
7453,TSE,8
7733,TSE,3
6479,TSE,3
8473,TSE,3
6506,TSE,2
9104,TSE,3
3659,TSE,12
8593,TSE,3
4684,TSE,3
5333,TSE,3
6525,TSE,3
7186,TSE,3
1803,TSE,3
7270,TSE,3
7259,TSE,3
4755,TSE,12
3402,TSE,3
5019,TSE,3
9107,TSE,3
8421,TSE,3
8113,TSE,12
8331,TSE,3
7202,TSE,3
3436,TSE,12
7181,TSE,3
9435,TSE,3
5831,TSE,3
5201,TSE,12
4188,TSE,3
9843,TSE,3
7309,TSE,12
6586,TSE,3
1944,TSE,3
2587,TSE,12
7201,TSE,3
9202,TSE,3
2801,TSE,3
7911,TSE,3
6841,TSE,3
9697,TSE,3
4186,TSE,12
4151,TSE,12
9147,TSE,12
3003,TSE,12
5332,TSE,3
7272,TSE,12
7550,TSE,3
5844,TSE,3
7167,TSE,3
1942,TSE,3
8354,TSE,3
8303,TSE,3
3563,TSE,9
6645,TSE,3
7912,TSE,3
3099,TSE,3
4716,TSE,5
9201,TSE,3
4768,TSE,12
9021,TSE,3
7701,TSE,3
8136,TSE,3
8439,TSE,3
9412,TSE,3
6856,TSE,12
5101,TSE,12
8951,TSE,6
4528,TSE,3
6305,TSE,3
9042,TSE,3
4523,TSE,3
2768,TSE,3
4182,TSE,3
8359,TSE,3
2875,TSE,3
4911,TSE,12
5411,TSE,3
2702,TSE,12
2269,TSE,3
1878,TSE,3
9602,TSE,2
4021,TSE,3
6787,TSE,3
2413,TSE,3
7747,TSE,6
9962,TSE,3
4005,TSE,3
6370,TSE,3
3064,TSE,12
5344,TSE,3
6724,TSE,3
8729,TSE,3
6113,TSE,3
9005,TSE,3
6806,TSE,3
4204,TSE,3
6448,TSE,3
3289,TSE,3
3288,TSE,9
543A,TSE,3
6532,TSE,2
9401,TSE,3
9684,TSE,3
3092,TSE,3
3088,TSE,3
6869,TSE,3
9501,TSE,3
3110,TSE,3
3391,TSE,2
6481,TSE,12
5830,TSE,3
9143,TSE,3
6845,TSE,3
6965,TSE,9
7752,TSE,3
8952,TSE,9
9023,TSE,3
4704,TSE,12
8334,TSE,3
4732,TSE,3
4042,TSE,3
2267,TSE,3
8953,TSE,2
1911,TSE,12
4324,TSE,12
5838,TSE,3
5406,TSE,3
3231,TSE,3
4183,TSE,3
4980,TSE,3
5929,TSE,3
8377,TSE,3
9508,TSE,3
8060,TSE,12
2897,TSE,3
3626,TSE,3
6324,TSE,3
6465,TSE,12
6368,TSE,3
5991,TSE,3
6134,TSE,3
7276,TSE,3
8572,TSE,3
9024,TSE,3
9072,TSE,3
7261,TSE,3
3283,TSE,5
1808,TSE,3
4506,TSE,3
9404,TSE,3
9513,TSE,3
3462,TSE,8
5444,TSE,3
8341,TSE,3
3769,TSE,9
4751,TSE,9
4385,TSE,6
7729,TSE,3
6269,TSE,12
8804,TSE,12
2371,TSE,3
6323,TSE,2
1599,TSE,0
5393,TSE,3
9041,TSE,3
5711,TSE,3
8227,TSE,2
6473,TSE,3
3861,TSE,3
2327,TSE,3
7564,TSE,3
6268,TSE,12
268A,TSE,12
6674,TSE,3
1963,TSE,0
3281,TSE,2
2670,TSE,2
1959,TSE,3
8972,TSE,4
2501,TSE,12
1721,TSE,3
5714,TSE,3
3197,TSE,12
6302,TSE,12
7731,TSE,3
5076,TSE,3
6754,TSE,3
7220,TSE,3
4403,TSE,3
8050,TSE,3
2212,TSE,12
4203,TSE,3
4536,TSE,3
5901,TSE,3
7337,TSE,3
3038,TSE,10
8253,TSE,3
6471,TSE,3
5021,TSE,3
1969,TSE,3
2579,TSE,12
8233,TSE,2
5741,TSE,3
3132,TSE,3
1951,TSE,3
7180,TSE,3
9064,TSE,3
3291,TSE,3
5105,TSE,12
4088,TSE,3
7762,TSE,3
6871,TSE,12
2282,TSE,0
3774,TSE,3
2809,TSE,11
4626,TSE,3
7282,TSE,3
9007,TSE,3
5631,TSE,3
8418,TSE,3
2181,TSE,3
3086,TSE,2
7459,TSE,3
7189,TSE,3
8984,TSE,8
4676,TSE,3
2002,TSE,3
5110,TSE,12
4527,TSE,3
9142,TSE,3
9001,TSE,3
2331,TSE,0
9009,TSE,3
7327,TSE,3
8954,TSE,2
5832,TSE,3
8960,TSE,11
9301,TSE,3
5214,TSE,12
3635,TSE,3
7951,TSE,3
6526,TSE,3
7649,TSE,2
9506,TSE,3
8252,TSE,3
5233,TSE,3
3405,TSE,12
6460,TSE,3
5938,TSE,3
4816,TSE,3
4733,TSE,3
6141,TSE,12
9468,TSE,3
4368,TSE,3
1860,TSE,3
8012,TSE,3
2871,TSE,3
4631,TSE,12
7211,TSE,3
5947,TSE,3
3349,TSE,5
1893,TSE,3
8056,TSE,3
8963,TSE,12
9364,TSE,3
8368,TSE,3
8366,TSE,3
5805,TSE,3
8088,TSE,3
6508,TSE,3
6407,TSE,3
1662,TSE,3
9065,TSE,3
8985,TSE,12
9706,TSE,3
7003,TSE,3
6728,TSE,6
4912,TSE,12
6923,TSE,3
9533,TSE,3
3269,TSE,1
7240,TSE,3
6770,TSE,3
4967,TSE,12
7419,TSE,3
2531,TSE,3
4812,TSE,12
4613,TSE,3
9989,TSE,3
9008,TSE,3
4205,TSE,3
429A,TSE,3
6753,TSE,3
2433,TSE,3
5471,TSE,3
4401,TSE,3
9831,TSE,3
8283,TSE,3
9076,TSE,3
6278,TSE,12
7988,TSE,3
6952,TSE,3
7173,TSE,3
1332,TSE,3
9006,TSE,3
9336,TSE,3
485A,TSE,12
5463,TSE,3
3116,TSE,3
2784,TSE,3
2264,TSE,3
7966,TSE,3
8358,TSE,3
6890,TSE,3
8955,TSE,12
3105,TSE,12
3350,TSE,12
6507,TSE,3
7164,TSE,3
4966,TSE,3
5301,TSE,12
4043,TSE,3
6592,TSE,12
6622,TSE,3
8424,TSE,3
8304,TSE,3
6005,TSE,3
7380,TSE,3
9605,TSE,3
3923,TSE,3
4061,TSE,3
8524,TSE,3
4681,TSE,3
9048,TSE,3
3249,TSE,1
1961,TSE,3
417A,TSE,3
3941,TSE,3
8425,TSE,3
7984,TSE,12
6951,TSE,3
2229,TSE,3
9987,TSE,3
1417,TSE,3
3309,TSE,4
8078,TSE,3
3471,TSE,10
6590,TSE,3
8020,TSE,3
2206,TSE,12
6740,TSE,3
4194,TSE,7
9436,TSE,3
9449,TSE,12
4202,TSE,3
3549,TSE,5
3397,TSE,3
6135,TSE,3
141A,TSE,6
6101,TSE,3
7389,TSE,3
9069,TSE,3
6925,TSE,3
186A,TSE,4
2222,TSE,3
9045,TSE,3
4118,TSE,3
8410,TSE,3
1980,TSE,3
6417,TSE,3
2810,TSE,3
4272,TSE,3
6960,TSE,3
8282,TSE,3
8570,TSE,2
4666,TSE,10
9409,TSE,3
3401,TSE,3
3226,TSE,2
6544,TSE,3
2593,TSE,4
3279,TSE,11
8381,TSE,3
6432,TSE,2
9504,TSE,3
5384,TSE,3
4922,TSE,12
2607,TSE,3
9934,TSE,3
3107,TSE,3
8544,TSE,3
6703,TSE,3
3048,TSE,8
4114,TSE,3
9303,TSE,3
3387,TSE,2
6777,TSE,3
4902,TSE,3
9302,TSE,3
6454,TSE,3
8976,TSE,5
7806,TSE,9
8174,TSE,3
3186,TSE,11
9507,TSE,3
8111,TSE,3
8242,TSE,3
9044,TSE,3
8361,TSE,3
4927,TSE,12
4208,TSE,3
9418,TSE,8
6136,TSE,11
4099,TSE,12
8522,TSE,3
4516,TSE,3
8086,TSE,3
2432,TSE,3
4540,TSE,3
7867,TSE,3
6744,TSE,3
1719,TSE,3
8386,TSE,3
8370,TSE,3
5857,TSE,3
2296,TSE,3
8876,TSE,3
4686,TSE,3
8129,TSE,3
8919,TSE,3
6996,TSE,3
6472,TSE,3
8961,TSE,2
8714,TSE,3
1979,TSE,3
7581,TSE,8
8367,TSE,3
6371,TSE,3
1941,TSE,3
1950,TSE,3
3292,TSE,1
7716,TSE,12
8388,TSE,3
1414,TSE,6
1488,TSE,0
7685,TSE,12
8628,TSE,3
8967,TSE,1
4373,TSE,3
3466,TSE,8
6516,TSE,3
3994,TSE,11
2730,TSE,3
6834,TSE,3
7014,TSE,3
6436,TSE,3
5331,TSE,3
6995,TSE,3
8022,TSE,3
6103,TSE,3
3282,TSE,1
3234,TSE,1
1861,TSE,3
4680,TSE,3
2726,TSE,0
8986,TSE,9
7826,TSE,6
9744,TSE,3
2782,TSE,3
8336,TSE,3
7004,TSE,3
3591,TSE,3
2811,TSE,12
4046,TSE,3
6013,TSE,3
9003,TSE,3
7381,TSE,3
6849,TSE,3
9075,TSE,3
4443,TSE,5
7278,TSE,3
7956,TSE,12
3295,TSE,8
290A,TSE,12
7744,TSE,12
8154,TSE,3
8133,TSE,3
8964,TSE,6
6490,TSE,3
9616,TSE,3
6315,TSE,3
6055,TSE,3
7994,TSE,3
4206,TSE,3
547A,TSE,3
6457,TSE,3
8850,TSE,3
2001,TSE,3
2201,TSE,3
1820,TSE,3
6376,TSE,12
8066,TSE,3
8194,TSE,2
4107,TSE,12
7313,TSE,3
6498,TSE,12
3148,TSE,5
9031,TSE,3
2127,TSE,3
6670,TSE,3
9861,TSE,2
7906,TSE,3
6736,TSE,3
4047,TSE,3
4971,TSE,12
8098,TSE,3
1833,TSE,0
5727,TSE,0
4887,TSE,3
7947,TSE,3
9759,TSE,3
4634,TSE,12
3569,TSE,3
3050,TSE,2
8848,TSE,3
1946,TSE,3
4665,TSE,3
6412,TSE,3
6814,TSE,2
5703,TSE,3
8956,TSE,10
9627,TSE,4
4041,TSE,3
3445,TSE,12
9793,TSE,2
2659,TSE,2
1333,TSE,3
2384,TSE,12
4553,TSE,3
3433,TSE,3
3046,TSE,8
7616,TSE,3
1515,TSE,3
6366,TSE,3
7981,TSE,3
4483,TSE,3
8609,TSE,3
3697,TSE,8
7970,TSE,3
9509,TSE,3
6941,TSE,3
6875,TSE,3
8566,TSE,3
8273,TSE,2
2270,TSE,3
8511,TSE,3
4045,TSE,12
5482,TSE,3
7485,NSE,0
4975,TSE,3
3360,TSE,0
8346,TSE,3
3097,TSE,6
9110,TSE,3
6707,TSE,3
8987,TSE,12
9869,TSE,9
3481,TSE,8
5451,TSE,3
6866,TSE,12
4544,TSE,3
2121,TSE,3
6651,TSE,0
6254,TSE,3
1377,TSE,5
2337,TSE,2
8957,TSE,7
5423,TSE,3
8616,TSE,3
5032,TSE,4
1885,TSE,3
9956,TSE,3
8360,TSE,3
7730,TSE,8
7846,TSE,12
9948,TSE,2
2815,TSE,3
5232,TSE,3
6966,TSE,1
9678,TSE,10
464A,TSE,5
8130,TSE,3
6588,TSE,3
3101,TSE,3
6807,TSE,3
1926,TSE,3
7740,TSE,12
9505,TSE,3
7458,TSE,3
3222,TSE,2
8966,TSE,5
8278,TSE,2
7296,TSE,3
9746,TSE,9
2175,TSE,3
7456,TSE,3
1968,TSE,3
8600,TSE,3
7322,TSE,3
7734,TSE,3
4617,TSE,3
6632,TSE,3
1766,TSE,4
5186,TSE,3
9682,TSE,3
8392,TSE,3
1934,TSE,3
8218,TSE,3
9119,TSE,3
7242,TSE,3
2154,TSE,6
8698,TSE,3
8393,TSE,3
4095,TSE,3
4547,TSE,3
3905,TSE,3
6524,TSE,12
6395,TSE,12
6914,TSE,12
5310,TSE,12
3296,TSE,6
4784,TSE,12
6480,TSE,3
319A,TSE,12
8803,TSE,3
7476,TSE,3
8584,TSE,3
3076,TSE,6
8923,TSE,11
6250,TSE,12
7287,TSE,3
7184,TSE,3
2317,TSE,3
2685,TSE,2
2602,TSE,0
3106,TSE,3
4928,TSE,9
2874,TSE,9
9960,TSE,3
4521,TSE,3
6235,TSE,12
7995,TSE,3
1952,TSE,3
8968,TSE,8
9551,TSE,3
9068,TSE,3
9830,TSE,12
4023,TSE,3
3480,TSE,10
3498,TSE,8
3468,TSE,7
9715,TSE,3
8051,TSE,3
7224,TSE,3
3880,TSE,3
8585,TSE,3
2160,TSE,12
9025,TSE,3
456A,TSE,1
4722,TSE,12
1723,TSE,3
3863,TSE,3
9936,TSE,3
6284,TSE,9
9601,TSE,2
1835,TSE,3
9037,TSE,3
7864,TSE,3
3287,TSE,10
7222,TSE,3
9882,TSE,3
7630,TSE,2
7976,TSE,12
4974,TSE,3
3167,TSE,3
3104,TSE,3
6523,TSE,3
6750,TSE,3
2124,TSE,12
7177,TSE,12
4369,TSE,1
6997,TSE,3
4587,TSE,12
2588,TSE,0
8214,TSE,3
7599,TSE,2
7157,TSE,3
3865,TSE,3
6420,TSE,3
1879,TSE,0
4694,TSE,3
6804,TSE,3
2805,TSE,3
6745,TSE,3
5975,TSE,3
4628,TSE,3
3191,TSE,6
4478,TSE,6
4970,TSE,3
6617,TSE,3
8975,TSE,10
2695,TSE,10
5715,TSE,3
3964,TSE,12
8934,TSE,3
7350,TSE,3
5930,TSE,3
6486,TSE,3
7148,TSE,9
8337,TSE,3
9974,TSE,2
4028,TSE,3
4216,TSE,3
7412,TSE,3
8032,TSE,3
8345,TSE,3
6474,TSE,11
9708,TSE,3
3543,TSE,2
3449,TSE,12
7972,TSE,12
4958,TSE,9
8276,TSE,2
1965,TSE,3
8179,TSE,12
2760,TSE,3
4461,TSE,3
8097,TSE,3
9716,TSE,2
8958,TSE,9
9672,TSE,12
1720,TSE,3
7172,TSE,12
3156,TSE,3
7552,TSE,3
4187,TSE,11
3765,TSE,12
7780,TSE,3
6800,TSE,3
7821,TSE,6
7944,TSE,12
1762,TSE,3
4776,TSE,12
2281,TSE,3
1982,TSE,3
3778,TSE,3
2928,SPSE,0
4534,TSE,3
8595,TSE,3
8074,TSE,3
3002,TSE,3
8362,TSE,3
4293,TSE,12
6379,TSE,3
6727,TSE,3
6961,TSE,3
9842,TSE,2
4471,TSE,3
3201,TSE,11
8871,TSE,3
7512,TSE,2
167A,TSE,3
7545,TSE,2
5842,TSE,12
9039,TSE,3
8061,TSE,3
9832,TSE,3
7516,TSE,2
4071,TSE,9
4633,TSE,12
9166,TSE,1
4384,TSE,0
4259,TSE,3
6340,TSE,6
6227,TSE,6
8387,TSE,3
9824,TSE,10
3612,TSE,2
7384,TSE,3
1663,TSE,12
215A,TSE,10
8117,TSE,3
3087,TSE,2
6855,TSE,3
5911,TSE,3
6999,TSE,3
8153,TSE,3
9519,TSE,3
5273,TSE,3
5192,TSE,3
2678,TSE,5
5161,TSE,3
5253,TSE,3
7283,TSE,3
4914,TSE,3
6080,TSE,9
9722,TSE,12
6183,TSE,2
9010,TSE,3
8037,TSE,3
3465,TSE,3
1479,TSE,0
9090,TSE,3
6209,TSE,3
8198,TSE,2
7513,TSE,8
2146,TSE,3
7483,TSE,3
9699,TSE,9
8343,TSE,3
2625,TSE,0
1407,TSE,8
8892,TSE,3
6737,TSE,3
2004,TSE,3
8818,TSE,3
6332,TSE,3
5726,TSE,3
2492,TSE,12
4985,TSE,12
6613,TSE,3
6351,TSE,3
5943,TSE,12
6455,TSE,3
9267,TSE,6
4592,TSE,1
4044,TSE,3
1909,TSE,3
8399,TSE,3
6627,TSE,12
2109,TSE,3
6197,TSE,3
8057,TSE,7
1975,TSE,3
1948,TSE,3
6143,TSE,12
6947,TSE,3
5992,TSE,3
6741,TSE,3
8016,TSE,2
8508,TSE,12
8014,TSE,3
4559,TSE,3
9347,TSE,3
8977,TSE,11
1871,TSE,3
2737,TSE,3
6652,TSE,3
9757,TSE,12
8059,TSE,3
4189,TSE,12
9887,TSE,3
9413,TSE,3
8219,TSE,3
6330,TSE,3
5122,TSE,3
2653,TSE,2
446A,TSE,1
4180,TSE,12
6104,TSE,3
8550,TSE,3
7721,TSE,3
8344,TSE,3
4819,TSE,3
7943,TSE,3
TRUL,CNSX,12
GTII,CNSX,12
HG,CNSX,9
DRUG,CNSX,9
BTQ,NEOE,12
VREO,CNSX,12
VRNO,NEOE,12
CL,CNSX,12
BITZ.U,CNSX,12
BHP,ASX,6
CBA,ASX,6
WBC,ASX,9
NAB,ASX,9
ANZ,ASX,9
WES,ASX,6
MQG,ASX,3
FMG,ASX,6
GMG,ASX,6
WDS,ASX,12
TLS,ASX,6
TCL,ASX,6
CSL,ASX,6
WOW,ASX,6
SIG,ASX,1
QBE,ASX,12
ALL,ASX,9
COL,ASX,6
NST,ASX,6
STO,ASX,12
EVN,ASX,6
BXB,ASX,6
PLS,ASX,6
S32,ASX,6
CPU,ASX,6
REA,ASX,6
SCG,ASX,12
LYC,ASX,6
JHX,ASX,3
ORG,ASX,6
SUN,ASX,6
IAG,ASX,6
SGH,ASX,6
SOL,ASX,7
PME,ASX,6
MIN,ASX,6
QAN,ASX,6
XRO,ASX,3
BSL,ASX,6
APA,ASX,6
WTC,ASX,6
MPL,ASX,6
ALQ,ASX,3
NXT,ASX,6
TLC,ASX,6
VCX,ASX,6
ORI,ASX,9
TNE,ASX,9
CAR,ASX,6
SGP,ASX,6
CHC,ASX,6
SHL,ASX,6
GGP,ASX,6
GPT,ASX,12
SFR,ASX,6
ASX,ASX,6
YAL,ASX,12
LNW,ASX,12
QUB,ASX,6
REH,ASX,6
RHC,ASX,6
JBH,ASX,6
AFI,ASX,6
ALD,ASX,12
LTR,ASX,6
TPG,ASX,12
CDA,ASX,6
IGO,ASX,6
WHC,ASX,6
ALX,ASX,12
AZJ,ASX,6
PRU,ASX,6
HUB,ASX,6
GMD,ASX,6
ARG,ASX,6
COH,ASX,6
MGR,ASX,6
CMM,ASX,6
DNL,ASX,9
GOLD,ASX,12
WOR,ASX,6
CGF,ASX,6
RMS,ASX,6
BEN,ASX,6
DXS,ASX,6
APE,ASX,12
AGL,ASX,6
HVN,ASX,6
DOW,ASX,6
NWL,ASX,6
SGM,ASX,6
CWY,ASX,6
EDV,ASX,6
VNT,ASX,12
PDN,ASX,6
NHC,ASX,7
360,ASX,12
WGX,ASX,6
RRL,ASX,6
NIC,ASX,12
SDF,ASX,6
TLX,ASX,12
VAU,ASX,6
SEK,ASX,6
GQG,ASX,12
BRG,ASX,6
BOQ,ASX,8
AMP,ASX,12
BFL,ASX,12
EMR,ASX,6
ANN,ASX,6
PDI,ASX,6
PNI,ASX,6
WAF,ASX,6
VEA,ASX,12
NWH,ASX,6
AUB,ASX,6
ILU,ASX,12
TWE,ASX,6
MTS,ASX,4
NHF,ASX,6
MND,ASX,6
ZIP,ASX,6
MP1,ASX,6
MFF,ASX,6
DRO,ASX,12
LSF,ASX,6
MSB,ASX,6
BWP,ASX,6
DBI,ASX,12
OBM,ASX,6
RSG,ASX,6
L1G,ASX,6
RGN,ASX,6
SUL,ASX,6
SMR,ASX,12
HDN,ASX,12
LOV,ASX,6
EOS,ASX,12
BPT,ASX,6
CLW,ASX,6
CIA,ASX,3
4DX,ASX,6
ELV,ASX,6
AUI,ASX,6
DRR,ASX,12
RWC,ASX,6
MXT,ASX,6
SRL,ASX,6
BGL,ASX,6
CTD,ASX,6
FLT,ASX,6
CQR,ASX,6
MAH,ASX,6
IMD,ASX,6
ALK,ASX,6
DVP,ASX,6
VGN,ASX,6
GYG,ASX,6
PMV,ASX,7
IPX,ASX,6
PRN,ASX,6
VUL,ASX,6
REG,ASX,6
DDR,ASX,12
MAQ,ASX,6
SRG,ASX,6
EVT,ASX,6
CBO,ASX,6
MGH,ASX,12
MI6,ASX,6
PXA,ASX,12
CIP,ASX,6
ASK,ASX,6
PPT,ASX,6
GNP,ASX,12
WLE,ASX,6
TEA,ASX,6
SLC,ASX,6
NEU,ASX,12
ZIM,ASX,6
TAH,ASX,6
WAM,ASX,6
GLF,ASX,12
LLC,ASX,6
RDX,ASX,6
MAD,ASX,6
KCN,ASX,6
WBT,ASX,6
SLX,ASX,6
BGA,ASX,6
ELS,ASX,12
DMP,ASX,6
ASB,ASX,6
JDO,ASX,6
ABB,ASX,6
BRE,ASX,12
FFM,ASX,6
GDG,ASX,6
ARB,ASX,6
GOZ,ASX,6
CNI,ASX,6
MFG,ASX,6
ORA,ASX,6
DYL,ASX,6
INA,ASX,6
WPR,ASX,12
SIQ,ASX,12
NEC,ASX,6
DTL,ASX,6
LIN,ASX,6
SSM,ASX,6
BKI,ASX,6
KAR,ASX,6
DGT,ASX,6
MLX,ASX,6
CYL,ASX,6
SNL,ASX,6
TBN,ASX,12
PYC,ASX,6
GCI,ASX,6
MMS,ASX,6
ARF,ASX,6
HLI,ASX,12
NGI,ASX,6
ARU,ASX,6
HMC,ASX,6
NCK,ASX,6
PNR,ASX,6
ELD,ASX,9
UOS,ASX,12
KLS,ASX,6
IRE,ASX,12
A4N,ASX,6
CAT,ASX,3
NUF,ASX,7
AVR,ASX,12
MAF,ASX,12
CMW,ASX,6
TUA,ASX,12
SDR,ASX,6
OCL,ASX,6
EQR,ASX,12
GNC,ASX,9
SXE,ASX,6
BVS,ASX,6
SKS,ASX,6
RIC,ASX,6
CXO,ASX,6
APZ,ASX,6
PL8,ASX,6
ERA,ASX,12
BCI,ASX,6
GNG,ASX,6
WA1,ASX,6
CKF,ASX,4
IPH,ASX,6
RPL,ASX,12
NAN,ASX,6
HSN,ASX,6
CCL,ASX,6
GLS,ASX,6
LFG,ASX,12
LFS,ASX,12
PWH,ASX,6
CQE,ASX,6
WEB,ASX,6
LGF,ASX,12
EIQ,ASX,12
WGN,ASX,6
CVL,ASX,6
ABG,ASX,6
CU6,ASX,6
CIN,ASX,6
VSL,ASX,6
FCL,ASX,6
AOV,ASX,6
BC8,ASX,6
SGLLV,ASX,12
BMC,ASX,12
OPT,ASX,6
QAL,ASX,6
IDX,ASX,6
PNV,ASX,6
EUR,ASX,6
WIA,ASX,6
PCI,ASX,12
PPC,ASX,6
AAC,ASX,3
WGB,ASX,6
RFF,ASX,6
CCP,ASX,6
ING,ASX,6
WC8,ASX,12
PPM,ASX,12
AYA,ASX,6
MYS,ASX,6
BMN,ASX,6
DXI,ASX,6
DJW,ASX,6
FRS,ASX,12
RF1,ASX,12
SBM,ASX,6
C79,ASX,6
LRV,ASX,12
TVN,ASX,6
FGG,ASX,12
SRV,ASX,6
HM1,ASX,6
SGR,ASX,6
DTR,ASX,6
DUR,ASX,6
IEL,ASX,6
OML,ASX,12
GLN,ASX,6
VETH,ASX,12
SYL,ASX,6
IPG,ASX,6
LIC,ASX,6
IMR,ASX,12
LYL,ASX,6
G6M,ASX,6
TPW,ASX,6
RXL,ASX,6
SHA,ASX,6
FPR,ASX,9
OPH,ASX,12
WHF,ASX,3
FML,ASX,12
MAU,ASX,6
MOT,ASX,6
SHV,ASX,6
CWP,ASX,6
CHN,ASX,6
MIR,ASX,6
RG1,ASX,6
MA1,ASX,12
EHL,ASX,6
FGX,ASX,12
COF,ASX,6
SMI,ASX,6
BOE,ASX,6
AMI,ASX,6
WQG,ASX,6
TCG,ASX,12
MEI,ASX,6
A1M,ASX,6
JMS,ASX,2
AGI,ASX,6
GWA,ASX,6
NXL,ASX,12
AEL,ASX,6
UNI,ASX,12
VMM,ASX,6
RAC,ASX,6
JIN,ASX,6
PFP,ASX,6
PE1,ASX,12
OBL,ASX,6
MMI,ASX,12
SGQ,ASX,6
AIS,ASX,6
29M,ASX,12
TYR,ASX,6
NMG,ASX,9
CUV,ASX,6
AUC,ASX,6
CRN,ASX,12
AEF,ASX,6
REV,ASX,12
ASL,ASX,6
PIC,ASX,6
CDP,ASX,6
INR,ASX,6
VYS,ASX,6
BFG,ASX,12
BTL,ASX,12
CGS,ASX,6
ALI,ASX,6
AZY,ASX,6
MYR,ASX,7
STX,ASX,6
EQT,ASX,6
TTT,ASX,6
MGX,ASX,6
AFG,ASX,6
KSC,ASX,6
PC2,ASX,6
RG8,ASX,12
SVM,ASX,6
USL,ASX,6
EOL,ASX,6
KSL,ASX,12
QOR,ASX,6
HCH,ASX,6
KGN,ASX,6
BRN,ASX,12
WMI,ASX,6
HCW,ASX,6
CVW,ASX,6
ASM,ASX,6
MTM,ASX,12
TM1,ASX,6
ACL,ASX,6
ASG,ASX,6
BTR,ASX,6
IGL,ASX,6
MYG,ASX,6
TOK,ASX,12
AX1,ASX,6
SPZ,ASX,6
BLX,ASX,6
MEK,ASX,6
AIH,ASX,9
HZN,ASX,6
CEL,ASX,12
TTX,ASX,6
DXC,ASX,6
LGI,ASX,6
NVA,ASX,6
OMA,ASX,6
BM1,ASX,6
PBH,ASX,6
3DA,ASX,6
PPS,ASX,6
SST,ASX,12
CTM,ASX,12
MM8,ASX,12
PLA,ASX,6
SVL,ASX,6
STN,ASX,6
APX,ASX,12
RMC,ASX,6
DUG,ASX,12
GDI,ASX,6
PIA,ASX,6
STK,ASX,12
COG,ASX,6
WMX,ASX,12
MPW,ASX,6
AS1,ASX,6
PAC,ASX,6
BAP,ASX,6
SXL,ASX,6
SPL,ASX,6
TRE,ASX,12
SUG,NSX,12
GRX,ASX,6
HUM,ASX,6
FTI,ASX,6
TBR,ASX,6
RHI,ASX,6
NTU,ASX,6
AMH,ASX,6
TGN,ASX,6
MVF,ASX,6
GG8,ASX,6
CAY,ASX,6
SVR,ASX,6
WHI,ASX,6
ACF,ASX,6
FID,ASX,6
KOA,ASX,6
SLS,ASX,6
CBE,ASX,6
WTM,ASX,12
TGM,ASX,6
AQI,ASX,6
SYR,ASX,12
PGC,ASX,6
GVF,ASX,6
XRF,ASX,6
SFC,ASX,6
MRT,ASX,6
POL,ASX,6
BCN,ASX,6
MCM,ASX,6
PSC,ASX,6
AAR,ASX,6
EGH,ASX,6
CVN,ASX,6
SKY,ASX,12
ERM,ASX,6
SK1,ASX,7
HLS,ASX,6
BOC,ASX,12
ALR,ASX,6
AEM,ASX,12
HAV,ASX,7
AUE,ASX,6
ADH,ASX,6
AMA,ASX,6
ATR,ASX,6
KGL,ASX,12
IMB,ASX,6
CYM,ASX,12
CVC,ASX,6
KOV,ASX,6
REP,ASX,6
MM1,ASX,12
7709,SEHK,0
1768,SEHK,0
3277,SEHK,0
2833,SEHK,0
2723,SEHK,0
68,SEHK,0
7747,SEHK,0
2442,SEHK,0
2675,SEHK,0
9678,SEHK,0
1428,SEHK,0
7688,SEHK,0
2617,SEHK,0
7226,SEHK,0
2066,SEHK,0
3310,SEHK,0
901,SEHK,0
9636,SEHK,0
3625,SEHK,0
1083,SEHK,0
1236,SEHK,0
2627,SEHK,0
6938,SEHK,0
2665,SEHK,0
1958,SEHK,0
975,SEHK,0
3887,SEHK,0
376,SEHK,0
UIBU,SGX,0
5WJ,SGX,0
YF8,SGX,0
HQU,SGX,0
5UF,SGX,0
LJ3,SGX,0
H30,SGX,0
S20,SGX,0
CHZ,SGX,0
A31,SGX,0
8AZ,SGX,0
S08,SGX,0
H07,SGX,0
5LY,SGX,0
U9E,SGX,0
QES,SGX,0
WJP,SGX,0
E3,SGX,0
QC7,SGX,0
O10,SGX,0
P34,SGX,0
C41,SGX,0
Q01,SGX,0
M1GU,SGX,0
H18,SGX,0
S56,SGX,0
1MZ,SGX,0
F83,SGX,0
5JS,SGX,0
ZQM,SGX,0
BN2,SGX,0
B58,SGX,0
1D0,Catalist,0
U13,SGX,0
5TP,Catalist,0
AW9U,SGX,0
BDX,SGX,0
S3N,SGX,0
5CF,SGX,0
5HV,Catalist,0
MV4,SGX,0
5DD,SGX,0
BHK,SGX,0
ZKX,SGX,0
KUO,SGX,0
42C,Catalist,0
5GD,SGX,0
ODBU,SGX,0
T24,SGX,0
B28,SGX,0
M01,SGX,0
Y03,SGX,0
JCO,SGX,0
S35,SGX,0
1D4,Catalist,0
MXNU,SGX,0
A30,SGX,0
A04,SGX,0
5IG,SGX,0
DHLU,SGX,0
BBW,SGX,0
N02,SGX,0
5UX,SGX,0
I07,SGX,0
AWZ,SGX,0
BTM,SGX,0
5JK,SGX,0
UD1U,SGX,0
S85,SGX,0
OXMU,SGX,0
LCC,Catalist,0
BTE,SGX,0
1J4,Catalist,0
AWI,SGX,0
QNS,Catalist,0
41O,SGX,0
G20,SGX,0
H12,SGX,0
5IC,SGX,0
BEW,SGX,0
TCU,SGX,0
BQF,SGX,0
500,SGX,0
CMOU,SGX,0
DM0,SGX,0
BQM,SGX,0
NR7,SGX,0
X5N,SGX,0
W8W,SGX,0
ITS,SGX,0
CLN,SGX,0
BMGU,SGX,0
MR7,SGX,0
B73,SGX,0
DU4,SGX,0
5VS,SGX,0
C33,SGX,0
9MT,Catalist,0
L19,SGX,0
ER0,SGX,0
SHE,SGX,0
Z59,SGX,0
J2T,SGX,0
M14,SGX,0
40T,Catalist,0
T12,SGX,0
K75,SGX,0
D03,SGX,0
42R,Catalist,0
G0I,SGX,0
Q0X,SGX,0
S7OU,SGX,0
41,Catalist,0
LVR,SGX,0
BLS,SGX,0
XZL,SGX,0
T13,SGX,0
BTG,SGX,0
1F2,SGX,0
5ML,Catalist,0
5WA,Catalist,0
BNE,SGX,0
TKU,Catalist,0
D5IU,SGX,0
S23,SGX,0
575,SGX,0
G50,SGX,0
OAJ,Catalist,0
L02,SGX,0
BCY,SGX,0
BEZ,SGX,0
BTOU,SGX,0
T41,SGX,0
5DP,SGX,0
S44,SGX,0
RXS,SGX,0
S19,SGX,0
5MZ,SGX,0
BPF,SGX,0
V7R,Catalist,0
42L,Catalist,0
BDR,SGX,0
5WH,SGX,0
O9E,SGX,0
C9Q,SGX,0
PPC,Catalist,0
1J5,Catalist,0
BTP,SGX,0
F86,SGX,0
NXR,Catalist,0
BQD,SGX,0
XJB,SGX,0
Y3D,SGX,0
WKS,Catalist,0
42E,SGX,0
S71,SGX,0
42T,Catalist,0
5AE,Catalist,0
8YY,Catalist,0
N08,SGX,0
BIP,SGX,0
5AB,SGX,0
BHU,SGX,0
TAP,Catalist,0
F13,SGX,0
Y35,SGX,0
5SO,SGX,0
5SR,SGX,0
533,SGX,0
FQ7,SGX,0
579,SGX,0
1L2,SGX,0
BKA,SGX,0
CHJ,SGX,0
40V,Catalist,0
I49,SGX,0
D8DU,SGX,0
WPC,Catalist,0
546,Catalist,0
S69,SGX,0
URR,Catalist,0
566,SGX,0
595,Catalist,0
C76,SGX,0
PA3,SGX,0
U77,SGX,0
42W,Catalist,0
RQ1,SGX,0
N01,SGX,0
NEX,Catalist,0
KJ5,SGX,0
5NV,SGX,0
BKX,SGX,0
5WF,Catalist,0
1E3,Catalist,0
5UL,Catalist,0
BBP,SGX,0
5DS,Catalist,0
5G2,Catalist,0
B49,SGX,0
ZB9,SGX,0
1AZ,Catalist,0
11,Catalist,0
BTJ,SGX,0
GEH,Catalist,0
43A,Catalist,0
5NF,Catalist,0
BFT,Catalist,0
42S,Catalist,0
YK9,Catalist,0
A55,SGX,0
K29,SGX,0
LMS,Catalist,0
53W,Catalist,0
87,Catalist,0
1A1,Catalist,0
XZB,Catalist,0
5DM,SGX,0
M05,SGX,0
5I1,Catalist,0
1C0,Catalist,0
C06,SGX,0
T55,SGX,0
1R6,SGX,0
9G2,Catalist,0
XVG,Catalist,0
42F,Catalist,0
AYN,SGX,0
S29,SGX,0
KIN,Catalist,0
L23,SGX,0
S9,SGX,0
BEI,SGX,0
C8R,Catalist,0
Y8E,Catalist,0
BIX,SGX,0
AWG,SGX,0
CTO,SGX,0
O08,SGX,0
5PC,SGX,0
1V3,Catalist,0
BFI,SGX,0
C05,SGX,0
5LE,Catalist,0
569,SGX,0
I06,SGX,0
AVX,SGX,0
554,SGX,0
508,Catalist,0
N0Z,SGX,0
1Y1,Catalist,0
504,Catalist,0
BDA,SGX,0
UZF,Catalist,0
43Q,Catalist,0
541,Catalist,0
5PO,Catalist,0
1F3,SGX,0
E6R,SGX,0
5F7,Catalist,0
5EG,Catalist,0
OTX,Catalist,0
MIJ,Catalist,0
VIN,Catalist,0
5TT,SGX,0
BDU,SGX,0
CNE,SGX,0
J03,SGX,0
596,SGX,0
BKZ,SGX,0
DRX,Catalist,0
P8A,SGX,0
5MD,Catalist,0
5PD,Catalist,0
R14,SGX,0
43,Catalist,0
5GZ,Catalist,0
BQC,SGX,0
SGR,Catalist,0
BQN,SGX,0
C13,SGX,0
BJZ,SGX,0
OTS,Catalist,0
5AI,Catalist,0
5HH,Catalist,0
YSV,Catalist,0
A33,SGX,0
BFU,SGX,0
P36,SGX,0
505,Catalist,0
C04,SGX,0
5SY,Catalist,0
594,Catalist,0
GRQ,Catalist,0
K03,SGX,0
E27,SGX,0
1D1,Catalist,0
BKW,SGX,0
5GI,SGX,0
CYW,Catalist,0
QS9,SGX,0
LGH,Catalist,0
5AU,SGX,0
5CT,Catalist,0
AWC,SGX,0
AOF,Catalist,0
BAZ,SGX,0
LS9,SGX,0
16,Catalist,0
5EV,Catalist,0
XHV,Catalist,0
BTX,SGX,0
BRD,SGX,0
AAJ,SGX,0
PH0,Catalist,0
AWK,SGX,0
543,SGX,0
5OI,Catalist,0
A52,Catalist,0
570,SGX,0
5IF,Catalist,0
10,SGX,0
BXE,SGX,0
BQP,SGX,0
540,Catalist,0
MF6,SGX,0
1H8,Catalist,0
5PF,Catalist,0
5VP,Catalist,0
40W,Catalist,0
5RA,Catalist,0
QZG,Catalist,0
5I,Catalist,0
KYB,Catalist,0
5G9,Catalist,0
5VC,Catalist,0
CJN,SGX,0
5G1,Catalist,0
5I,SGX,0
PRH,Catalist,0
1D5,Catalist,0
CEDU,SGX,0
41F,Catalist,0
BJV,SGX,0
5UA,Catalist,0
AJ2,SGX,0
H20,SGX,0
ENV,Catalist,0
BCV,SGX,0
N32,Catalist,0
5OQ,Catalist,0
42N,Catalist,0
9I7,Catalist,0
5OC,Catalist,0
49,SGX,0
532,Catalist,0
1H2,Catalist,0
5FW,Catalist,0
VI2,Catalist,0
SEJ,Catalist,0
AZA,SGX,0
Z4D,Catalist,0
5RE,Catalist,0
TVV,Catalist,0
FRQ,Catalist,0
BLZ,Catalist,0
V8Y,Catalist,0
TWL,Catalist,0
5F4,Catalist,0
Y06,SGX,0
5TJ,Catalist,0
5WV,Catalist,0
AYV,SGX,0
5DO,SGX,0
BFK,SGX,0
M15,Catalist,0
43E,Catalist,0
P74,SGX,0
RCU,Catalist,0
583,Catalist,0
BAI,Catalist,0
BCZ,SGX,0
9QX,Catalist,0
BCD,SGX,0
1J7,Catalist,0
5EB,Catalist,0
51O,Catalist,0
5HG,Catalist,0
UUK,Catalist,0
5EF,Catalist,0
BLU,SGX,0
5CR,Catalist,0
F10,Catalist,0
WNH,Catalist,0
BHD,SGX,0
YYB,Catalist,0
5FX,Catalist,0
584,Catalist,0
WJ9,Catalist,0
BAC,SGX,0
A005930,KOSE,0
A000660,KOSE,0
A005380,KOSE,0
A402340,KOSE,0
A009150,KOSE,0
A373220,KOSE,0
A028260,KOSE,0
A032830,KOSE,0
A329180,KOSE,0
A034020,KOSE,0
A012330,KOSE,0
A000270,KOSE,0
A066570,KOSE,0
A207940,KOSE,0
A012450,KOSE,0
A105560,KOSE,0
A006400,KOSE,0
A055550,KOSE,0
A035420,KOSE,0
A068270,KOSE,0
A010120,KOSE,0
A267260,KOSE,0
A042660,KOSE,0
A011070,KOSE,0
A034730,KOSE,0
A298040,KOSE,0
A000150,KOSE,0
A005490,KOSE,0
A086790,KOSE,0
A009540,KOSE,0
A006800,KOSE,0
A010130,KOSE,0
A018260,KOSE,0
A042700,KOSE,0
A051910,KOSE,0
A307950,KOSE,0
A003550,KOSE,0
A015760,KOSE,0
A000810,KOSE,0
A017670,KOSE,0
A010140,KOSE,0
A064350,KOSE,0
A316140,KOSE,0
A003670,KOSE,0
A247540,KOSDAQ,0
A267250,KOSE,0
A196170,KOSDAQ,0
A096770,KOSE,0
A033780,KOSE,0
A272210,KOSE,0
A035720,KOSE,0
A011200,KOSE,0
A138040,KOSE,0
A086520,KOSDAQ,0
A086280,KOSE,0
A079550,KOSE,0
A024110,KOSE,0
A278470,KOSE,0
A047810,KOSE,0
A000720,KOSE,0
A277810,KOSDAQ,0
A071050,KOSE,0
A064400,KOSE,0
A030200,KOSE,0
A006260,KOSE,0
A0126Z0,KOSE,0
A010950,KOSE,0
A005940,KOSE,0
A016360,KOSE,0
A259960,KOSE,0
A323410,KOSE,0
A047050,KOSE,0
A443060,KOSE,0
A007660,KOSE,0
A028050,KOSE,0
A047040,KOSE,0
A039490,KOSE,0
A003490,KOSE,0
A352820,KOSE,0
A454910,KOSE,0
A353200,KOSE,0
A001440,KOSE,0
A003230,KOSE,0
A036930,KOSDAQ,0
A000880,KOSE,0
A161390,KOSE,0
A005830,KOSE,0
A950160,KOSDAQ,0
A034220,KOSE,0
A000250,KOSDAQ,0
A062040,KOSE,0
A180640,KOSE,0
A028300,KOSDAQ,0
A000990,KOSE,0
A058470,KOSDAQ,0
A326030,KOSE,0
A032640,KOSE,0
A267270,KOSE,0
A009830,KOSE,0
A078930,KOSE,0
A090430,KOSE,0
A128940,KOSE,0
A010060,KOSE,0
A087010,KOSDAQ,0
A377300,KOSE,0
A241560,KOSE,0
A021240,KOSE,0
A298380,KOSDAQ,0
A000100,KOSE,0
A000500,KOSE,0
A066970,KOSE,0
A022100,KOSE,0
A336260,KOSE,0
A108490,KOSDAQ,0
A001040,KOSE,0
A036570,KOSE,0
A440110,KOSDAQ,0
A039030,KOSDAQ,0
A141080,KOSDAQ,0
A018880,KOSE,0
A011790,KOSE,0
A138930,KOSE,0
A088980,KOSE,0
A082740,KOSE,0
A004020,KOSE,0
A052690,KOSE,0
A271560,KOSE,0
A240810,KOSDAQ,0
A029780,KOSE,0
A178320,KOSDAQ,0
A310210,KOSDAQ,0
A175330,KOSE,0
A103590,KOSE,0
A004170,KOSE,0
A319400,KOSDAQ,0
A095340,KOSDAQ,0
A273130,KOSE,0
A450080,KOSE,0
A023530,KOSE,0
A214370,KOSDAQ,0
A002380,KOSE,0
A051900,KOSE,0
A403870,KOSDAQ,0
A222800,KOSDAQ,0
A347850,KOSDAQ,0
A088350,KOSE,0
A489790,KOSE,0
A226950,KOSDAQ,0
A012510,KOSE,0
A005850,KOSE,0
A278540,KOSE,0
A233740,KOSE,0
A020150,KOSE,0
A251270,KOSE,0
A080220,KOSDAQ,0
A011170,KOSE,0
A004800,KOSE,0
A111770,KOSE,0
A010170,KOSDAQ,0
A302440,KOSE,0
A097950,KOSE,0
A214450,KOSDAQ,0
A131970,KOSDAQ,0
A036460,KOSE,0
A035250,KOSE,0
A357780,KOSDAQ,0
A031210,KOSE,0
A011780,KOSE,0
A007810,KOSE,0
A009420,KOSE,0
A204320,KOSE,0
A214150,KOSDAQ,0
A017800,KOSE,0
A375500,KOSE,0
A014680,KOSE,0
A058610,KOSDAQ,0
A457190,KOSE,0
A043260,KOSDAQ,0
A064760,KOSDAQ,0
A084370,KOSDAQ,0
A005290,KOSDAQ,0
A139130,KOSE,0
A028670,KOSE,0
A383220,KOSE,0
A319660,KOSDAQ,0
A237690,KOSDAQ,0
A145020,KOSDAQ,0
A263750,KOSDAQ,0
A032820,KOSDAQ,0
A001450,KOSE,0
A483650,KOSE,0
A006360,KOSE,0
A069960,KOSE,0
A067310,KOSDAQ,0
A011210,KOSE,0
A012750,KOSE,0
A071970,KOSE,0
A439260,KOSE,0
A139480,KOSE,0
A257720,KOSDAQ,0
A082920,KOSDAQ,0
A100790,KOSDAQ,0
A026960,KOSE,0
A001740,KOSE,0
A051600,KOSE,0
A000240,KOSE,0
A279570,KOSE,0
A003690,KOSE,0
A031980,KOSDAQ,0
A008930,KOSE,0
A098460,KOSDAQ,0
A004370,KOSE,0
A218410,KOSDAQ,0
A083650,KOSDAQ,0
A00090,KOSDAQ,0
A120110,KOSE,0
A007340,KOSE,0
A282330,KOSE,0
A009970,KOSE,0
A078600,KOSDAQ,0
A229640,KOSE,0
A131290,KOSDAQ,0
A030530,KOSDAQ,0
A103140,KOSE,0
A068760,KOSDAQ,0
A007070,KOSE,0
A018670,KOSE,0
A008770,KOSE,0
A097230,KOSE,0
A161890,KOSE,0
A005440,KOSE,0
A095610,KOSDAQ,0
A081660,KOSE,0
A322000,KOSE,0
A192820,KOSE,0
A112610,KOSE,0
A140860,KOSDAQ,0
A183300,KOSDAQ,0
A001430,KOSE,0
A140410,KOSDAQ,0
A030000,KOSE,0
A035900,KOSDAQ,0
A002790,KOSE,0
A290650,KOSDAQ,0
A181710,KOSE,0
A041510,KOSDAQ,0
A085620,KOSE,0
A004990,KOSE,0
A060370,KOSDAQ,0
A007390,KOSDAQ,0
A089030,KOSDAQ,0
A003540,KOSE,0
A462870,KOSE,0
A323280,KOSDAQ,0
A420770,KOSDAQ,0
A000120,KOSE,0
A017960,KOSE,0
A005070,KOSE,0
A437730,KOSDAQ,0
A476830,KOSDAQ,0
A023590,KOSE,0
A298020,KOSE,0
A006280,KOSE,0
A077970,KOSE,0
A039200,KOSDAQ,0
A347700,KOSDAQ,0
A395400,KOSE,0
A361610,KOSE,0
A006040,KOSE,0
A001800,KOSE,0
A127120,KOSDAQ,0
A445680,KOSDAQ,0
A032350,KOSE,0
A069620,KOSE,0
A001120,KOSE,0
A020560,KOSE,0
A031330,KOSDAQ,0
A099320,KOSDAQ,0
A096530,KOSDAQ,0
A397030,KOSDAQ,0
A417200,KOSDAQ,0
A032500,KOSDAQ,0
A101490,KOSDAQ,0
A475830,KOSDAQ,0
A195870,KOSE,0
A001720,KOSE,0
A089970,KOSDAQ,0
A475150,KOSE,0
A073240,KOSE,0
A027360,KOSDAQ,0
A090710,KOSDAQ,0
A003530,KOSE,0
A490470,KOSDAQ,0
A232140,KOSDAQ,0
A036540,KOSDAQ,0
A038500,KOSDAQ,0
A192080,KOSE,0
A189300,KOSDAQ,0
A004000,KOSE,0
A294870,KOSE,0
A030610,KOSE,0
A491000,KOSDAQ,0
A281820,KOSE,0
A195940,KOSDAQ,0
A085660,KOSDAQ,0
A065350,KOSDAQ,0
A034230,KOSE,0
A458870,KOSDAQ,0
A281740,KOSDAQ,0
A295310,KOSDAQ,0
A090360,KOSDAQ,0
A328130,KOSDAQ,0
A415640,KOSE,0
A001820,KOSE,0
A166090,KOSDAQ,0
A115180,KOSDAQ,0
A093370,KOSE,0
A466100,KOSDAQ,0
A006110,KOSE,0
A388720,KOSDAQ,0
A089860,KOSE,0
A007310,KOSE,0
A000210,KOSE,0
A082640,KOSE,0
A439960,KOSDAQ,0
A000080,KOSE,0
A456040,KOSE,0
A204270,KOSDAQ,0
A388210,KOSDAQ,0
A003570,KOSE,0
A048410,KOSDAQ,0
A003380,KOSDAQ,0
A005300,KOSE,0
A100090,KOSE,0
A161580,KOSDAQ,0
A137400,KOSDAQ,0
A496320,XKON,0
A003470,KOSE,0
A330590,KOSE,0
A356860,KOSDAQ,0
A300720,KOSE,0
A012630,KOSE,0
A185750,KOSE,0
A124500,KOSDAQ,0
A009450,KOSE,0
A0195S0,KOSE,0
A280360,KOSE,0
A090460,KOSE,0
A365550,KOSE,0
A036830,KOSDAQ,0
A033100,KOSDAQ,0
A377460,KOSDAQ,0
A006340,KOSE,0
A376900,KOSDAQ,0
A456160,KOSDAQ,0
A083450,KOSDAQ,0
A126340,KOSDAQ,0
A248070,KOSE,0
A050890,KOSDAQ,0
A160190,KOSDAQ,0
A298050,KOSE,0
A222080,KOSDAQ,0
A213420,KOSDAQ,0
A052020,KOSDAQ,0
A108320,KOSE,0
A005690,KOSE,0
A000670,KOSE,0
A137310,KOSE,0
A336370,KOSE,0
A006120,KOSE,0
A086450,KOSDAQ,0
A057050,KOSE,0
A153130,KOSE,0
A499790,KOSE,0
A451800,KOSE,0
A358570,KOSDAQ,0
A293490,KOSDAQ,0
A033790,KOSDAQ,0
A074600,KOSDAQ,0
A030190,KOSE,0
A122870,KOSDAQ,0
A079900,KOSE,0
A025540,KOSE,0
A075580,KOSE,0
A010780,KOSE,0
A071320,KOSE,0
A035760,KOSDAQ,0
A486990,KOSDAQ,0
A214320,KOSE,0
A003240,KOSE,0
A005090,KOSE,0
A033640,KOSDAQ,0
A014620,KOSDAQ,0
A476060,KOSDAQ,0
A121600,KOSDAQ,0
A023160,KOSDAQ,0
A056080,KOSDAQ,0
A052400,KOSDAQ,0
A094170,KOSDAQ,0
A046890,KOSDAQ,0
A253450,KOSDAQ,0
A006650,KOSE,0
A033240,KOSE,0
A032190,KOSDAQ,0
A241710,KOSDAQ,0
A192400,KOSE,0
A285130,KOSE,0
A252990,KOSDAQ,0
A004490,KOSE,0
A056190,KOSDAQ,0
A365340,KOSDAQ,0
A003090,KOSE,0
A178920,KOSE,0
A002020,KOSE,0
A003850,KOSE,0
A079160,KOSE,0
A348370,KOSDAQ,0
A100840,KOSE,0
A036530,KOSE,0
A171090,KOSDAQ,0
A053610,KOSDAQ,0
A000370,KOSE,0
A064960,KOSE,0
A060250,KOSDAQ,0
A182400,KOSDAQ,0
A001510,KOSE,0
A044490,KOSDAQ,0
A174900,KOSDAQ,0
A336570,KOSDAQ,0
A005880,KOSE,0
A009520,KOSDAQ,0
A001680,KOSE,0
A348210,KOSDAQ,0
A003160,KOSE,0
A389470,KOSDAQ,0
A002350,KOSE,0
A003620,KOSE,0
A484870,KOSE,0
A317450,KOSE,0
A037460,KOSDAQ,0
A249420,KOSE,0
A006730,KOSDAQ,0
A383310,KOSDAQ,0
A114090,KOSE,0
A058650,KOSE,0
A007700,KOSE,0
A008060,KOSE,0
A112040,KOSDAQ,0
A225570,KOSDAQ,0
A399720,KOSDAQ,0
A348340,KOSDAQ,0
A383800,KOSE,0
A082270,KOSDAQ,0
A102940,KOSDAQ,0
A002960,KOSE,0
A293940,KOSE,0
A001570,KOSE,0
A069260,KOSE,0
A059090,KOSDAQ,0
A086900,KOSDAQ,0
A006380,KOSE,0
A001060,KOSE,0
A356680,KOSDAQ,0
A102710,KOSDAQ,0
A005180,KOSE,0
A036810,KOSDAQ,0
A014820,KOSE,0
A033500,KOSDAQ,0
A000400,KOSE,0
A327260,KOSDAQ,0
A003030,KOSE,0
A093050,KOSE,0
A253590,KOSDAQ,0
A000640,KOSE,0
A477850,KOSDAQ,0
A053800,KOSDAQ,0
A001500,KOSE,0
A278280,KOSDAQ,0
A161000,KOSE,0
A376300,KOSDAQ,0
A452260,KOSE,0
A089890,KOSDAQ,0
A015750,KOSDAQ,0
A039130,KOSE,0
A041830,KOSDAQ,0
A089010,KOSDAQ,0
A019210,KOSDAQ,0
A475960,KOSDAQ,0
A245620,KOSDAQ,0
A091170,KOSE,0
A077360,KOSDAQ,0
A093320,KOSDAQ,0
A368770,KOSDAQ,0
A272290,KOSDAQ,0
A005250,KOSE,0
A332570,KOSDAQ,0
A016380,KOSE,0
A122640,KOSDAQ,0
A251350,KOSE,0
A425420,KOSDAQ,0
PVF.UN,TSXV,12
TOI,TSXV,12
ARTG,TSXV,12
LMN,TSXV,12
TRUL,TSXV,12
PSA,TSXV,12
GTII,TSXV,12
HG,TSXV,12
PNG,TSXV,12
HMMC,TSXV,12
MNY,TSXV,12
AFM,TSXV,12
OMG,TSXV,12
SLI,TSXV,12
FMT,TSXV,12
KEC,TSXV,3
ODV,TSXV,5
MOON,TSXV,12
QNC,TSXV,12
MTA,TSXV,12
NCX,TSXV,12
MKO,TSXV,12
DRUG,TSXV,9
NFG,TSXV,12
BTQ,TSXV,12
TAU,TSXV,2
FWZ,TSXV,12
VREO,TSXV,12
SCZ,TSXV,12
AUXX,TSXV,12
WED,TSXV,12
THX,TSXV,12
RML,TSXV,12
AMX,TSXV,12
ASE,TSXV,12
QTWO,TSXV,2
ITR,TSXV,12
ZDC,TSXV,12
MAI,TSXV,12
LGN,TSXV,12
DBG,TSXV,2
BITZ.U,TSXV,9
GSKR,TSXV,12
VRNO,TSXV,12
UCU,TSXV,12
BZ,TSXV,4
CEI,TSXV,12
BYN,TSXV,9
ALDE,TSXV,6
FDR,TSXV,8
NICU,TSXV,6
CL,TSXV,12
REG,TSXV,9
IFOS,TSXV,12
HSTR,TSXV,12
SLG,TSXV,12
CINF,TSXV,12
GGA,TSXV,12
CAD,TSXV,7
RECO,TSXV,12
SICO,TSXV,12
AU,TSXV,12
KRY,TSXV,8
CAMB,TSXV,12
RDS,TSXV,12
WGO,TSXV,12
BRVO,TSXV,12
LA,TSXV,9
PCOR,TSXV,12
NAU,TSXV,12
MAXQ,TSXV,12
ACM,TSXV,9
SVRS,TSXV,3
MAXX,TSXV,12
CUU,TSXV,10
PML,TSXV,12
EU,TSXV,12
BRC,TSXV,10
TNGD,TSXV,12
GQC,TSXV,12
CNC,TSXV,10
EOG,TSXV,3
PCU,TSXV,10
CDPR,TSXV,3
GSVR,TSXV,12
TUD,TSXV,12
ALV,TSXV,12
DPRO,TSXV,12
ANDC,TSXV,12
FISH,TSXV,12
PGDC,TSXV,12
SASK,TSXV,12
SM,TSXV,12
PLSR,TSXV,9
GAL,TSXV,12
MKA,TSXV,12
TECT,TSXV,12
NEXG,TSXV,12
MMY,TSXV,6
PHOS,TSXV,12
PAIN,TSXV,8
LUCA,TSXV,12
HITI,TSXV,10
SUGR,TSXV,12
LIFT,TSXV,12
SURG,TSXV,3
PNPN,TSXV,12
TTS,TSXV,12
HME,TSXV,12
ECU,TSXV,12
MOG,TSXV,11
CBR,TSXV,12
ZNG,TSXV,12
KCP,TSXV,12
RECE,TSXV,1
WRLG,TSXV,12
ENA,TSXV,6
LIFE,TSXV,12
GLAD,TSXV,2
GOT,TSXV,6
VGC,TSXV,12
GHRT,TSXV,12
CAPT,TSXV,9
LIB,TSXV,12
LRA,TSXV,12
CERT,TSXV,12
NURS,TSXV,12
HHH,TSXV,12
RVG,TSXV,6
VROY,TSXV,4
MLP,TSXV,8
HBFG,TSXV,12
AUMB,TSXV,12
SCMI,TSXV,3
BIG,TSXV,12
GPH,TSXV,12
AE,TSXV,12
BLU,TSXV,12
PPP,TSXV,12
SEI,TSXV,12
CKG,TSXV,12
AHR,TSXV,3
PALI,TSXV,12
DE,TSXV,12
PRA,TSXV,12
MGM,TSXV,12
LCX,TSXV,12
FEO,TSXV,12
OGN,TSXV,12
NILI,TSXV,12
PGLD,TSXV,12
SSV,TSXV,4
MACK,TSXV,6
MMA,TSXV,12
AGX,TSXV,12
FAN,TSXV,1
NVRS,TSXV,12
APGO,TSXV,11
GG,TSXV,12
FPC,TSXV,6
LTH,TSXV,12
AXO,TSXV,6
KLD,TSXV,12
NIM,TSXV,12
CTH,TSXV,12
GRSL,TSXV,12
PPX,TSXV,9
BMM,TSXV,12
GRIN,TSXV,12
AAWH.U,TSXV,12
SPA,TSXV,12
HMT,TSXV,12
KTO,TSXV,12
RX,TSXV,12
AXL,TSXV,12
SPRQ,TSXV,12
NCAU,TSXV,12
WPG,TSXV,12
EXN,TSXV,12
WI,TSXV,12
NRC,TSXV,3
SCOT,TSXV,8
CGNT,TSXV,12
EVR,TSXV,12
LITH,TSXV,12
LTC,TSXV,12
KFR,TSXV,11
LG,TSXV,12
AMT,TSXV,12
OMI,TSXV,5
ROCK,TSXV,12
KTN,TSXV,12
TIN,TSXV,12
APXC,TSXV,7
BILD,TSXV,12
MGG,TSXV,4
GGO,TSXV,11
SALT,TSXV,12
FPX,TSXV,12
KUYA,TSXV,12
TPL,TSXV,12
SVE,TSXV,12
NFD.A,TSXV,12
TDG,TSXV,12
PESO,TSXV,1
BOGO,TSXV,7
LI,TSXV,2
FTZ,TSXV,9
AGAG,TSXV,12
DMX,TSXV,6
OGO,TSXV,12
NET.UN,TSXV,12
FLCN,TSXV,12
FL,TSXV,3
AGC,TSXV,6
TUNG,TSXV,12
LEO,TSXV,9
AMQ,TSXV,6
DMET,TSXV,12
AGA,TSXV,7
MSM,TSXV,8
SOI,TSXV,6
GSI,TSXV,8
IFX,TSXV,9
PKT,TSXV,12
OCO,TSXV,5
BLLG,TSXV,3
MJS,TSXV,12
CVV,TSXV,4
LGC,TSXV,12
CCI,TSXV,12
NDA,TSXV,8
AIRX,TSXV,8
HI,TSXV,6
ECR,TSXV,12
TUF,TSXV,12
MLM,TSXV,12
DMGI,TSXV,9
SCRI,TSXV,12
BRAU,TSXV,6
ONYX,TSXV,3
EMPR,TSXV,12
NSE,TSXV,12
VMXX,TSXV,12
NKL,TSXV,1
SUM,TSXV,12
NVRO,TSXV,12
AFE,TSXV,12
PWM,TSXV,11
ARK,TSXV,10
VCU,TSXV,4
AEC,TSXV,12
INTR,TSXV,12
EMO,TSXV,9
CCCM,TSXV,8
IPT,TSXV,12
ETL,TSXV,12
YARR,TSXV,6
SOMA,TSXV,12
ADY,TSXV,12
ATLE,TSXV,12
QIMC,TSXV,9
RCK,TSXV,12
TUO,TSXV,12
FUU,TSXV,6
FMAN,TSXV,11
SGN,TSXV,12
WVM,TSXV,12
AUUA,TSXV,10
PR,TSXV,12
SCD,TSXV,8
SYH,TSXV,3
ASTR,TSXV,3
SPAI,TSXV,12
ELBM,TSXV,12
YGT,TSXV,12
ADE,TSXV,12
ORC.B,TSXV,12
CUAU,TSXV,12
EDG,TSXV,12
DAN,TSXV,12
BRO,TSXV,3
GSR,TSXV,3
FOX,TSXV,6
ARIC,TSXV,12
BQE,TSXV,12
PCRX,TSXV,12
CRE,TSXV,8
ZEN,TSXV,3
MSR,TSXV,12
HAM,TSXV,12
NKG,TSXV,3
SGO,TSXV,12
PGE,TSXV,3
ABI,TSXV,6
UGD,TSXV,12
NWST,TSXV,12
ARGH,TSXV,12
HPQ,TSXV,12
RAIL,TSXV,12
LVX,TSXV,6
BCBN,TSXV,12
SECU,TSXV,9
PALS,TSXV,3
KDK,TSXV,9
GLDC,TSXV,9
ROS,TSXV,10
BEW,TSXV,12
NOM,TSXV,12
ATMY,TSXV,8
AUAU,TSXV,9
TSG,TSXV,12
VIPR,TSXV,12
EPF,TSXV,12
HAN,TSXV,5
NMC,TSXV,12
BLO,TSXV,4
KLDC,TSXV,3
PGZ,TSXV,1
REVX,TSXV,12
VST,TSXV,12
CZZL,TSXV,7
JET,TSXV,12
TIGR,TSXV,7
ARS,TSXV,12
RPX,TSXV,7
RARE,TSXV,7
OTC,TSXV,12
GPAC,TSXV,12
TLT,TSXV,12
WHN,TSXV,12
B,TSXV,8
GWM,TSXV,12
ROK,TSXV,12
COSA,TSXV,12
MHUB,TSXV,1
AZM,TSXV,8
NUR,TSXV,12
NSAV,TSXV,12
SERV,TSXV,12
LEM,TSXV,10
ESK,TSXV,2
EDCU,TSXV,12
SEVA,TSXV,1
ZEFI,TSXV,6
SEAS,TSXV,12
OYL,TSXV,12
PEAK,TSXV,12
LEEF,TSXV,12
DEFN,TSXV,3
TELI,TSXV,8
ANK,TSXV,7
EQ,TSXV,12
DRY,TSXV,12
DB,TSXV,12
AZS,TSXV,8
PLTH,TSXV,12
GSP,TSXV,12
EBM,TSXV,10
ONE,TSXV,10
WMK,TSXV,12
A005930,KRX,12
A000660,KRX,12
700,HKEX,12
1398,HKEX,12
1288,HKEX,12
939,HKEX,12
857,HKEX,12
3988,HKEX,12
941,HKEX,12
RELIANCE,NSE,3
883,HKEX,12
1088,HKEX,12
2628,HKEX,12
HDFCBANK,NSE,3
1211,HKEX,12
1299,HKEX,12
SBIN,NSE,3
A402340,KRX,12
ICICIBANK,NSE,3
A005380,KRX,12
981,HKEX,12
1810,HKEX,12
3328,HKEX,12
1658,HKEX,12
386,HKEX,12
TCS,NSE,3
728,HKEX,12
A009150,KRX,12
9999,HKEX,12
2513,HKEX,12
2388,HKEX,12
388,HKEX,12
9633,HKEX,12
3690,HKEX,12
A373220,KRX,12
BAJFINANCE,NSE,3
LICI,NSE,3
HINDUNILVR,NSE,3
267,HKEX,12
INFY,NSE,3
ADANIPOWER,NSE,3
SUNPHARMA,NSE,3
16,HKEX,6
ADANIPORTS,NSE,3
A032830,KRX,12
MARUTI,NSE,3
A028260,KRX,12
A329180,KRX,12
2328,HKEX,12
1339,HKEX,12
2338,HKEX,12
992,HKEX,3
6869,HKEX,12
A000270,KRX,12
A207940,KRX,12
NTPC,NSE,3
ITC,NSE,3
2259,HKEX,12
1347,HKEX,12
A034020,KRX,12
A012330,KRX,12
ONGC,NSE,3
M&M,NSE,3
A105560,KRX,12
1378,HKEX,12
A012450,KRX,12
ULTRACEMCO,NSE,3
1,HKEX,12
HCLTECH,NSE,3
1919,HKEX,12
COALINDIA,NSE,3
1109,HKEX,12
1898,HKEX,12
HAL,NSE,12
A055550,KRX,12
1171,HKEX,12
A066570,KRX,12
1816,HKEX,12
9992,HKEX,12
762,HKEX,12
POWERGRID,NSE,3
BAJAJFINSV,NSE,3
DMART,NSE,3
669,HKEX,12
A035420,KRX,12
ASIANPAINT,NSE,3
2020,HKEX,12
ADANIGREEN,NSE,3
A006400,KRX,12
6066,HKEX,12
66,HKEX,12
175,HKEX,12
2600,HKEX,12
1024,HKEX,12
ETERNAL,NSE,3
2,HKEX,12
A068270,KRX,12
1888,HKEX,12
3692,HKEX,12
688,HKEX,12
788,HKEX,12
GRASIM,NSE,3
A267260,KRX,12
1113,HKEX,12
A042660,KRX,12
100,HKEX,12
A034730,KRX,12
A010120,KRX,12
9973,HKEX,12
ADANIENSOL,NSE,3
IOC,NSE,3
A086790,KRX,12
A298040,KRX,12
3908,HKEX,12
SBILIFE,NSE,3
1038,HKEX,12
VBL,NSE,12
358,HKEX,12
DIVISLAB,NSE,3
2333,HKEX,12
902,HKEX,12
6082,HKEX,12
INDIGO,NSE,3
A005490,KRX,12
A000810,KRX,12
27,HKEX,12
SOLARINDS,NSE,3
12,HKEX,12
ICICIAMC,NSE,3
BSE,NSE,3
A011070,KRX,12
916,HKEX,12
POWERINDIA,NSE,3
IDEA,NSE,3
A009540,KRX,12
3,HKEX,12
1801,HKEX,12
6881,HKEX,12
HYUNDAI,NSE,3
2269,HKEX,12
1972,HKEX,12
3996,HKEX,12
JIOFIN,NSE,3
PIDILITIND,NSE,3
A042700,KRX,12
991,HKEX,12
1072,HKEX,12
A051910,KRX,12
A000150,KRX,12
1928,HKEX,12
6,HKEX,12
2727,HKEX,12
A010130,KRX,12
3808,HKEX,12
POLYCAB,NSE,3
9903,HKEX,12
CGPOWER,NSE,3
6618,HKEX,12
A015760,KRX,12
A006800,KRX,12
PFC,NSE,3
288,HKEX,12
A017670,KRX,12
DLF,NSE,3
A010140,KRX,12
1929,HKEX,3
83,HKEX,6
BANKBARODA,NSE,3
TMCV,NSE,3
753,HKEX,12
TECHM,NSE,3
TATACAP,NSE,3
836,HKEX,12
A316140,KRX,12
SIEMENS,NSE,3
A307950,KRX,12
UNIONBANK,NSE,3
ENRIN,NSE,9
19,HKEX,12
1800,HKEX,12
IRFC,NSE,3
BPCL,NSE,3
1208,HKEX,12
BRITANNIA,NSE,3
HDFCLIFE,NSE,3
PNB,NSE,3
2097,HKEX,12
APOLLOHOSP,NSE,3
823,HKEX,3
CANBK,NSE,3
GROWW,NSE,3
MUTHOOTFIN,NSE,3
VEDL,NSE,3
1138,HKEX,12
LTM,NSE,3
JINDALSTEL,NSE,3
6656,HKEX,12
A064350,KRX,12
1209,HKEX,12
1308,HKEX,12
1913,HKEX,12
INDIANB,NSE,3
316,HKEX,12
1876,HKEX,12
A033780,KRX,12
INDUSTOWER,NSE,3
A018260,KRX,12
CIPLA,NSE,3
GAIL,NSE,3
2016,HKEX,12
6823,HKEX,12
TATACONSUM,NSE,3
ZYDUSLIFE,NSE,3
6990,HKEX,12
A011200,KRX,12
A267250,KRX,12
A096770,KRX,12
A003550,KRX,12
GMRAIRPORT,NSE,3
A138040,KRX,12
HDFCAMC,NSE,3
A035720,KRX,12
9926,HKEX,12
3618,HKEX,12
LGEINDIA,NSE,3
A003670,KRX,12
GODREJCP,NSE,3
6181,HKEX,12
2382,HKEX,12
A272210,KRX,12
A024110,KRX,12
1093,HKEX,12
1177,HKEX,12
MANKIND,NSE,3
148,HKEX,12
MAZDOCK,NSE,3
A247540,KRX,12
A196170,KRX,12
2618,HKEX,12
1519,HKEX,12
A079550,KRX,12
291,HKEX,12
293,HKEX,12
RECLTD,NSE,3
ABCAPITAL,NSE,3
9660,HKEX,12
1768,HKEX,12
A086280,KRX,12
UNITDSPR,NSE,3
3898,HKEX,12
LENSKART,NSE,3
A086520,KRX,12
LODHA,NSE,3
ICICIGI,NSE,3
522,HKEX,12
WAAREEENER,NSE,3
3698,HKEX,12
966,HKEX,12
SHREECEM,NSE,3
AUROPHARMA,NSE,3
A278470,KRX,12
6862,HKEX,12
177,HKEX,12
NTPCGREEN,NSE,3
1997,HKEX,12
ASHOKLEY,NSE,3
1818,HKEX,12
322,HKEX,12
ATGL,NSE,3
20,HKEX,12
A000720,KRX,12
A030200,KRX,12
HINDPETRO,NSE,3
2313,HKEX,12
6198,HKEX,12
OIL,NSE,3
IDBI,NSE,3
2319,HKEX,12
MEESHO,NSE,3
A010950,KRX,12
SAIL,NSE,3
LAURUSLABS,NSE,3
PERSISTENT,NSE,3
4,HKEX,12
A071050,KRX,12
2577,HKEX,12
FEDERALBNK,NSE,3
A047810,KRX,12
SUZLON,NSE,3
285,HKEX,12
FORTIS,NSE,3
NYKAA,NSE,3
DABUR,NSE,3
NHPC,NSE,3
TORNTPOWER,NSE,3
A277810,KRX,12
BHARTIHEXA,NSE,3
135,HKEX,12
6651,HKEX,12
144,HKEX,12
YESBANK,NSE,3
1618,HKEX,12
MCX,NSE,3
9880,HKEX,12
AUBANK,NSE,3
2268,HKEX,12
HAVELLS,NSE,3
2883,HKEX,12
POLICYBZR,NSE,3
INDUSINDBK,NSE,3
DIXON,NSE,3
NATIONALUM,NSE,3
6088,HKEX,12
3969,HKEX,12
960,HKEX,12
ICICIPRULI,NSE,3
BAJAJHFL,NSE,3
241,HKEX,3
9863,HKEX,12
2638,HKEX,12
2688,HKEX,12
GICRE,NSE,3
1364,HKEX,12
A005940,KRX,12
6969,HKEX,12
A323410,KRX,12
BIOCON,NSE,3
PAYTM,NSE,3
A259960,KRX,12
9995,HKEX,12
270,HKEX,12
1456,HKEX,12
LTF,NSE,3
486,HKEX,12
1099,HKEX,12
3317,HKEX,12
NAUKRI,NSE,3
ALKEM,NSE,3
2018,HKEX,12
BANKINDIA,NSE,3
1258,HKEX,12
A064400,KRX,12
1508,HKEX,12
IOB,NSE,3
SWIGGY,NSE,3
A006260,KRX,12
2588,HKEX,12
GLENMARK,NSE,3
MAHABANK,NSE,3
COFORGE,NSE,3
A016360,KRX,12
1879,HKEX,12
151,HKEX,3
2799,HKEX,12
3998,HKEX,3
TIINDIA,NSE,3
OBEROIRLTY,NSE,3
A047050,KRX,12
A443060,KRX,12
PRESTIGE,NSE,3
3311,HKEX,12
3931,HKEX,12
2726,HKEX,12
2331,HKEX,12
FACT,NSE,3
JSWINFRA,NSE,3
2380,HKEX,12
8,HKEX,12
VMM,NSE,3
JSL,NSE,3
SBICARD,NSE,3
TATACOMM,NSE,3
MFSL,NSE,3
598,HKEX,12
A003490,KRX,12
A028050,KRX,12
APARINDS,NSE,3
A039490,KRX,12
247,HKEX,6
THERMAX,NSE,3
A352820,KRX,12
MRF,NSE,3
HDBFS,NSE,3
COROMANDEL,NSE,3
A036930,KRX,12
A047040,KRX,12
868,HKEX,12
A454910,KRX,12
A161390,KRX,12
1963,HKEX,12
GODREJPROP,NSE,3
3277,HKEX,12
A003230,KRX,12
PREMIERENE,NSE,3
576,HKEX,12
MOTILALOFS,NSE,3
2282,HKEX,12
3939,HKEX,12
1385,HKEX,12
6963,HKEX,12
1033,HKEX,12
1193,HKEX,12
2315,HKEX,12
101,HKEX,12
1133,HKEX,12
1359,HKEX,12
A007660,KRX,12
RVNL,NSE,3
A005830,KRX,12
2788,HKEX,12
RADICO,NSE,3
A950160,KRX,12
425,HKEX,12
1530,HKEX,12
PATANJALI,NSE,3
A000880,KRX,12
2880,HKEX,12
1729,HKEX,12
1828,HKEX,12
384,HKEX,3
SUNDARMFIN,NSE,3
3858,HKEX,12
A001440,KRX,12
659,HKEX,6
PIRAMALFIN,NSE,3
392,HKEX,12
SUPREMEIND,NSE,3
7618,HKEX,12
290,HKEX,3
3396,HKEX,3
BDL,NSE,3
3360,HKEX,12
ANTHEM,NSE,3
23,HKEX,12
A034220,KRX,12
PAGEIND,NSE,3
360ONE,NSE,3
A353200,KRX,12
A180640,KRX,12
1585,HKEX,12
1735,HKEX,12
AIAENG,NSE,3
VOLTAS,NSE,3
1070,HKEX,12
220,HKEX,12
IPCALAB,NSE,3
1908,HKEX,12
3323,HKEX,9
IRCTC,NSE,3
A032640,KRX,12
HUDCO,NSE,3
ASTRAL,NSE,3
A078930,KRX,12
CPPLUS,NSE,3
A062040,KRX,12
PETRONET,NSE,3
A090430,KRX,12
2889,HKEX,12
1882,HKEX,12
317,HKEX,12
A326030,KRX,12
A000990,KRX,12
ASTERDM,NSE,3
A058470,KRX,12
A028300,KRX,12
780,HKEX,12
3866,HKEX,12
A267270,KRX,12
NH,NSE,3
M&MFIN,NSE,3
656,HKEX,12
2723,HKEX,12
ATHERENERG,NSE,3
FLUOROCHEM,NSE,3
338,HKEX,12
666,HKEX,12
A021240,KRX,12
2228,HKEX,12
AJANTPHARM,NSE,3
GLAND,NSE,3
COCHINSHIP,NSE,3
2866,HKEX,12
956,HKEX,12
1318,HKEX,12
SONACOMS,NSE,3
KALYANKJIL,NSE,3
3888,HKEX,12
2696,HKEX,12
A009830,KRX,12
257,HKEX,12
1877,HKEX,12
3320,HKEX,12
6810,HKEX,12
A241560,KRX,12
2689,HKEX,6
2367,HKEX,12
KPRMILL,NSE,3
683,HKEX,12
ENDURANCE,NSE,3
1128,HKEX,12
A377300,KRX,12
2718,HKEX,12
552,HKEX,12
1044,HKEX,12
A000250,KRX,12
CONCOR,NSE,3
189,HKEX,12
IREDA,NSE,3
LTTS,NSE,3
POONAWALLA,NSE,3
2526,HKEX,12
6186,HKEX,12
A000100,KRX,12
A001040,KRX,12
A087010,KRX,12
DELHIVERY,NSE,3
A440110,KRX,12
BANDHANBNK,NSE,3
EMCURE,NSE,3
MEDANTA,NSE,3
268,HKEX,12
A128940,KRX,12
1548,HKEX,12
6865,HKEX,12
KIMS,NSE,3
696,HKEX,12
A036570,KRX,12
6979,HKEX,12
HEXT,NSE,12
TATATECH,NSE,3
UCOBANK,NSE,3
A240810,KRX,12
ITCHOTELS,NSE,3
ESCORTS,NSE,3
68,HKEX,12
DALBHARAT,NSE,3
A271560,KRX,12
2386,HKEX,12
A138930,KRX,12
2252,HKEX,12
WOCKPHARMA,NSE,3
A298380,KRX,12
STARHEALTH,NSE,3
PWL,NSE,3
867,HKEX,12
371,HKEX,12
A010060,KRX,12
ABSLAMC,NSE,3
A004170,KRX,12
631,HKEX,12
2096,HKEX,12
2357,HKEX,12
A039030,KRX,12
GRSE,NSE,3
LICHSGFIN,NSE,3
ANGELONE,NSE,3
A029780,KRX,12
A023530,KRX,12
ANANDRATHI,NSE,3
A000500,KRX,12
9899,HKEX,12
A336260,KRX,12
1415,HKEX,12
136,HKEX,12
2400,HKEX,12
9889,HKEX,12
IKS,NSE,3
772,HKEX,12
SJVN,NSE,3
3800,HKEX,12
A175330,KRX,12
NUVAMA,NSE,3
GODIGIT,NSE,3
525,HKEX,12
548,HKEX,12
CRISIL,NSE,12
53,HKEX,6
1797,HKEX,5
CENTRALBK,NSE,3
GUJGASLTD,NSE,3
SCHNEIDER,NSE,3
179,HKEX,3
AMBER,NSE,3
2706,HKEX,12
1686,HKEX,6
SHYAMMETL,NSE,3
HFCL,NSE,3
KARURVYSYA,NSE,3
JUBLFOOD,NSE,3
ACUTAAS,NSE,3
968,HKEX,12
A018880,KRX,12
METROBRAND,NSE,3
1551,HKEX,12
A052690,KRX,12
ZFCVINDIA,NSE,3
KIRLOSENG,NSE,3
A004020,KRX,12
551,HKEX,12
A011790,KRX,12
1357,HKEX,12
CHOLAHLDNG,NSE,3
AEGISLOG,NSE,3
A082740,KRX,12
1164,HKEX,12
3393,HKEX,12
323,HKEX,12
A141080,KRX,12
142,HKEX,12
3900,HKEX,12
817,HKEX,12
LALPATHLAB,NSE,3
A108490,KRX,12
A178320,KRX,12
SAILIFE,NSE,3
PNBHOUSING,NSE,3
9969,HKEX,12
2602,HKEX,12
CDSL,NSE,3
IRB,NSE,3
3696,HKEX,12
ACMESOLAR,NSE,3
MSUMI,NSE,3
ACC,NSE,3
1860,HKEX,12
2442,HKEX,6
6887,HKEX,12
NIACL,NSE,3
3369,HKEX,12
1651,HKEX,3
APOLLOTYRE,NSE,3
1757,HKEX,3
2245,HKEX,12
RRKABEL,NSE,3
347,HKEX,12
NETWEB,NSE,3
1199,HKEX,12
2610,HKEX,12
2590,HKEX,12
1788,HKEX,12
AWL,NSE,3
2038,HKEX,12
A022100,KRX,12
A403870,KRX,12
1606,HKEX,12
2460,HKEX,12
1440,HKEX,12
10,HKEX,12
KIOCL,NSE,3
107,HKEX,12
9985,HKEX,12
3330,HKEX,12
1910,HKEX,12
TENNIND,NSE,3
DATAPATTNS,NSE,3
SYRMA,NSE,3
CESC,NSE,3
2218,HKEX,12
2276,HKEX,12
A222800,KRX,12
SUMICHEM,NSE,3
586,HKEX,12
17,HKEX,6
IGL,NSE,3
EMMVEE,NSE,3
2225,HKEX,12
A051900,KRX,12
7489,HKEX,12
2658,HKEX,12
1833,HKEX,12
A319400,KRX,12
9900,HKEX,3
14,HKEX,12
6993,HKEX,12
2356,HKEX,12
A095340,KRX,12
PPLPHARMA,NSE,3
A103590,KRX,12
MTARTECH,NSE,3
A450080,KRX,12
KPIL,NSE,3
6600,HKEX,12
3899,HKEX,12
512,HKEX,12
579,HKEX,12
A012510,KRX,12
2419,HKEX,12
CRAFTSMAN,NSE,3
1375,HKEX,12
RBLBANK,NSE,3
2643,HKEX,12
A002380,KRX,12
3677,HKEX,12
A347850,KRX,12
6060,HKEX,12
1060,HKEX,3
A088350,KRX,12
123,HKEX,12
AFFLE,NSE,3
6110,HKEX,2
IIFL,NSE,3
2232,HKEX,12
PFIZER,NSE,3
9677,HKEX,12
1384,HKEX,12
OLAELEC,NSE,3
KPITTECH,NSE,3
A214370,KRX,12
AEGISVOPAK,NSE,3
2675,HKEX,12
2580,HKEX,12
KAYNES,NSE,3
2009,HKEX,12
3933,HKEX,12
SAMMAANCAP,NSE,3
RAMCOCEM,NSE,3
2698,HKEX,12
CARBORUNIV,NSE,3
AADHARHFC,NSE,3
3918,HKEX,12
2162,HKEX,12
A489790,KRX,12
A310210,KRX,12
SUNTV,NSE,3
2589,HKEX,12
326,HKEX,12
ONESOURCE,NSE,3
CREDITACC,NSE,3
IFCI,NSE,3
6196,HKEX,12
A319660,KRX,12
1277,HKEX,12
A080220,KRX,12
A069960,KRX,12
9606,HKEX,12
811,HKEX,12
RUBICON,NSE,3
A111770,KRX,12
GMDCLTD,NSE,3
1286,HKEX,12
6049,HKEX,12
PFOCUS,NSE,3
BELRISE,NSE,3
A251270,KRX,12
6199,HKEX,12
A011170,KRX,12
ERIS,NSE,3
ELGIEQUIP,NSE,3
1196,HKEX,12
6055,HKEX,12
GPIL,NSE,3
6682,HKEX,12
A097950,KRX,12
2632,HKEX,12
URBANCO,NSE,3
1428,HKEX,3
7666,HKEX,12
CUB,NSE,3
2343,HKEX,12
SAGILITY,NSE,3
BHARATCOAL,NSE,3
A043260,KRX,12
A036460,KRX,12
SANSERA,NSE,3
A005850,KRX,12
363,HKEX,12
1066,HKEX,12
A302440,KRX,12
A084370,KRX,12
CHAMBLFERT,NSE,3
A035250,KRX,12
REDINGTON,NSE,3
622,HKEX,12
SYNGENE,NSE,3
2498,HKEX,12
EIHOTEL,NSE,3
2778,HKEX,12
3877,HKEX,12
A031210,KRX,12
881,HKEX,12
1396,HKEX,12
69,HKEX,12
697,HKEX,12
856,HKEX,12
152,HKEX,12
1999,HKEX,3
2637,HKEX,12
FSL,NSE,3
1918,HKEX,12
2869,HKEX,12
A004800,KRX,12
2510,HKEX,12
JSWCEMENT,NSE,3
639,HKEX,12
SUNDRMFAST,NSE,3
1866,HKEX,12
THANGAMAYL,NSE,3
2145,HKEX,12
A001740,KRX,12
546,HKEX,12
A214150,KRX,12
A011780,KRX,12
CMPDI,NSE,3
303,HKEX,3
A017800,KRX,12
A383220,KRX,12
2617,HKEX,12
A214450,KRX,12
CROMPTON,NSE,3
2553,HKEX,12
A375500,KRX,12
CHALET,NSE,3
9678,HKEX,12
2432,HKEX,12
9668,HKEX,12
PINELABS,NSE,3
BIKAJI,NSE,3
38,HKEX,12
853,HKEX,12
J&KBANK,NSE,3
1578,HKEX,12
COHANCE,NSE,3
FRACTAL,NSE,3
7688,HKEX,12
1511,HKEX,12
3355,HKEX,12
A139130,KRX,12
1114,HKEX,12
3310,HKEX,12
A028670,KRX,12
A007810,KRX,12
1579,HKEX,12
DCMSHRIRAM,NSE,3
1236,HKEX,12
TRAVELFOOD,NSE,3
ABDL,NSE,3
A010170,KRX,12
IGIL,NSE,3
A009420,KRX,12
440,HKEX,12
9858,HKEX,12
A001450,KRX,12
A064760,KRX,12
FINCABLES,NSE,3
325,HKEX,12
A085620,KRX,12
NATCOPHARM,NSE,3
1783,HKEX,3
901,HKEX,12
2128,HKEX,12
A357780,KRX,12
A014680,KRX,12
2507,HKEX,12
880,HKEX,12
1053,HKEX,12
APOLLO,NSE,3
A005290,KRX,12
A226950,KRX,12
A020150,KRX,12
1057,HKEX,12
2314,HKEX,12
A145020,KRX,12
6855,HKEX,12
6666,HKEX,12
INOXINDIA,NSE,3
2669,HKEX,12
AETHER,NSE,3
NIVABUPA,NSE,3
9636,HKEX,12
JINDALSAW,NSE,3
ATLANTAELE,NSE,3
GALLANTT,NSE,3
MINDACORP,NSE,3
2596,HKEX,12
ANURAS,NSE,3
1681,HKEX,12
1330,HKEX,12
41,HKEX,12
APLLTD,NSE,3
VENTIVE,NSE,3
INOXWIND,NSE,3
A012750,KRX,12
3339,HKEX,12
3625,HKEX,12
6699,HKEX,12
A204320,KRX,12
1368,HKEX,12
A263750,KRX,12
SHRIPISTON,NSE,3
A095610,KRX,12
KFINTECH,NSE,3
A026960,KRX,12
A457190,KRX,12
BASF,NSE,3
1083,HKEX,12
1030,HKEX,12
FINEORG,NSE,3
6808,HKEX,3
1316,HKEX,12
AGARWALEYE,NSE,3
CLEANMAX,NSE,3
467,HKEX,12
590,HKEX,3
1798,HKEX,12
A131970,KRX,12
NSLNISP,NSE,3
A483650,KRX,12
A439260,KRX,12
AZAD,NSE,3
A237690,KRX,12
2627,HKEX,12
2155,HKEX,12
9887,HKEX,12
2729,HKEX,12
A031980,KRX,12
A000240,KRX,12
A067310,KRX,12
MAHSCOOTER,NSE,3
JYOTICNC,NSE,3
A003690,KRX,12
336,HKEX,12
A139480,KRX,12
SOBHA,NSE,3
A290650,KRX,12
1216,HKEX,12
1836,HKEX,12
1811,HKEX,12
A032820,KRX,12
1907,HKEX,12
THELEELA,NSE,3
SCI,NSE,3
RAINBOW,NSE,3
JSWHL,NSE,3
DEVYANI,NSE,3
A279570,KRX,12
2595,HKEX,12
A282330,KRX,12
HONASA,NSE,3
990,HKEX,12
6872,HKEX,12
VIJAYA,NSE,3
ENGINERSIN,NSE,3
1528,HKEX,12
A006360,KRX,12
TEGA,NSE,3
A257720,KRX,12
3928,HKEX,9
CANHLIFE,NSE,3
A004370,KRX,12
297,HKEX,12
636,HKEX,12
1021,HKEX,12
2630,HKEX,12
1672,HKEX,12
A082920,KRX,12
A058610,KRX,12
LTFOODS,NSE,3
2299,HKEX,12
PARADEEP,NSE,3
KEC,NSE,3
ECLERX,NSE,3
APTUS,NSE,3
EIDPARRY,NSE,3
1609,HKEX,12
2666,HKEX,12
9690,HKEX,12
HAPPYFORGE,NSE,3
6636,HKEX,12
1361,HKEX,12
A051600,KRX,12
JPPOWER,NSE,3
1478,HKEX,12
DOMS,NSE,3
TBOTEK,NSE,3
2233,HKEX,12
3388,HKEX,12
IRCON,NSE,3
2533,HKEX,12
AEQUS,NSE,3
3306,HKEX,6
CONCORDBIO,NSE,3
A081660,KRX,12
A071970,KRX,12
7630,HKEX,12
A100790,KRX,12
FIVESTAR,NSE,3
600,HKEX,12
1883,HKEX,12
354,HKEX,12
INGERRAND,NSE,3
1523,HKEX,12
ALIVUS,NSE,3
INDGN,NSE,3
A131290,KRX,12
PARKHOSPS,NSE,3
9911,HKEX,12
754,HKEX,12
3983,HKEX,12
A007340,KRX,12
INDIAMART,NSE,3
45,HKEX,12
TRIDENT,NSE,3
751,HKEX,12
340,HKEX,12
2007,HKEX,12
1952,HKEX,12
ABLBL,NSE,3
A008770,KRX,12
667,HKEX,12
SHADOWFAX,NSE,3
A008930,KRX,12
2655,HKEX,12
2506,HKEX,12
A218410,KRX,12
A183300,KRX,12
778,HKEX,12
A011210,KRX,12
JWL,NSE,3
SKFINDUS,NSE,3
6185,HKEX,12
UTIAMC,NSE,3
A007070,KRX,12
A018670,KRX,12
TECHNOE,NSE,3
A009970,KRX,12
JAINREC,NSE,3
TMB,NSE,3
A007390,KRX,12
81,HKEX,12
8279,HKEX,3
506,HKEX,12
SIGNATURE,NSE,3
A120110,KRX,12
A005440,KRX,12
INDIACEM,NSE,3
AFCONS,NSE,3
SOUTHBANK,NSE,3
863,HKEX,12
FIRSTCRY,NSE,3
2858,HKEX,12
A103140,KRX,12
A030000,KRX,12
2722,HKEX,12
A083650,KRX,12
1310,HKEX,8
TITAGARH,NSE,3
A098460,KRX,12
RPOWER,NSE,3
165,HKEX,12
GRAVITA,NSE,3
A161890,KRX,12
1779,HKEX,12
2685,HKEX,12
A140410,KRX,12
BALRAMCHIN,NSE,3
NUVOCO,NSE,3
3868,HKEX,12
6069,HKEX,12
A192820,KRX,12
A097230,KRX,12
PCBL,NSE,3
2171,HKEX,12
A068760,KRX,12
934,HKEX,12
METROPOLIS,NSE,3
LUMAXTECH,NSE,3
826,HKEX,12
HOMEFIRST,NSE,3
GODREJAGRO,NSE,3
A462870,KRX,12
SANOFICONR,NSE,12
A002790,KRX,12
A089030,KRX,12
PRUDENT,NSE,3
517,HKEX,12
1958,HKEX,12
2575,HKEX,12
BLS,NSE,3
6938,HKEX,12
2142,HKEX,12
3881,HKEX,12
AVALON,NSE,3
MARKSANS,NSE,3
6616,HKEX,12
ZEEL,NSE,3
2556,HKEX,12
CORONA,NSE,3
1626,HKEX,12
A004990,KRX,12
IIFLCAPS,NSE,3
A140860,KRX,12
IEX,NSE,3
2687,HKEX,12
MGL,NSE,3
ACE,NSE,3
SEDEMAC,NSE,3
FINPIPE,NSE,3
200,HKEX,12
A112610,KRX,12
1117,HKEX,12
LLOYDSENGG,NSE,3
373,HKEX,12
A229640,KRX,12
MEDPLUS,NSE,3
2362,HKEX,12
A035900,KRX,12
A078600,KRX,12
A030530,KRX,12
975,HKEX,12
EDELWEISS,NSE,3
2665,HKEX,12
UJJIVANSFB,NSE,3
719,HKEX,12
HEG,NSE,3
INTELLECT,NSE,3
SBFC,NSE,3
2339,HKEX,12
8137,HKEX,12
3887,HKEX,12
A041510,KRX,12
460,HKEX,12
565,HKEX,6
999,HKEX,12
2652,HKEX,12
AAVAS,NSE,3
2025,HKEX,12
NAZARA,NSE,3
CARTRADE,NSE,3
3380,HKEX,12
376,HKEX,12
1313,HKEX,12
A322000,KRX,12
A001430,KRX,12
RITES,NSE,3
RKFORGE,NSE,3
86,HKEX,12
JUBLINGREA,NSE,3
RAILTEL,NSE,3
9879,HKEX,3
A003540,KRX,12
VOLTAMP,NSE,3
KTKBANK,NSE,3
MANYAVAR,NSE,3
TEJASNET,NSE,3
A420770,KRX,12
WABAG,NSE,3
UTLSOLAR,NSE,3
A039200,KRX,12
694,HKEX,12
A000120,KRX,12
PVRINOX,NSE,3
2285,HKEX,12
A017960,KRX,12
HCG,NSE,3
1300,HKEX,12
570,HKEX,12
1302,HKEX,12
A023590,KRX,12
BLACKBUCK,NSE,3
119,HKEX,12
9699,HKEX,12
A031330,KRX,12
STAR,NSE,3
2436,HKEX,12
2555,HKEX,12
6826,HKEX,12
A089970,KRX,12
BSOFT,NSE,3
588,HKEX,12
855,HKEX,3
6168,HKEX,12
A001800,KRX,12
A323280,KRX,12
3633,HKEX,12
71,HKEX,12
WEWORK,NSE,3
A395400,KRX,12
AMAGI,NSE,3
ESABINDIA,NSE,3
6687,HKEX,12
8603,HKEX,3
RATEGAIN,NSE,3
A006040,KRX,12
JLHL,NSE,3
VARROC,NSE,3
TSFINV,NSE,3
QPOWER,NSE,3
A060370,KRX,12
3678,HKEX,12
2616,HKEX,12
2558,HKEX,12
E2E,NSE,3
2186,HKEX,12
V2RETAIL,NSE,3
1112,HKEX,12
PCJEWELLER,NSE,3
2546,HKEX,12
ORKLAINDIA,NSE,3
EQUITASBNK,NSE,3
A181710,KRX,12
A020560,KRX,12
LEMONTREE,NSE,3
A069620,KRX,12
A347700,KRX,12
9890,HKEX,12
CELLO,NSE,3
TIPSMUSIC,NSE,3
ASKAUTOLTD,NSE,3
BLUESTONE,NSE,3
A001120,KRX,12
568,HKEX,12
GRINFRA,NSE,3
A445680,KRX,12
AKUMS,NSE,3
A361610,KRX,12
A090360,KRX,12
A006280,KRX,12
A005070,KRX,12
116,HKEX,12
TIMETECHNO,NSE,3
1475,HKEX,12
A032350,KRX,12
A298020,KRX,12
2609,HKEX,12
SUDEEPPHRM,NSE,3
GMRP&UI,NSE,3
A001720,KRX,3
A437730,KRX,12
CLEAN,NSE,3
173,HKEX,12
108,HKEX,12
604,HKEX,12
2005,HKEX,12
34,HKEX,12
679,HKEX,12
1052,HKEX,12
2157,HKEX,12
775,HKEX,12
INDIASHLTR,NSE,3
2635,HKEX,12
9658,HKEX,12
9893,HKEX,3
1799,HKEX,12
1983,HKEX,12
TRIVENI,NSE,3
A034230,KRX,12
3316,HKEX,12
6190,HKEX,12
EMBDL,NSE,3
A192080,KRX,12
MIDHANI,NSE,3
YATHARTH,NSE,3
KRBL,NSE,3
POWERMECH,NSE,3
9966,HKEX,12
SHARDACROP,NSE,3
BLUEJET,NSE,3
2659,HKEX,12
2190,HKEX,12
PARAS,NSE,3
A073240,KRX,12
A096530,KRX,12
2877,HKEX,12
1789,HKEX,12
3738,HKEX,12
819,HKEX,12
1050,HKEX,3
A032500,KRX,12
KRN,NSE,3
KWIL,NSE,3
1333,HKEX,12
2256,HKEX,12
1349,HKEX,12
1501,HKEX,12
JSLL,NSE,3
PNGJL,NSE,3
VIKRAMSOLR,NSE,3
308,HKEX,12
1896,HKEX,12
9936,HKEX,12
A476830,KRX,12
PGIL,NSE,3
SHREEJISPG,NSE,3
RELIGARE,NSE,3
A077970,KRX,12
A093370,KRX,12
A294870,KRX,12
GPPL,NSE,3
1905,HKEX,12
TCI,NSE,3
SUPRIYA,NSE,3
400,HKEX,12
SFL,NSE,3
REDTAPE,NSE,3
A090710,KRX,12
A099320,KRX,12
1448,HKEX,12
2013,HKEX,12
GAEL,NSE,3
737,HKEX,12
CAMPUS,NSE,3
WELENT,NSE,3
A475830,KRX,12
2273,HKEX,12
A003530,KRX,12
PRECWIRE,NSE,3
A030610,KRX,12
SONATSOFTW,NSE,3
ABFRL,NSE,3
345,HKEX,3
A281820,KRX,12
MAXESTATES,NSE,3
GNFC,NSE,3
1858,HKEX,12
A004000,KRX,12
28,HKEX,12
A082640,KRX,12
A295310,KRX,12
3613,HKEX,12
A101490,KRX,12
A195870,KRX,12
2517,HKEX,12
A001820,KRX,12
6078,HKEX,12
DBL,NSE,3
2418,HKEX,12
1763,HKEX,12
2678,HKEX,12
A195940,KRX,12
RCF,NSE,3
GOKULAGRO,NSE,3
839,HKEX,8
NEWGEN,NSE,3
6960,HKEX,12
A475150,KRX,12
PRICOLLTD,NSE,3
A166090,KRX,12
A000080,KRX,12
A007310,KRX,12
A127120,KRX,12
2139,HKEX,12
NEPHROPLUS,NSE,3
A417200,KRX,12
TANLA,NSE,3
IXIGO,NSE,3
215,HKEX,12
A328130,KRX,12
SPARC,NSE,3
A232140,KRX,12
SJS,NSE,3
PRAJIND,NSE,3
315,HKEX,6
3600,HKEX,12
LOTUSDEV,NSE,3
A089860,KRX,12
INOXGREEN,NSE,3
A038500,KRX,12
DODLA,NSE,3
A458870,KRX,12
9676,HKEX,12
TRANSRAILL,NSE,3
A036540,KRX,12
A065350,KRX,12
3788,HKEX,12
AJAXENGG,NSE,3
KALPATARU,NSE,3
A027360,KRX,12
2192,HKEX,12
2586,HKEX,12
ASHAPURMIN,NSE,3
A085660,KRX,12
ACI,NSE,3
A189300,KRX,12
9993,HKEX,12
1610,HKEX,12
A005300,KRX,12
ETHOSLTD,NSE,3
POWERICA,NSE,3
2657,HKEX,12
LATENTVIEW,NSE,3
1921,HKEX,12
ARVINDFASN,NSE,3
2158,HKEX,3
62,HKEX,12
A388720,KRX,12
A300720,KRX,12
A000210,KRX,12
GALAXYSURF,NSE,3
2172,HKEX,12
CSBBANK,NSE,3
A003570,KRX,12
CEIGALL,NSE,3
OMNI,NSE,3
JAIBALAJI,NSE,3
A281740,KRX,12
2598,HKEX,12
FIEMIND,NSE,3
A491000,KRX,12
6683,HKEX,12
A003380,KRX,12
2255,HKEX,12
ALOKINDS,NSE,3
2597,HKEX,12
A115180,KRX,12
A397030,KRX,12
A330590,KRX,12
A456040,KRX,12
A466100,KRX,12
A003470,KRX,12
GREENLAM,NSE,3
A006110,KRX,12
SAATVIKGL,NSE,3
2650,HKEX,12
A185750,KRX,12
A377460,KRX,12
1809,HKEX,12
258,HKEX,12
1405,HKEX,12
SIS,NSE,3
FEDFINA,NSE,3
A009450,KRX,12
PTC,NSE,3
A012630,KRX,12
412,HKEX,12
1691,HKEX,12
A204270,KRX,12
A124500,KRX,12
SAPPHIRE,NSE,3
1224,HKEX,12
TIIL,NSE,3
866,HKEX,12
6831,HKEX,12
SENCO,NSE,3
1675,HKEX,12
A280360,KRX,12
A490470,KRX,12
DCBBANK,NSE,3
A356860,KRX,12
581,HKEX,12
A161580,KRX,12
TVSSCS,NSE,3
A100090,KRX,12
A137400,KRX,12
AARTIPHARM,NSE,3
A388210,KRX,12
2656,HKEX,12
1126,HKEX,12
1666,HKEX,12
IBULLSLTD,NSE,3
A499790,KRX,12
MASFIN,NSE,3
SURYAROSNI,NSE,3
933,HKEX,12
UNIMECH,NSE,3
662,HKEX,12
HAPPSTMNDS,NSE,3
A365550,KRX,11
AEROFLEX,NSE,3
A048410,KRX,12
1477,HKEX,12
3336,HKEX,12
PNCINFRA,NSE,3
1234,HKEX,12
NEOGEN,NSE,3
2105,HKEX,12
VMART,NSE,3
BECTORFOOD,NSE,3
2591,HKEX,12
A083450,KRX,12
SMARTWORKS,NSE,3
A298050,KRX,12
2431,HKEX,12
1571,HKEX,12
2373,HKEX,12
3990,HKEX,12
259,HKEX,3
117,HKEX,12
289,HKEX,12
KSHINTL,NSE,3
2427,HKEX,12
IFBIND,NSE,3
2451,HKEX,12
3709,HKEX,12
A057050,KRX,12
MASTEK,NSE,3
INNOVACAP,NSE,3
JSFB,NSE,3
1205,HKEX,12
A248070,KRX,12
GOKEX,NSE,3
A137310,KRX,12
1184,HKEX,12
ICRA,NSE,3
A036830,KRX,12
895,HKEX,12
NETWORK18,NSE,3
CMSINFO,NSE,3
777,HKEX,12
DEEDEV,NSE,3
A006340,KRX,12
ENTERO,NSE,3
A293490,KRX,12
A074600,KRX,12
PURVA,NSE,3
EPIGRAL,NSE,3
CRAMC,NSE,3
RUSTOMJEE,NSE,3
A006120,KRX,12
CARERATING,NSE,3
9979,HKEX,12
A213420,KRX,12
MBAPL,NSE,3
A108320,KRX,12
A214320,KRX,12
695,HKEX,12
435,HKEX,12
9878,HKEX,12
9959,HKEX,12
A000670,KRX,12
A439960,KRX,12
1223,HKEX,12
LGBBROSLTD,NSE,3
A033100,KRX,12
A035760,KRX,12
1916,HKEX,12
A126340,KRX,12
2198,HKEX,12
A222080,KRX,12
RENUKA,NSE,3
A071320,KRX,12
167,HKEX,12
A050890,KRX,12
1872,HKEX,12
799,HKEX,12
3833,HKEX,12
SENORES,NSE,3
PILANIINVS,NSE,3
NORTHARC,NSE,3
A122870,KRX,12
GUJALKALI,NSE,3
MAPMYINDIA,NSE,3
806,HKEX,12
SWSOLAR,NSE,3
A086450,KRX,12
A376900,KRX,12
BANSALWIRE,NSE,3
A456160,KRX,12
EBGNG,NSE,3
KISSHT,NSE,3
BAJAJHIND,NSE,3
405,HKEX,12
DATAMATICS,NSE,3
A014620,KRX,12
2156,HKEX,12
SWARAJENG,NSE,3
A033790,KRX,12
OSWALPUMPS,NSE,3
RAYMONDLSL,NSE,3
A192400,KRX,12
327,HKEX,12
JUNIPER,NSE,3
6805,HKEX,12
A160190,KRX,12
MIDWESTLTD,NSE,3
3378,HKEX,12
GULFOILLUB,NSE,3
2629,HKEX,12
A451800,KRX,10
A336370,KRX,12
A010780,KRX,12
A005690,KRX,12
FCL,NSE,3
INDIGOPNTS,NSE,3
805,HKEX,12
TRUALT,NSE,3
710,HKEX,12
2342,HKEX,12
RALLIS,NSE,3
A241710,KRX,12
A075580,KRX,12
JUSTDIAL,NSE,3
A025540,KRX,12
746,HKEX,12
272,HKEX,12
A114090,KRX,12
A079160,KRX,12
A285130,KRX,12
A033640,KRX,12
1851,HKEX,12
861,HKEX,12
PDSL,NSE,3
1028,HKEX,12
A253450,KRX,12
232,HKEX,12
A079900,KRX,12
KSCL,NSE,3
596,HKEX,12
900,HKEX,2
A094170,KRX,12
6138,HKEX,12
468,HKEX,12
A358570,KRX,12
ORCHPHARMA,NSE,3
A182400,KRX,12
A003240,KRX,12
STYL,NSE,3
2661,HKEX,12
A004490,KRX,12
A006650,KRX,12
MHRIL,NSE,3
580,HKEX,12
A032190,KRX,12
A252990,KRX,12
1576,HKEX,12
A023160,KRX,12
LXCHEM,NSE,3
TEXRAIL,NSE,3
A056080,KRX,12
A476060,KRX,12
182,HKEX,12
A006730,KRX,12
6681,HKEX,12
A348370,KRX,12
A003090,KRX,12
SANDHAR,NSE,3
ZOTA,NSE,3
ADVENZYMES,NSE,3
693,HKEX,12
2509,HKEX,12
NRBBEARING,NSE,3
A005090,KRX,12
EMIL,NSE,3
A033240,KRX,12
A036530,KRX,12
A052400,KRX,12
1167,HKEX,12
A003850,KRX,12
VRLLOG,NSE,3
6929,HKEX,12
650,HKEX,3
KRISHANA,NSE,3
A052020,KRX,12
ARTEMISMED,NSE,3
A002350,KRX,12
IDEAFORGE,NSE,3
1515,HKEX,12
UNIVCABLES,NSE,3
A046890,KRX,12
2585,HKEX,12
51,HKEX,12
RBA,NSE,3
AURIONPRO,NSE,3
A365340,KRX,12
A056190,KRX,12
2411,HKEX,12
A000370,KRX,12
CAPILLARY,NSE,3
2479,HKEX,12
A121600,KRX,12
A171090,KRX,12
A064960,KRX,12
1051,HKEX,12
LUXIND,NSE,3
6998,HKEX,12
A486990,KRX,12
2583,HKEX,12
A001680,KRX,12
2565,HKEX,12
2291,HKEX,12
1272,HKEX,12
A293940,KRX,3
87001,HKEX,12
A002960,KRX,12
INDOSTAR,NSE,3
A001570,KRX,12
HEMIPROP,NSE,3
A336570,KRX,12
658,HKEX,12
1497,HKEX,12
1785,HKEX,12
GHCL,NSE,3
PACEDIGITK,NSE,3
558,HKEX,3
613,HKEX,12
1476,HKEX,12
SHOPERSTOP,NSE,3
EMUDHRA,NSE,3
RAYMONDREL,NSE,3
A037460,KRX,12
ANUP,NSE,3
A006380,KRX,12
1280,HKEX,12
909,HKEX,12
9877,HKEX,12
ROSSTECH,NSE,3
ROLEXRINGS,NSE,3
1837,HKEX,12
6090,HKEX,12
A005880,KRX,12
1250,HKEX,12
A003160,KRX,12
A225570,KRX,12
A100840,KRX,12
WAKEFIT,NSE,3
VAIBHAVGBL,NSE,3
3319,HKEX,12
SOTL,NSE,3
A317450,KRX,12
1D0,SGX,9
133,HKEX,12
A383800,KRX,12
743,HKEX,12
ORIENTELEC,NSE,3
CRIZAC,NSE,3
ELLEN,NSE,3
HGINFRA,NSE,3
6955,HKEX,12
2235,HKEX,12
A007700,KRX,12
A053610,KRX,12
A002020,KRX,12
6601,HKEX,12
A069260,KRX,12
HARSHA,NSE,3
A001510,KRX,12
TARC,NSE,3
A178920,KRX,12
A077360,KRX,12
32,HKEX,12
A008060,KRX,12
WHEELS,NSE,3
1995,HKEX,12
894,HKEX,12
2179,HKEX,12
9929,HKEX,12
A102940,KRX,12
DBCORP,NSE,3
A044490,KRX,12
RPTECH,NSE,3
98,HKEX,12
GREENPLY,NSE,3
INDRAMEDCO,NSE,3
A112040,KRX,12
6868,HKEX,12
QUESS,NSE,3
SAMHI,NSE,3
JKIL,NSE,3
A174900,KRX,12
A058650,KRX,12
A348340,KRX,12
GOPAL,NSE,3
732,HKEX,12
A003620,KRX,12
SANATHAN,NSE,3
A005180,KRX,12
9996,HKEX,12
1782,HKEX,12
2488,HKEX,12
A348210,KRX,12
521,HKEX,12
VERTOZ,NSE,3
3880,HKEX,12
A003030,KRX,12
1848,HKEX,12
RPGLIFE,NSE,3
CYIENTDLM,NSE,3
SMSPHARMA,NSE,3
A245620,KRX,12
1760,HKEX,12
MSTCLTD,NSE,3
A327260,KRX,12
917,HKEX,12
A383310,KRX,12
A059090,KRX,12
A001060,KRX,12
A014820,KRX,12
2720,HKEX,12
A249420,KRX,12
A009520,KRX,12
1773,HKEX,8
A102710,KRX,12
A060250,KRX,12
411,HKEX,6
AYE,NSE,3
2422,HKEX,12
1458,HKEX,12
752,HKEX,10
RAYMOND,NSE,3
PANACEABIO,NSE,3
A093050,KRX,12
A484870,KRX,12
PSPPROJECT,NSE,3
SHANTIGEAR,NSE,3
A389470,KRX,12
A000400,KRX,12
MAHLOG,NSE,3
6883,HKEX,3
5TP,SGX,12
369,HKEX,12
2410,HKEX,12
797,HKEX,12
A002840,KRX,12
INDIQUBE,NSE,3
A093320,KRX,12
ASHOKA,NSE,3
1970,HKEX,12
A053800,KRX,12
6051,HKEX,12
2111,HKEX,12
1045,HKEX,12
1432,HKEX,12
A000640,KRX,12
1875,HKEX,12
KIRLOSIND,NSE,3
1516,HKEX,12
DEEPINDS,NSE,3
A001500,KRX,12
A453340,KRX,12
A036810,KRX,12
1600,HKEX,12
A399720,KRX,12
585,HKEX,12
SASKEN,NSE,3
1979,HKEX,12
9923,HKEX,12
A033500,KRX,12
ROUTE,NSE,3
2480,HKEX,12
1345,HKEX,12
ARSSBL,NSE,3
A082270,KRX,12
MARINE,NSE,3
KOLTEPATIL,NSE,3
6896,HKEX,12
6669,HKEX,12
A039130,KRX,12
26,HKEX,6
KERNEX,NSE,3
EIEL,NSE,3
A041960,KRX,12
29,HKEX,6
6626,HKEX,12
ANTELOPUS,NSE,3
497,HKEX,3
9930,HKEX,12
1115,HKEX,12
SAMBHV,NSE,3
9669,HKEX,3
2408,HKEX,12
A425420,KRX,12
A086900,KRX,12
2522,HKEX,12
8299,HKEX,3
1141,HKEX,12
2570,HKEX,12
1717,HKEX,12
3337,HKEX,12
6657,HKEX,12
A033160,KRX,12
CHEMPLASTS,NSE,3
A253590,KRX,12
1854,HKEX,12
NIITMTS,NSE,3
A015750,KRX,12
NAVNETEDUL,NSE,3
A041830,KRX,12
1570,HKEX,12
SETL,NSE,3
2520,HKEX,12
9860,HKEX,12
A067160,KRX,12
NPST,NSE,3
178,HKEX,3
A230360,KRX,12
A376300,KRX,12
A003300,KRX,12
A016380,KRX,12
931,HKEX,3
A161000,KRX,12
MUTHOOTMF,NSE,3
2576,HKEX,12
2623,HKEX,12
FLAIR,NSE,3
A272290,KRX,12
A089890,KRX,12
MPSLTD,NSE,3
6608,HKEX,12
A019210,KRX,12
A005810,KRX,12
A475960,KRX,12
9963,HKEX,12
WONDERLA,NSE,3
A002240,KRX,12
1755,HKEX,12
RAMKY,NSE,3
RPSGVENT,NSE,3
3978,HKEX,12
1709,HKEX,3
199,HKEX,3
NITINSPIN,NSE,3
PRINCEPIPE,NSE,3
3700,HKEX,12
A452260,KRX,12
113,HKEX,3
CARRARO,NSE,3
A284740,KRX,12
5HV,SGX,12
SUNCLAY,NSE,3
HERITGFOOD,NSE,3
VENUSPIPES,NSE,3
A104830,KRX,12
6660,HKEX,12
1873,HKEX,12
A017940,KRX,12
2490,HKEX,12
2508,HKEX,12
A009240,KRX,12
DCAL,NSE,3
331,HKEX,6
RSYSTEMS,NSE,12
A122640,KRX,12
SHAREINDIA,NSE,3
628,HKEX,12
8115,HKEX,12
A009410,KRX,12
1948,HKEX,12
2549,HKEX,12
A268280,KRX,12
A460930,KRX,12
UNIPARTS,NSE,3
INTERARCH,NSE,3
3991,HKEX,12
ROSSARI,NSE,3
A368770,KRX,12
GATEWAY,NSE,3
A271940,KRX,12
A278280,KRX,12
6996,HKEX,12
A214430,KRX,12
A377740,KRX,12
HUBTOWN,NSE,3
2199,HKEX,3
9913,HKEX,3
A003280,KRX,12
3636,HKEX,12
A170920,KRX,12
85,HKEX,12
882,HKEX,12
709,HKEX,12
RAJESHEXPO,NSE,3
816,HKEX,12
808,HKEX,12
A460860,KRX,12
9885,HKEX,12
JUBLCPL,NSE,3
1899,HKEX,12
A099190,KRX,12
INDOTECH,NSE,3
A042000,KRX,12
A356680,KRX,12
JASH,NSE,3
A045100,KRX,12
GKENERGY,NSE,3
A020000,KRX,12
2582,HKEX,12
6603,HKEX,12
A031430,KRX,12
2660,HKEX,12
2121,HKEX,12
A001530,KRX,12
A005250,KRX,12
A034950,KRX,12
2552,HKEX,12
A089010,KRX,12
88,HKEX,3
2270,HKEX,12
1104,HKEX,6
ORIENTCEM,NSE,3
2633,HKEX,3
357,HKEX,12
DIAMONDYD,NSE,3
A019170,KRX,12
1713,HKEX,12
2561,HKEX,12
35,HKEX,3
3818,HKEX,3
341,HKEX,3
2477,HKEX,12
1091,HKEX,12
KKCL,NSE,3
FUSION,NSE,3
30,HKEX,12
TATVA,NSE,3
A025980,KRX,12
3839,HKEX,12
ARVSMART,NSE,3
42C,SGX,6
127,HKEX,12
A030520,KRX,12
A448730,KRX,1
SPECTRUM,NSE,3
ZAGGLE,NSE,3
A014830,KRX,12
1762,HKEX,12
A036620,KRX,12
VSSL,NSE,3
SANGAMIND,NSE,3
A330860,KRX,12
BOROLTD,NSE,3
2169,HKEX,12
RAMCOIND,NSE,3
MEDIASSIST,NSE,3
SATIN,NSE,3
A034310,KRX,12
NOCIL,NSE,3
A001270,KRX,12
BUILDPRO,NSE,3
2149,HKEX,12
BOMDYEING,NSE,3
2409,HKEX,12
2191,HKEX,12
A024850,KRX,12
A009900,KRX,12
A290550,KRX,12
EUROPRATIK,NSE,3
2499,HKEX,12
A005420,KRX,12
A372320,KRX,12
2355,HKEX,12
A393890,KRX,12
A403550,KRX,12
A064290,KRX,12
2309,HKEX,6
A211050,KRX,12
A145990,KRX,12
A060280,KRX,12
2495,HKEX,12
A251970,KRX,12
A200710,KRX,12
GIPCL,NSE,3
410,HKEX,12
A340570,KRX,12
SOLARA,NSE,3
A381970,KRX,12
A217590,KRX,12
2302,HKEX,12
A092190,KRX,12
1521,HKEX,12
A016610,KRX,12
A003000,KRX,12
64,HKEX,3
6058,HKEX,12
A041190,KRX,12
A004690,KRX,12
393,HKEX,12
2197,HKEX,12
A452280,KRX,12
3680,HKEX,12
686,HKEX,12
A072710,KRX,12
STYLEBAAZA,NSE,3
A010690,KRX,12
VEEDOL,NSE,3
RML,NSE,3
A008730,KRX,12
6889,HKEX,3
1122,HKEX,12
GLOBUSSPR,NSE,3
1747,HKEX,12
1982,HKEX,3
EASEMYTRIP,NSE,3
SAIPARENT,NSE,3
A125490,KRX,12
A306200,KRX,12
IMAGICAA,NSE,3
3813,HKEX,12
547,HKEX,12
2236,HKEX,12
535,HKEX,12
A018290,KRX,12
A035890,KRX,12
PARKHOTELS,NSE,3
2429,HKEX,12
3318,HKEX,12
A011930,KRX,12
A027410,KRX,12
A092200,KRX,12
9922,HKEX,12
A006220,KRX,12
BRIGHOTEL,NSE,3
A017900,KRX,12
6696,HKEX,12
240,HKEX,12
A130660,KRX,12
A417310,KRX,2
2521,HKEX,12
GREENPANEL,NSE,3
A477850,KRX,12
8395,HKEX,3
2160,HKEX,12
A448900,KRX,12
A199800,KRX,12
SILVERTUC,NSE,3
A332570,KRX,12
769,HKEX,12
A001200,KRX,12
A078160,KRX,12
A101160,KRX,12
DIVGIITTS,NSE,3
SIRCA,NSE,3
A101930,KRX,12
A025320,KRX,12
A079940,KRX,12
A168360,KRX,12
2161,HKEX,3
A160980,KRX,12
JNKINDIA,NSE,3
1009,HKEX,6
1221,HKEX,6
A013030,KRX,12
878,HKEX,12
6136,HKEX,12
31,HKEX,12
A002810,KRX,12
A215200,KRX,12
2361,HKEX,12
TEAMLEASE,NSE,3
A064260,KRX,12
105,HKEX,3
A006910,KRX,12
A357120,KRX,11
MSPL,NSE,3
A078130,KRX,12
2668,HKEX,12
BHARATRAS,NSE,3
A000070,KRX,12
PRABHA,NSE,3
A389500,KRX,12
A010820,KRX,12
SPANDANA,NSE,3
1D4,SGX,12
NITCO,NSE,3
A060980,KRX,12
2519,HKEX,12
VINDHYATEL,NSE,3
A138080,KRX,12
A095660,KRX,12
2385,HKEX,12
1270,HKEX,12
REPCOHOME,NSE,3
708,HKEX,12
720,HKEX,12
SERVOTECH,NSE,3
A069540,KRX,12
6980,HKEX,12
A092790,KRX,12
A067630,KRX,12
BAJEL,NSE,3
SPORTKING,NSE,3
A424870,KRX,12
A110990,KRX,12
HPL,NSE,3
1890,HKEX,8
A039440,KRX,12
A107640,KRX,12
UTKARSHBNK,NSE,3
A052710,KRX,12
2571,HKEX,12
2420,HKEX,12
RELTD,NSE,3
1660,HKEX,3
1200,HKEX,12
1426,HKEX,12
A344820,KRX,12
A468530,KRX,12
1657,HKEX,4
245,HKEX,12
830,HKEX,12
A117730,KRX,12
6858,HKEX,3
2368,HKEX,3
8148,HKEX,12
VERANDA,NSE,3
2489,HKEX,12
A455900,KRX,12
3938,HKEX,3
EPACK,NSE,3
1597,HKEX,12
A200470,KRX,12
887,HKEX,12
KICL,NSE,3
2360,HKEX,12
A354320,KRX,12
2283,HKEX,12
A098070,KRX,12
1257,HKEX,12
GOCOLORS,NSE,3
3848,HKEX,12
AWFIS,NSE,3
2219,HKEX,12
A042520,KRX,9
335,HKEX,3
UFBL,NSE,3
RAMCOSYS,NSE,3
50,HKEX,12
1473,HKEX,3
A187660,KRX,12
A170900,KRX,12
6633,HKEX,12
A085910,KRX,12
EXICOM,NSE,3
A241770,KRX,12
1481,HKEX,12
SCILAL,NSE,3
SANSTAR,NSE,3
147,HKEX,3
1733,HKEX,12
STALLION,NSE,3
ARKADE,NSE,3
DPABHUSHAN,NSE,3
STOVEKRAFT,NSE,3
A394280,KRX,12
194,HKEX,12
A089590,KRX,12
BLSE,NSE,3
A215600,KRX,12
2166,HKEX,12
A003800,KRX,12
9986,HKEX,12
434,HKEX,12
A017810,KRX,12
242,HKEX,12
A078350,KRX,12
SPAL,NSE,3
A025900,KRX,12
DCXINDIA,NSE,3
1358,HKEX,12
A287840,KRX,12
9881,HKEX,12
1716,HKEX,3
842,HKEX,12
6609,HKEX,12
A206650,KRX,12
GSPCROP,NSE,3
2425,HKEX,12
A012030,KRX,12
661,HKEX,12
A425040,KRX,12
A105630,KRX,12
KCP,NSE,3
A230240,KRX,12
2271,HKEX,12
EPACKPEB,NSE,3
A029530,KRX,12
A080580,KRX,12
TAJGVK,NSE,3
951,HKEX,12
A389650,KRX,12
INDNIPPON,NSE,3
VIDYAWIRES,NSE,3
A036170,KRX,12
A183190,KRX,12
837,HKEX,12
A078020,KRX,12
A105840,KRX,12
6169,HKEX,8
838,HKEX,12
A179900,KRX,12
SHRINGARMS,NSE,3
A304360,KRX,12
A254490,KRX,12
QNS,SGX,7
GMBREW,NSE,3
TCIEXP,NSE,3
1140,HKEX,3
A005610,KRX,12
A114810,KRX,12
RISHABH,NSE,3
A456010,KRX,12
2348,HKEX,12
A204620,KRX,12
2306,HKEX,12
A004710,KRX,12
2511,HKEX,12
1780,HKEX,3
A144960,KRX,12
A126720,KRX,12
3658,HKEX,12
GTLINFRA,NSE,3
JAICORPLTD,NSE,3
A462350,KRX,12
398,HKEX,3
A243070,KRX,12
A097520,KRX,12
3798,HKEX,12
NDRAUTO,NSE,3
A092230,KRX,12
HATHWAY,NSE,3
A200880,KRX,12
A003920,KRX,12
1J4,SGX,12
A091810,KRX,12
A219130,KRX,12
A015860,KRX,12
A126560,KRX,12
1471,HKEX,12
2416,HKEX,12
COSMOFIRST,NSE,3
6667,HKEX,12
A084110,KRX,12
A265520,KRX,12
480,HKEX,3
ORIENTHOT,NSE,3
A002710,KRX,12
3681,HKEX,12
HGS,NSE,3
A058430,KRX,12
A488900,KRX,12
A441270,KRX,12
1061,HKEX,12
9680,HKEX,12
A376270,KRX,12
A084690,KRX,12
1382,HKEX,3
451,HKEX,12
A286940,KRX,12
626,HKEX,12
SHALBY,NSE,3
INDOCO,NSE,3
A234340,KRX,12
A484590,KRX,12
A079370,KRX,12
A417840,KRX,12
LCC,SGX,6
9990,HKEX,12
196,HKEX,12
321,HKEX,3
9909,HKEX,12
9933,HKEX,12
691,HKEX,12
A025860,KRX,12
CAPACITE,NSE,3
A452430,KRX,12
SURYODAY,NSE,3
A009160,KRX,12
1953,HKEX,10
A119850,KRX,12
A000650,KRX,12
2383,HKEX,12
A104700,KRX,12
1121,HKEX,12
1588,HKEX,12
HINDWAREAP,NSE,3
8239,HKEX,12
A136480,KRX,12
CANTABIL,NSE,3
A092870,KRX,12
A005720,KRX,12
A092460,KRX,12
1697,HKEX,12
UEL,NSE,3
EMSLIMITED,NSE,3
SAKSOFT,NSE,3
VIKRAN,NSE,3
A108670,KRX,12
A005950,KRX,12
1568,HKEX,12
A314930,KRX,12
A482630,KRX,12
3718,HKEX,12
IPL,NSE,3
158,HKEX,9
3886,HKEX,12
A000430,KRX,12
2886,HKEX,12
A065680,KRX,12
A475400,KRX,12
A194370,KRX,12
1935,HKEX,12
A317330,KRX,12
664,HKEX,12
2512,HKEX,12
A069080,KRX,12
A018310,KRX,12
A049070,KRX,12
A011760,KRX,12
1645,HKEX,12
1728,HKEX,12
A002030,KRX,12
DLINKINDIA,NSE,3
3669,HKEX,12
KRSNAA,NSE,3
A018250,KRX,12
1611,HKEX,9
3329,HKEX,12
STUDDS,NSE,3
HITECH,NSE,3
1830,HKEX,3
ASIANTILES,NSE,3
A192650,KRX,12
A274090,KRX,12
LANDMARK,NSE,3
ASTEC,NSE,3
WINDLAS,NSE,3
A236200,KRX,12
1152,HKEX,12
A101730,KRX,12
A242040,KRX,12
SAKAR,NSE,3
222,HKEX,12
A035810,KRX,12
2677,HKEX,12
SHK,NSE,3
A272450,KRX,12
A001390,KRX,12
A091700,KRX,12
A241520,KRX,12
A078340,KRX,12
1283,HKEX,3
1086,HKEX,12
368,HKEX,12
A051500,KRX,12
1321,HKEX,12
A042370,KRX,12
6063,HKEX,3
1973,HKEX,12
A228760,KRX,12
2798,HKEX,12
1903,HKEX,6
218,HKEX,12
8049,HKEX,12
SPMLINFRA,NSE,3
A112290,KRX,12
A024720,KRX,12
6668,HKEX,12
JGCHEM,NSE,3
A450950,KRX,12
THEJO,NSE,3
2443,HKEX,12
A900140,KRX,12
ACCELYA,NSE,6
A445090,KRX,12
1977,HKEX,12
A001750,KRX,12
305,HKEX,12
2563,HKEX,12
A089980,KRX,12
2100,HKEX,12
A046970,KRX,12
INFOBEAN,NSE,3
A043150,KRX,12
1541,HKEX,12
A004360,KRX,12
A003220,KRX,12
A203650,KRX,12
1601,HKEX,12
A145720,KRX,12
KRISHNADEF,NSE,3
A064820,KRX,12
A001230,KRX,12
WALCHANNAG,NSE,3
A002310,KRX,12
A036200,KRX,12
A078520,KRX,12
8095,HKEX,12
A378340,KRX,12
6086,HKEX,12
A187870,KRX,12
A025770,KRX,12
2566,HKEX,12
A094360,KRX,12
A099430,KRX,12
A058970,KRX,12
A005010,KRX,12
A015360,KRX,12
A448280,KRX,12
1940,HKEX,12
DCW,NSE,3
A200130,KRX,12
BFINVEST,NSE,3
A123890,KRX,12
A001460,KRX,12
KALAMANDIR,NSE,3
873,HKEX,12
A007690,KRX,12
621,HKEX,3
A003720,KRX,12
SHANTIGOLD,NSE,3
2469,HKEX,12
A086390,KRX,12
SOLARWORLD,NSE,3
A180400,KRX,12
A298830,KRX,12
978,HKEX,12
A215000,KRX,12
A092730,KRX,12
A029460,KRX,12
A037710,KRX,12
A001940,KRX,12
A352480,KRX,12
1328,HKEX,12
A064850,KRX,12
A065660,KRX,12
A307180,KRX,12
A036890,KRX,12
798,HKEX,12
2450,HKEX,12
408,HKEX,12
8087,HKEX,12
A200670,KRX,12
A016590,KRX,12
465,HKEX,12
9609,HKEX,12
MBEL,NSE,3
1168,HKEX,12
3303,HKEX,12
1617,HKEX,12
GANDHAR,NSE,3
RIV,ASX,12
A073490,KRX,12
A096760,KRX,12
1431,HKEX,12
A017860,KRX,12
25,HKEX,3
206,HKEX,12
A033270,KRX,12
1142,HKEX,3
A355150,KRX,12
2551,HKEX,12
1643,HKEX,12
INDIANHUME,NSE,3
A398120,KRX,12
A016800,KRX,12
A950220,KRX,12
2209,HKEX,12
GARUDA,NSE,3
HLO,ASX,6
A054950,KRX,12
2150,HKEX,12
YATRA,NSE,3
563,HKEX,12
A900290,KRX,6
MOBIKWIK,NSE,3
EWC,ASX,6
A078150,KRX,12
JYOTISTRUC,NSE,3
A220100,KRX,12
2399,HKEX,12
3816,HKEX,3
2265,HKEX,12
9939,HKEX,12
3989,HKEX,12
1503,HKEX,12
A035600,KRX,12
1668,HKEX,12
A034830,KRX,12
A061090,KRX,12
A357880,KRX,12
1231,HKEX,12
A088260,KRX,12
2290,HKEX,3
BIS,ASX,6
A194700,KRX,12
2251,HKEX,12
1593,HKEX,8
A053030,KRX,12
BHM,ASX,6
A001340,KRX,12
SDBL,NSE,3
918,HKEX,3
A026890,KRX,12
A950170,KRX,2
CDM,ASX,6
AR1,ASX,12
CUP,ASX,6
SHRIRAMPPS,NSE,3
A267980,KRX,12
1696,HKEX,12
1027,HKEX,12
542,HKEX,12
A144510,KRX,12
A472850,KRX,12
ALLTIME,NSE,3
716,HKEX,12
A318060,KRX,12
A459510,KRX,12
A002900,KRX,12
1881,HKEX,12
2487,HKEX,12
WWI,ASX,6
2473,HKEX,12
BETA,NSE,3
A002320,KRX,12
WAX,ASX,6
A365270,KRX,12
1228,HKEX,12
5PAISA,NSE,3
A036800,KRX,12
95,HKEX,12
A451700,KRX,12
TIL,NSE,3
NAVKARCORP,NSE,3
3650,HKEX,12
SURAKSHA,NSE,3
A348950,KRX,12
A272110,KRX,12
ONEPOINT,NSE,3
627,HKEX,12
A001250,KRX,12
OCC,ASX,6
A475560,KRX,12
A000680,KRX,12
9908,HKEX,12
A011500,KRX,12
818,HKEX,12
A005680,KRX,12
A041920,KRX,12
A061970,KRX,12
A114190,KRX,12
ESAFSFB,NSE,3
GODAVARIB,NSE,3
488,HKEX,7
FEX,ASX,6
A046120,KRX,12
A018000,KRX,12
A005500,KRX,12
A217730,KRX,12
PASHUPATI,NSE,3
ARR,ASX,6
A043370,KRX,12
A004430,KRX,12
A034120,KRX,12
1020,HKEX,12
AURUM,NSE,3
A115450,KRX,12
1539,HKEX,3
1981,HKEX,12
MIRCELECTR,NSE,3
TTM,ASX,12
A051360,KRX,12
A108860,KRX,12
BHARATWIRE,NSE,3
DOLLAR,NSE,3
6939,HKEX,12
VFY,ASX,6
1526,HKEX,12
A014940,KRX,12
306,HKEX,3
SIGNPOST,NSE,3
A010580,KRX,12
NVX,ASX,12
A308430,KRX,12
1726,HKEX,6
A389260,KRX,12
A091580,KRX,12
511,HKEX,12
TGF,ASX,6
A125020,KRX,12
EXR,ASX,6
A003070,KRX,12
JAGRAN,NSE,3
A023410,KRX,12
SESHAPAPER,NSE,3
A416180,KRX,12
6100,HKEX,12
A243840,KRX,12
A003960,KRX,12
GDF,ASX,6
IFGLEXPOR,NSE,3
2098,HKEX,12
QUADFUTURE,NSE,3
2777,HKEX,12
A060720,KRX,12
A009290,KRX,12
A003520,KRX,12
A122900,KRX,12
1450,HKEX,12
PRECAM,NSE,3
3773,HKEX,12
A084850,KRX,12
CCV,ASX,6
A251370,KRX,12
A394800,KRX,12
BLUSPRING,NSE,3
INDSWFTLAB,NSE,3
A389020,KRX,12
A322310,KRX,12
BML,ASX,6
LAU,ASX,6
A382900,KRX,12
OMAXE,NSE,3
5WA,SGX,12
A023760,KRX,12
A017890,KRX,12
A419530,KRX,12
BGD,ASX,6
WAR,ASX,6
EZL,ASX,6
VTM,ASX,6
A004700,KRX,12
1765,HKEX,8
A357550,KRX,12
2559,HKEX,12
A036710,KRX,12
RDY,ASX,6
9MT,SGX,12
JAGSNPHARM,NSE,3
BKY,ASX,6
103,HKEX,12
A314130,KRX,12
WRK,ASX,6
A067390,KRX,12
HRN,ASX,6
BBN,ASX,6
6922,HKEX,12
9886,HKEX,12
A136490,KRX,12
6661,HKEX,12
STLNETWORK,NSE,3
A290690,KRX,12
A012860,KRX,12
383,HKEX,12
A000540,KRX,12
A037270,KRX,12
1627,HKEX,3
2569,HKEX,12
6117,HKEX,12
LED,ASX,6
BXN,ASX,6
A334890,KRX,2
A084990,KRX,12
A094480,KRX,12
A036030,KRX,12
SULA,NSE,3
A432320,KRX,1
2789,HKEX,12
DAI,ASX,6
2516,HKEX,12
40T,SGX,12
A005430,KRX,12
A210980,KRX,12
264,HKEX,12
A014790,KRX,12
2180,HKEX,12
687,HKEX,12
DEN,NSE,3
3389,HKEX,12
A338840,KRX,12
A451760,KRX,12
A017390,KRX,12
EXPLEOSOL,NSE,3
609,HKEX,12
A474650,KRX,12
A025000,KRX,12
A134380,KRX,12
BET,ASX,6
A099440,KRX,12
GREENPOWER,NSE,3
A044450,KRX,12
A007160,KRX,12
A013120,KRX,12
A045390,KRX,12
365,HKEX,12
A054210,KRX,12
57,HKEX,3
SS1,ASX,12
A011560,KRX,12
A294570,KRX,12
SKMEGGPROD,NSE,3
A388790,KRX,12
884,HKEX,12
A382800,KRX,12
FRI,ASX,6
3893,HKEX,6
PEN,ASX,6
A206640,KRX,12
A439090,KRX,12
A001790,KRX,12
WMA,ASX,6
A098120,KRX,12
A101970,KRX,12
A308080,KRX,12
DIGITIDE,NSE,3
TOR,ASX,6
A100120,KRX,12
1586,HKEX,12
ALLDIGI,NSE,3
IVALUE,NSE,3
A088800,KRX,12
HARIOMPIPE,NSE,3
MYX,ASX,6
A003200,KRX,12
A049630,KRX,12
A053210,KRX,12
A190510,KRX,12
2279,HKEX,12
527,HKEX,12
6639,HKEX,3
A461300,KRX,12
1931,HKEX,12
WEL,NSE,3
42R,SGX,9
A151860,KRX,12
AWHCL,NSE,3
CNB,ASX,6
A377190,KRX,3
6811,HKEX,12
A199820,KRX,12
A159010,KRX,12
A051370,KRX,12
AMIRCHAND,NSE,3
A244920,KRX,12
A030210,KRX,12
538,HKEX,12
NELCAST,NSE,3
A394420,KRX,12
2592,HKEX,12
635,HKEX,12
A404990,KRX,12
LAXMIDENTL,NSE,3
A035150,KRX,12
AI1,ASX,6
UDS,NSE,3
809,HKEX,12
JARO,NSE,3
PNGSREVA,NSE,3
A149950,KRX,12
DIFFNKG,NSE,3
KPG,ASX,6
A138610,KRX,12
CAPITALSFB,NSE,3
A004980,KRX,12
2536,HKEX,3
2535,HKEX,12
EKC,NSE,3
1712,HKEX,12
APEX,NSE,3
CAA,ASX,12
A339770,KRX,12
A084010,KRX,12
1274,HKEX,12
A005710,KRX,12
GPTHEALTH,NSE,3
WAT,ASX,6
A353810,KRX,12
OMH,ASX,12
3838,HKEX,12
GRR,ASX,12
A053300,KRX,12
A128820,KRX,12
MOL,NSE,3
93,HKEX,12
JYC,ASX,6
2130,HKEX,12
A009470,KRX,12
A008490,KRX,12
A304100,KRX,12
BLKASHYAP,NSE,3
A013890,KRX,12
A000490,KRX,12
A241590,KRX,12
SALASAR,NSE,3
A033920,KRX,12
A402030,KRX,12
ORN,ASX,6
A001630,KRX,12
A117580,KRX,12
474,HKEX,3
A040350,KRX,12
595,HKEX,3
A068930,KRX,12
TSO,ASX,12
AD8,ASX,6
526,HKEX,3
2881,HKEX,12
8321,HKEX,4
2898,HKEX,12
1127,HKEX,12
A082800,KRX,12
2153,HKEX,3
A101360,KRX,12
A035510,KRX,12
A000050,KRX,12
1731,HKEX,12
A004380,KRX,12
KROSS,NSE,3
ICEMAKE,NSE,3
433,HKEX,12
ORIENTTECH,NSE,3
HMAAGRO,NSE,3
ELT,ASX,6
PLATIND,NSE,3
3383,HKEX,12
623,HKEX,12
IKIO,NSE,3
JINDALPHOT,NSE,3
1090,HKEX,12
1268,HKEX,12
A036190,KRX,12
RATNAVEER,NSE,3
HGO,ASX,12
LGHL,NSE,3
A064550,KRX,12
212,HKEX,12
1483,HKEX,12
A000480,KRX,12
374,HKEX,3
163,HKEX,3
A256840,KRX,12
VVA,ASX,6
A016790,KRX,12
EBR,ASX,12
A012210,KRX,12
618,HKEX,3
A095500,KRX,12
A119610,KRX,12
SHREEPUSHK,NSE,3
A001780,KRX,12
JGH,ASX,12
SOLEX,NSE,3
A487570,KRX,12
A053690,KRX,12
A016580,KRX,12
RIIL,NSE,3
533,HKEX,12
A095570,KRX,12
A298690,KRX,12
A067080,KRX,12
A138360,KRX,12
A494120,KRX,12
A001130,KRX,12
815,HKEX,12
A102260,KRX,12
A004560,KRX,12
1748,HKEX,12
1238,HKEX,12
A102460,KRX,12
205,HKEX,12
MTO,ASX,6
745,HKEX,3
MOTISONS,NSE,3
2136,HKEX,12
157,HKEX,12
1029,HKEX,12
ZEO,ASX,6
A092220,KRX,12
A457550,KRX,12
A100250,KRX,12
BBT,ASX,6
655,HKEX,12
GALAPREC,NSE,3
156,HKEX,12
611,HKEX,12
A464080,KRX,12
536,HKEX,12
SRM,NSE,3
A012200,KRX,12
A123860,KRX,12
8540,HKEX,12
MONTECARLO,NSE,3
A065710,KRX,12
A036560,KRX,12
MWL,NSE,3
SPD,ASX,6
A126600,KRX,12
A214180,KRX,12
1022,HKEX,12
A003650,KRX,12
TARSONS,NSE,3
A216080,KRX,12
RUBYMILLS,NSE,3
A122990,KRX,12
MANAKCOAT,NSE,3
A019010,KRX,12
CEH,ASX,6
1702,HKEX,12
255,HKEX,12
A484810,KRX,12
2483,HKEX,12
2543,HKEX,12
A024060,KRX,12
472,HKEX,12
SSG,ASX,6
A211270,KRX,12
314,HKEX,12
TBZ,NSE,3
A037560,KRX,12
A432720,KRX,12
301,HKEX,12
SDI,ASX,6
CENTENKA,NSE,3
266,HKEX,3
A034810,KRX,12
A237880,KRX,12
334,HKEX,12
1463,HKEX,12
237,HKEX,3
1986,HKEX,12
LOT,ASX,6
1003,HKEX,12
A402490,KRX,12
A039570,KRX,12
A039840,KRX,12
A092070,KRX,12
GKWLIMITED,NSE,3
603,HKEX,12
A192440,KRX,12
A000140,KRX,12
1410,HKEX,3
420,HKEX,12
AGE,ASX,6
131,HKEX,6
A417010,KRX,12
CLV,ASX,7
EGR,ASX,6
A126730,KRX,12
607,HKEX,12
MADRASFERT,NSE,3
RSL,NSE,3
CY5,ASX,12
2030,HKEX,12
A474170,KRX,12
2878,HKEX,12
FINOPB,NSE,3
IRMENERGY,NSE,3
A033530,KRX,12
493,HKEX,12
ANDHRSUGAR,NSE,3
A000320,KRX,12
813,HKEX,12
AEU,ASX,12
727,HKEX,3
A008350,KRX,12
A462860,KRX,12
A094820,KRX,12
BBL,ASX,12
ATA,ASX,6
A032580,KRX,12
G50,ASX,6
1608,HKEX,12
BALAJITELE,NSE,3
COI,ASX,6
A086820,KRX,12
FSA,ASX,6
9906,HKEX,12
1085,HKEX,12
A007860,KRX,12
DAMCAPITAL,NSE,3
A950140,KRX,12
A484120,KRX,12
A093520,KRX,12
505,HKEX,12
A232680,KRX,12
GKSL,NSE,3
A028100,KRX,12
A264450,KRX,12
9686,HKEX,12
A002150,KRX,12
A446540,KRX,12
5ML,SGX,3
A372170,KRX,12
A071200,KRX,12
353,HKEX,3
A066430,KRX,12
993,HKEX,12
WJL,ASX,3
A024840,KRX,12
APW,ASX,6
CLX,ASX,6
418,HKEX,12
EMV,ASX,6
MICEL,NSE,3
2560,HKEX,12
A234080,KRX,12
A013580,KRX,12
AFSL,NSE,3
A092130,KRX,12
A418550,KRX,12
A054450,KRX,12
A488280,KRX,12
A016450,KRX,12
FXG,ASX,6
186,HKEX,3
1082,HKEX,6
CVV,ASX,6
2581,HKEX,12
1846,HKEX,12
1346,HKEX,12
WAA,ASX,6
FWD,ASX,6
554,HKEX,12
A121440,KRX,12
9876,HKEX,3
A041020,KRX,12
TER,ASX,6
KAPSTON,NSE,3
9857,HKEX,12
A176750,KRX,12
A083930,KRX,12
A078070,KRX,12
RCE,ASX,6
A462520,KRX,12
A226320,KRX,12
TNPL,NSE,3
A123330,KRX,12
A044820,KRX,12
A255220,KRX,12
A123410,KRX,12
A003610,KRX,9
A199430,KRX,12
A264850,KRX,12
A119830,KRX,12
A012610,KRX,12
A361390,KRX,12
2496,HKEX,12
1769,HKEX,12
A084680,KRX,12
1425,HKEX,12
BSHSL,NSE,3
A321550,KRX,12
929,HKEX,12
A405100,KRX,12
A452450,KRX,12
A049430,KRX,12
2051,HKEX,6
1502,HKEX,12
A400760,KRX,12
A002100,KRX,12
PLT,ASX,3
EML,ASX,6
A108380,KRX,12
BIRLANU,NSE,3
SND,ASX,6
SVLL,NSE,3
A371950,KRX,12
PRG,ASX,6
2262,HKEX,12
MACPOWER,NSE,3
640,HKEX,9
A066620,KRX,12
A031440,KRX,12
WEALTH,NSE,3
2562,HKEX,12
A000860,KRX,12
A418420,KRX,12
A458650,KRX,12
FDV,ASX,12
LKE,ASX,6
A293480,KRX,12
EXCELSOFT,NSE,3
BTI,ASX,6
PWR,ASX,6
1372,HKEX,6
A489500,KRX,12
A079960,KRX,12
1653,HKEX,3
2550,HKEX,12
A270660,KRX,12
184,HKEX,12
711,HKEX,3
A038390,KRX,12
A042600,KRX,12
A039860,KRX,12
ONE,ASX,12
HEALTHX,NSE,3
A039830,KRX,12
898,HKEX,12
WCIL,NSE,3
RND,ASX,6
1161,HKEX,9
A481070,KRX,12
1622,HKEX,12
A058820,KRX,12
3300,HKEX,12
GPR,ASX,12
QUICKHEAL,NSE,3
OAJ,SGX,2
351,HKEX,12
A114840,KRX,12
1652,HKEX,12
AVADHSUGAR,NSE,3
2011,HKEX,12
A194480,KRX,12
A187790,KRX,12
RNU,ASX,6
239,HKEX,12
3903,HKEX,12
HIMATSEIDE,NSE,3
2567,HKEX,12
A118990,KRX,12
A004310,KRX,11
A143160,KRX,12
UNIECOM,NSE,3
2377,HKEX,12
A388050,KRX,12
6989,HKEX,12
1577,HKEX,12
VLS,ASX,12
1137,HKEX,12
MKR,ASX,6
A047920,KRX,12
A000390,KRX,12
A086980,KRX,12
A102120,KRX,12
251,HKEX,12
A080160,KRX,12
DHARMAJ,NSE,3
SGI,ASX,6
RAMASTEEL,NSE,3
KRISHIVAL,NSE,3
A011690,KRX,12
2298,HKEX,12
PEX,ASX,6
A403850,KRX,12
A032620,KRX,12
A001080,KRX,6
TKU,SGX,12
A071840,KRX,12
RYD,ASX,6
A460850,KRX,12
1204,HKEX,12
2295,HKEX,12
GHCLTEXTIL,NSE,3
A004090,KRX,12
NDTV,NSE,3
A060150,KRX,12
1201,HKEX,12
2481,HKEX,12
A025820,KRX,12
DLI,ASX,6
A321370,KRX,12
A023910,KRX,12
KAU,ASX,6
A083310,KRX,12
A009680,KRX,12
560,HKEX,12
A293580,KRX,12
A090350,KRX,12
A016880,KRX,12
A146320,KRX,12
2137,HKEX,12
2530,HKEX,12
A048870,KRX,12
A213500,KRX,12
8220,HKEX,3
IVR,ASX,6
DEV,ASX,6
2621,HKEX,12
SALSTEEL,NSE,3
1538,HKEX,12
A106190,KRX,12
A101530,KRX,12
OFX,ASX,3
ENR,ASX,6
A298000,KRX,12
HEXATRADEX,NSE,3
1252,HKEX,12
A267320,KRX,12
QGL,ASX,6
3377,HKEX,12
A140670,KRX,12
A209640,KRX,12
2126,HKEX,12
LIKHITHA,NSE,3
6182,HKEX,3
A104480,KRX,12
ZUARI,NSE,3
1906,HKEX,12
1244,HKEX,12
EIMCOELECO,NSE,3
217,HKEX,12
MAMATA,NSE,3
3686,HKEX,12
A018470,KRX,12
A000020,KRX,12
A179290,KRX,12
209,HKEX,12
6828,HKEX,12
A226590,KRX,12
GL1,ASX,6
SOM,ASX,6
A000520,KRX,12
A234690,KRX,12
2008,HKEX,12
1583,HKEX,12
TKM,ASX,3
676,HKEX,12
A077500,KRX,12
8371,HKEX,3
A105330,KRX,12
A109740,KRX,12
ETM,ASX,12
A094280,KRX,12
A004970,KRX,12
A004150,KRX,12
2407,HKEX,12
A271980,KRX,12
A072870,KRX,12
6829,HKEX,3
ACW,ASX,6
210,HKEX,12
A051980,KRX,12
A017550,KRX,12
A052330,KRX,12
PRECOT,NSE,3
A377450,KRX,12
A025560,KRX,12
A143240,KRX,12
A000970,KRX,12
A007570,KRX,12
A126700,KRX,12
MEIL,NSE,3
A003350,KRX,12
SRHHYPOLTD,NSE,3
A221800,KRX,12
382,HKEX,8
A067280,KRX,12
2539,HKEX,12
A046440,KRX,12
159,HKEX,6
A086670,KRX,12
MPK,ASX,6
ROHLTD,NSE,3
A331920,KRX,12
A081000,KRX,12
BRI,ASX,6
GEMAROMA,NSE,3
A445180,KRX,12
A380550,KRX,12
MHJ,ASX,6
1278,HKEX,12
TVSELECT,NSE,3
SURAJEST,NSE,3
FHE,ASX,12
450,HKEX,12
A015230,KRX,12
VIVIANA,NSE,3
2892,HKEX,12
REGAAL,NSE,3
ALLCARGO,NSE,3
A024800,KRX,12
BORANA,NSE,3
A053080,KRX,12
1119,HKEX,12
673,HKEX,3
A005960,KRX,12
2205,HKEX,12
A147830,KRX,12
302,HKEX,12
LSX,ASX,7
A293780,KRX,12
PGL,ASX,6
IFBAGRO,NSE,3
976,HKEX,12
A115500,KRX,12
A000700,KRX,12
MATRIMONY,NSE,3
MEU,ASX,6
1525,HKEX,12
6959,HKEX,12
A037030,KRX,12
PROSTARM,NSE,3
A259630,KRX,12
154,HKEX,12
BRL,ASX,6
419,HKEX,12
370,HKEX,3
PVP,NSE,3
A003460,KRX,12
1868,HKEX,12
A334970,KRX,6
42L,SGX,3
731,HKEX,12
GANESHCP,NSE,3
1036,HKEX,12
160,HKEX,3
2482,HKEX,12
A047310,KRX,12
AEE,ASX,6
A039560,KRX,12
A002990,KRX,12
610,HKEX,12
2453,HKEX,12
MAXIND,NSE,3
A260970,KRX,12
A049720,KRX,12
A473980,KRX,12
6162,HKEX,12
A015890,KRX,12
VAL,ASX,6
1442,HKEX,12
A073010,KRX,12
A142210,KRX,12
1943,HKEX,3
EL8,ASX,6
2779,HKEX,12
587,HKEX,12
528,HKEX,12
SNC,ASX,6
A008970,KRX,12
3348,HKEX,12
80,HKEX,12
A282880,KRX,12
SIGACHI,NSE,3
1180,HKEX,12
NYR,ASX,6
KRYSTAL,NSE,3
A011040,KRX,12
STANLEY,NSE,3
1118,HKEX,12
A002170,KRX,12
A041440,KRX,12
18,HKEX,3
EDU,ASX,12
A222040,KRX,12
2458,HKEX,12
A005990,KRX,12
8017,HKEX,3
2260,HKEX,12
2185,HKEX,12
SEJALLTD,NSE,3
2000,HKEX,12
A289930,KRX,12
A210540,KRX,12
CUF,ASX,6
SRZ,ASX,6
A220260,KRX,12
A125210,KRX,12
GICHSGFIN,NSE,3
GML,ASX,6
SLD,ASX,6
A062970,KRX,12
A095700,KRX,12
V7R,SGX,12
A317400,KRX,12
A299030,KRX,12
A272550,KRX,12
2392,HKEX,12
A204610,KRX,12
A023600,KRX,12
IVZ,ASX,6
771,HKEX,12
ASAL,NSE,3
952,HKEX,12
A003120,KRX,12
KLV,ASX,6
128,HKEX,12
1100,HKEX,12
CXU,ASX,6
1853,HKEX,12
A021080,KRX,12
A004080,KRX,12
A056090,KRX,12
A008040,KRX,12
1693,HKEX,8
191,HKEX,7
A036690,KRX,12
3689,HKEX,12
A011280,KRX,12
A017510,KRX,12
A009070,KRX,12
279,HKEX,3
COFFEEDAY,NSE,3
1499,HKEX,3
A016740,KRX,12
1638,HKEX,12
A002220,KRX,12
PDMJEPAPER,NSE,3
784,HKEX,3
A307750,KRX,12
A297890,KRX,12
GOW,ASX,7
SHJ,ASX,6
AKM,ASX,12
1856,HKEX,12
A038290,KRX,12
A217270,KRX,12
A086890,KRX,12
A002780,KRX,12
A285490,KRX,12
A396300,KRX,12
A307930,KRX,12
A005160,KRX,12
201,HKEX,12
UNITEDPOLY,NSE,3
A036010,KRX,12
JITFINFRA,NSE,3
A107590,KRX,12
A006060,KRX,12
A300080,KRX,12
228,HKEX,12
MMA,ASX,6
A042420,KRX,12
950,HKEX,12
A205500,KRX,12
A008830,KRX,12
A469610,KRX,12
40,HKEX,3
A264660,KRX,12
1823,HKEX,12
A474610,KRX,12
A214420,KRX,12
A408920,KRX,12
A350520,KRX,12
GAUDIUMIVF,NSE,3
MAANALU,NSE,3
A059120,KRX,12
MLG,ASX,6
A001360,KRX,12
ECOSMOBLTY,NSE,3
A003480,KRX,12
ARL,ASX,6
1203,HKEX,12
149,HKEX,3
A014710,KRX,12
NOL,ASX,6
FAIRCHEMOR,NSE,3
SUPREMEINF,NSE,3
8188,HKEX,12
CONSOFINVT,NSE,3
A054800,KRX,12
AHCL,NSE,3
A214390,KRX,12
BWN,ASX,6
860,HKEX,12
3638,HKEX,3
SOUTHWEST,NSE,3
DPSCLTD,NSE,3
A019180,KRX,12
1553,HKEX,12
GHM,ASX,12
2486,HKEX,12
1271,HKEX,3
2187,HKEX,12
89,HKEX,12
A212560,KRX,12
A240550,KRX,12
A003830,KRX,12
A079430,KRX,12
A001540,KRX,12
3768,HKEX,12
2651,HKEX,12
A007330,KRX,12
6123,HKEX,12
A000300,KRX,12
ILA,ASX,6
3737,HKEX,12
A158430,KRX,12
6898,HKEX,12
9919,HKEX,12
A036630,KRX,12
A256940,KRX,12
1262,HKEX,12
1075,HKEX,12
2415,HKEX,12
A083500,KRX,12
ANG,ASX,6
FAL,ASX,6
EMKAY,NSE,3
ZUARIIND,NSE,3
AHL,ASX,6
A108230,KRX,12
MVGJL,NSE,3
A166480,KRX,12
2028,HKEX,12
FLC,ASX,12
1J5,SGX,12
224,HKEX,3
BAJAJINDEF,NSE,3
A005800,KRX,12
A090850,KRX,12
GBR,ASX,6
99,HKEX,12
A340450,KRX,12
DBOL,NSE,3
1522,HKEX,12
A263860,KRX,12
6628,HKEX,12
KAMDHENU,NSE,3
CRD,ASX,12
MCLEODRUSS,NSE,3
2033,HKEX,6
2396,HKEX,12
A027970,KRX,12
CHEMCON,NSE,3
SCODATUBES,NSE,3
A025620,KRX,12
VLSFINANCE,NSE,3
A101170,KRX,12
A267290,KRX,12
225,HKEX,9
VASCONEQ,NSE,3
A205100,KRX,12
A289080,KRX,3
NXR,SGX,3
2289,HKEX,12
A163730,KRX,12
A004960,KRX,12
A336680,KRX,12
1290,HKEX,12
1520,HKEX,12
A148150,KRX,12
1255,HKEX,12
A035000,KRX,12
GTPL,NSE,3
1260,HKEX,3
391,HKEX,3
ENN,ASX,6
A041590,KRX,12
9689,HKEX,12
1084,HKEX,12
SANDESH,NSE,3
A095190,KRX,12
A452190,KRX,12
6919,HKEX,12
CCR,ASX,6
2350,HKEX,3
2120,HKEX,12
1461,HKEX,12
848,HKEX,12
DXB,ASX,6
3828,HKEX,12
MSV,ASX,6
524,HKEX,12
A027710,KRX,12
A122450,KRX,12
A032940,KRX,12
1319,HKEX,2
WKS,SGX,12
A067990,KRX,12
INNOVISION,NSE,3
GEM,ASX,12
A080420,KRX,12
A068790,KRX,12
750,HKEX,12
A003100,KRX,12
A053700,KRX,12
LRT,ASX,6
A297090,KRX,12
BIGBLOC,NSE,6
1183,HKEX,12
3999,HKEX,12
A475230,KRX,12
677,HKEX,3
A310200,KRX,12
ADVENTHTL,NSE,3
A446070,KRX,12
HERANBA,NSE,3
A020120,KRX,12
A002620,KRX,12
A453450,KRX,12
A016710,KRX,12
A322180,KRX,12
A001520,KRX,12
A015590,KRX,12
3315,HKEX,12
A323990,KRX,12
A203400,KRX,12
1630,HKEX,3
A396270,KRX,12
A014280,KRX,12
A089600,KRX,12
606,HKEX,12
A010100,KRX,12
CUE,ASX,6
1334,HKEX,12
GEECEE,NSE,3
A037070,KRX,12
EDE,ASX,6
A014530,KRX,12
PVSL,NSE,3
A070960,KRX,12
1303,HKEX,12
VISACHROME,NSE,3
1692,HKEX,12
A021820,KRX,6
A018120,KRX,12
869,HKEX,12
KOTHARIPET,NSE,3
A013310,KRX,12
169,HKEX,12
GLB,ASX,6
A306620,KRX,12
A088130,KRX,12
ADSL,NSE,3
1412,HKEX,12
A011810,KRX,12
SHN,ASX,6
OCCLLTD,NSE,3
1202,HKEX,12
1756,HKEX,8
OCN,ASX,6
URF,ASX,12
RMDRIP,NSE,3
A054050,KRX,12
6188,HKEX,12
672,HKEX,12
YOJ,ASX,6
A381620,KRX,12
A093640,KRX,12
8162,HKEX,12
A009580,KRX,12
8403,HKEX,12
A333430,KRX,12
A136540,KRX,12
ABINFRA,NSE,3
TWD,ASX,6
MMP,NSE,3
A073560,KRX,12
JAYAGROGN,NSE,3
A037350,KRX,12
2440,HKEX,12
2438,HKEX,12
GBM,ASX,6
A235980,KRX,12
A339950,KRX,12
987,HKEX,12
A040300,KRX,12
WELINV,NSE,3
A067900,KRX,12
TVTODAY,NSE,3
A338220,KRX,12
1489,HKEX,3
1669,HKEX,12
1865,HKEX,3
8637,HKEX,12
CAM,ASX,6
A040160,KRX,12
PNC,ASX,6
DRE,ASX,6
20MICRONS,NSE,3
A052260,KRX,12
A156100,KRX,12
A263720,KRX,12
8195,HKEX,3
FABTECH,NSE,3
A034590,KRX,12
LDX,ASX,6
A192410,KRX,12
6885,HKEX,12
A093190,KRX,12
KSOLVES,NSE,3
CCCL,NSE,3
DENTA,NSE,3
CMA,ASX,6
TAP,SGX,12
A004250,KRX,12
IFN,ASX,6
MUKKA,NSE,3
458,HKEX,12
721,HKEX,6
A013990,KRX,12
A014580,KRX,12
2167,HKEX,12
HZR,ASX,6
A950190,KRX,12
A457370,KRX,12
A950250,KRX,4
A054920,KRX,12
ATL,NSE,3
A365330,KRX,12
A049960,KRX,12
WOT,ASX,6
A382840,KRX,12
INNOVANA,NSE,3
AXE,ASX,6
1612,HKEX,12
DGL,ASX,6
1831,HKEX,6
A366030,KRX,12
A009780,KRX,12
1317,HKEX,8
A047560,KRX,12
A248170,KRX,12
BIRLACABLE,NSE,3
LRK,ASX,6
A049520,KRX,12
HPG,ASX,6
A084670,KRX,12
A214680,KRX,12
496,HKEX,12
BB1,ASX,6
612,HKEX,12
TEMBO,NSE,3
2257,HKEX,12
A357580,KRX,12
A004100,KRX,12
ADVANCE,NSE,3
529,HKEX,12
A267850,KRX,12
A227840,KRX,12
A006620,KRX,12
A023450,KRX,12
5AE,SGX,12
1685,HKEX,12
MAGADSUGAR,NSE,3
A038540,KRX,12
A215100,KRX,12
CXL,ASX,6
A013520,KRX,12
SBZ,ASX,9
6933,HKEX,12
BKB,ASX,6
EMP,ASX,6
A047770,KRX,12
SKK,ASX,6
1641,HKEX,12
A123690,KRX,12
A074430,KRX,12
8349,HKEX,12
CTT,ASX,6
PHO,ASX,6
OMPOWER,NSE,3
A109610,KRX,12
HAS,ASX,6
A012320,KRX,12
1596,HKEX,12
ARN,ASX,6
A052900,KRX,12
690,HKEX,12
TREL,NSE,3
2500,HKEX,12
LRM,ASX,6
A475580,KRX,12
FOCUS,NSE,3
AGY,ASX,12
A021320,KRX,12
2176,HKEX,12
A323350,KRX,12
1790,HKEX,12
INDOFARM,NSE,3
PATELRMART,NSE,3
8375,HKEX,12
A123040,KRX,12
A290740,KRX,12
A264900,KRX,12
833,HKEX,12
1569,HKEX,12
A083420,KRX,12
A086960,KRX,12
550,HKEX,12
GLOTTIS,NSE,3
A078890,KRX,12
LIS,ASX,6
1373,HKEX,4
42T,SGX,12
PCL,ASX,6
A107600,KRX,12
1116,HKEX,6
A172670,KRX,12
A005860,KRX,12
URR,SGX,12
SOFTTECH,NSE,3
SNOWMAN,NSE,3
1243,HKEX,3
HINDCOMPOS,NSE,3
A389030,KRX,12
A228850,KRX,12
846,HKEX,12
A051160,KRX,12
A002390,KRX,12
8521,HKEX,12
A396470,KRX,12
2439,HKEX,12
ART,ASX,6
1661,HKEX,12
254,HKEX,6
202,HKEX,3
2372,HKEX,12
SEG,ASX,6
TOP,ASX,6
A250060,KRX,12
730,HKEX,12
2250,HKEX,12
A129920,KRX,12
A309960,KRX,12
EVZ,ASX,6
A377480,KRX,12
556,HKEX,12
52,HKEX,3
8041,HKEX,6
A115440,KRX,12
A041520,KRX,12
2680,HKEX,2
DCMSIL,NSE,3
A234030,KRX,12
IOD,ASX,6
A065450,KRX,12
A063570,KRX,12
A069510,KRX,12
A131030,KRX,12
A322510,KRX,12
2671,HKEX,12
A009190,KRX,12
432,HKEX,12
PYRAMID,NSE,3
SUTLEJTEX,NSE,3
A487580,KRX,12
2405,HKEX,12
A054540,KRX,12
IXR,ASX,6
APTECHT,NSE,3
A089470,KRX,12
1026,HKEX,6
2321,HKEX,12
1466,HKEX,3
8350,HKEX,12
8YY,SGX,12
3882,HKEX,12
567,HKEX,3
MCE,ASX,6
IRISDOREME,NSE,3
MANBA,NSE,3
A002460,KRX,12
8026,HKEX,3
GHY,ASX,6
1292,HKEX,12
A225190,KRX,12
A024090,KRX,12
A255440,KRX,12
1565,HKEX,8
OSWALGREEN,NSE,3
CHEMFAB,NSE,3
RCT,ASX,12
A352090,KRX,12
A493330,KRX,12
A025950,KRX,12
QPM,ASX,6
A002450,KRX,12
825,HKEX,6
2152,HKEX,12
1399,HKEX,12
1673,HKEX,6
A317770,KRX,12
A331740,KRX,12
A246710,KRX,12
A330730,KRX,12
829,HKEX,12
1285,HKEX,12
A012800,KRX,12
WEC,ASX,6
1985,HKEX,3
VNL,ASX,6
A006660,KRX,12
A066980,KRX,12
A007610,KRX,12
A001290,KRX,12
A047820,KRX,12
A071280,KRX,12
A023900,KRX,12
2165,HKEX,12
2683,HKEX,3
A009270,KRX,12
698,HKEX,12
A173130,KRX,12
A417500,KRX,12
A092040,KRX,12
1023,HKEX,6
A288180,KRX,12
EIFFL,NSE,3
532,HKEX,12
SHREERAMA,NSE,3
1251,HKEX,12
AQZ,ASX,6
LTP,ASX,6
A042510,KRX,12
A282720,KRX,12
AHC,ASX,6
3869,HKEX,12
MUFTI,NSE,3
A126640,KRX,12
717,HKEX,9
2381,HKEX,12
A019680,KRX,12
A035080,KRX,12
A096250,KRX,12
A223250,KRX,12
A217330,KRX,12
8246,HKEX,3
A489460,KRX,12
NDO,ASX,12
A085670,KRX,12
519,HKEX,6
A120240,KRX,12
EVO,ASX,12
A217820,KRX,12
2619,HKEX,12
2189,HKEX,3
A008700,KRX,12
337,HKEX,12
ADO,ASX,6
2239,HKEX,12
A413630,KRX,12
HMY,ASX,6
A100700,KRX,12
2138,HKEX,3
A950130,KRX,12
A456070,KRX,12
A032300,KRX,12
A357230,KRX,12
ASN,ASX,6
A063080,KRX,12
DISHTV,NSE,3
A032560,KRX,12
BVR,ASX,6
BCM,ASX,6
97,HKEX,12
EPI,ASX,6
2159,HKEX,12
ENIL,NSE,3
A013570,KRX,12
A412350,KRX,12
236,HKEX,12
A039980,KRX,12
A038110,KRX,12
AQD,ASX,6
280,HKEX,3
1401,HKEX,12
1098,HKEX,12
A004140,KRX,12
MXI,ASX,6
78,HKEX,12
A011000,KRX,12
1850,HKEX,4
EM3,ASX,12
A002200,KRX,12
A123010,KRX,12
6093,HKEX,12
2529,HKEX,12
3368,HKEX,12
979,HKEX,6
A059210,KRX,12
A203690,KRX,12
A212710,KRX,12
366,HKEX,12
A104460,KRX,12
A078140,KRX,12
AL3,ASX,6
A023000,KRX,12
A451220,KRX,12
A036420,KRX,12
A182360,KRX,12
PANACHE,NSE,3
A072020,KRX,12
A360070,KRX,12
DRX,ASX,12
329,HKEX,12
LAXMIINDIA,NSE,3
A418470,KRX,12
A139990,KRX,12
A389140,KRX,12
GLOBAL,NSE,3
A337930,KRX,12
A002230,KRX,12
A265740,KRX,12
A049080,KRX,12
1727,HKEX,12
CYC,ASX,12
CHW,ASX,6
ZEEMEDIA,NSE,3
A011700,KRX,12
1640,HKEX,12
A029480,KRX,12
ONMOBILE,NSE,3
A059270,KRX,12
AON,ASX,6
A058850,KRX,12
A464490,KRX,12
641,HKEX,12
A067830,KRX,12
A298540,KRX,12
A055490,KRX,12
A149980,KRX,12
ECH,ASX,6
A303810,KRX,12
A109070,KRX,12
MGEL,NSE,3
A044990,KRX,12
8247,HKEX,12
229,HKEX,12
90,HKEX,12
A136150,KRX,12
A093920,KRX,12
ELIN,NSE,3
VHM,ASX,6
1746,HKEX,12
277,HKEX,3
111,HKEX,12
BUB,ASX,6
HTMEDIA,NSE,3
A086710,KRX,12
BMWVENTLTD,NSE,3
A290720,KRX,12
A005740,KRX,12
A007210,KRX,12
A099750,KRX,3
1348,HKEX,3
CAF,ASX,6
YRL,ASX,6
367,HKEX,3
A014440,KRX,12
A225530,KRX,12
2347,HKEX,3
NNL,ASX,6
A226400,KRX,12
689,HKEX,12
A100130,KRX,12
A330350,KRX,12
8391,HKEX,12
1282,HKEX,12
A036580,KRX,12
A023800,KRX,12
A049950,KRX,12
CEWATER,NSE,3
A131400,KRX,12
40V,SGX,12
2389,HKEX,12
RBZJEWEL,NSE,3
SCHAND,NSE,3
PTX,ASX,6
1037,HKEX,12
789,HKEX,3
A131370,KRX,12
A052860,KRX,12
A408470,KRX,12
HLVLTD,NSE,3
227,HKEX,12
E25,ASX,6
A347890,KRX,12
A024830,KRX,12
A063160,KRX,12
A040420,KRX,12
A036220,KRX,12
RMI,ASX,6
PAR,ASX,6
3688,HKEX,12
MUNJALSHOW,NSE,3
NRL,NSE,3
1556,HKEX,12
A084730,KRX,12
DAVANGERE,NSE,3
A130580,KRX,12
A048530,KRX,12
A100590,KRX,12
2230,HKEX,3
KAMATHOTEL,NSE,3
A388870,KRX,12
A417970,KRX,12
A033340,KRX,12
A141000,KRX,12
6083,HKEX,12
8328,HKEX,12
A007540,KRX,12
A302550,KRX,12
2322,HKEX,3
AT4,ASX,6
M7T,ASX,6
1397,HKEX,12
1631,HKEX,12
TIRUPATIFL,NSE,3
6830,HKEX,12
1097,HKEX,12
6978,HKEX,12
A045970,KRX,12
LM8,ASX,6
A120030,KRX,12
1900,HKEX,12
A163560,KRX,12
REPRO,NSE,3
EQU,ASX,6
A043610,KRX,12
A002600,KRX,12
A014160,KRX,12
AIQ,ASX,12
PTN,ASX,6
A066700,KRX,12
RNT,ASX,6
A412540,KRX,12
AV1,ASX,6
2700,HKEX,12
A006840,KRX,12
A094840,KRX,12
A058630,KRX,12
RKSWAMY,NSE,3
1011,HKEX,12
A053580,KRX,12
1587,HKEX,12
A090470,KRX,12
A066310,KRX,12
235,HKEX,12
GFLLIMITED,NSE,3
A382480,KRX,12
980,HKEX,12
A008260,KRX,12
9982,HKEX,12
AGD,ASX,12
A311320,KRX,12
A189330,KRX,12
A039010,KRX,12
114,HKEX,3
A011370,KRX,12
WPC,SGX,12
KSN,ASX,6
320,HKEX,3
A048550,KRX,12
KRONOX,NSE,3
LGP,ASX,3
1159,HKEX,12
A001470,KRX,12
A443670,KRX,12
2177,HKEX,12
A101330,KRX,12
2258,HKEX,12
A004840,KRX,12
A262260,KRX,12
A067000,KRX,12
ATG,ASX,6
A063170,KRX,12
A290660,KRX,12
PANSARI,NSE,3
A009300,KRX,12
8146,HKEX,12
265,HKEX,12
A054670,KRX,12
A007110,KRX,12
1725,HKEX,12
A117670,KRX,12
2237,HKEX,12
SNM,ASX,12
A307870,KRX,12
6677,HKEX,12
A024880,KRX,12
AAL,ASX,6
1832,HKEX,12
A010280,KRX,12
A066590,KRX,12
244,HKEX,12
A030960,KRX,6
KNAGRI,NSE,3
A052420,KRX,12
FLG,ASX,12
A271830,KRX,12
A002700,KRX,12
A072950,KRX,12
RAD,ASX,6
TNC,ASX,6
A076610,KRX,12
595,SGX,5
ESK,ASX,12
LNQ,ASX,6
IMM,ASX,6
A348350,KRX,12
NILASPACES,NSE,3
DIGISPICE,NSE,3
A058860,KRX,12
A411080,KRX,12
A004890,KRX,12
A007980,KRX,12
82,HKEX,12
COV,ASX,6
994,HKEX,12
822,HKEX,12
MYE,ASX,6
1679,HKEX,12
439,HKEX,12
9955,HKEX,12
A208370,KRX,12
DHUNINV,NSE,3
A033290,KRX,12
1480,HKEX,12
PCG,ASX,6
INSPIRISYS,NSE,3
124,HKEX,12
AFIL,NSE,3
A088390,KRX,12
PVE,ASX,12
1226,HKEX,3
2023,HKEX,12
NBIFIN,NSE,3
CHEMBONDCH,NSE,3
GVKPIL,NSE,3
CYP,ASX,6
A096240,KRX,12
A251120,KRX,12
TAM,ASX,6
BOL,ASX,6
195,HKEX,12
A432470,KRX,12
A475430,KRX,12
DONEAR,NSE,3
722,HKEX,6
MAT,ASX,6
3PL,ASX,6
A1N,ASX,12
SSL,ASX,9
A067570,KRX,12
A005870,KRX,12
A299660,KRX,12
MEC,ASX,6
A006090,KRX,12
A011320,KRX,12
TOE,ASX,6
AVL,ASX,6
42W,SGX,3
464,HKEX,3
A001020,KRX,12
A111380,KRX,12
A000230,KRX,12
BAFNAPH,NSE,3
A234300,KRX,12
A142280,KRX,12
A041930,KRX,12
SHG,ASX,6
608,HKEX,12
A320000,KRX,12
A424960,KRX,12
A042500,KRX,12
A950210,KRX,6
256,HKEX,12
A024740,KRX,12
BBTCL,NSE,3
RTR,ASX,6
SHIVAUM,NSE,3
219,HKEX,12
1623,HKEX,12
A419050,KRX,12
A017480,KRX,12
MME,ASX,6
KTK,ASX,12
3623,HKEX,12
A900260,KRX,12
A101670,KRX,12
A089230,KRX,12
BIO,ASX,6
A124560,KRX,12
6038,HKEX,12
A019540,KRX,12
SARVESHWAR,NSE,3
A476040,KRX,12
2101,HKEX,12
ABCOTS,NSE,3
AMANTA,NSE,3
SMN,ASX,6
96,HKEX,12
A003580,KRX,12
A039340,KRX,12
A413390,KRX,12
A036640,KRX,12
1936,HKEX,12
37,HKEX,3
A321260,KRX,12
A035610,KRX,12
OR3,ASX,6
A060590,KRX,12
876,HKEX,12
2885,HKEX,12
897,HKEX,3
A037760,KRX,12
5WF,SGX,6
A253840,KRX,12
A006890,KRX,12
IBR,ASX,6
A014970,KRX,12
A265560,KRX,12
A007590,KRX,12
A168330,KRX,12
A004590,KRX,12
2693,HKEX,12
2863,HKEX,9
A009180,KRX,12
8611,HKEX,11
VEE,ASX,6
A079810,KRX,12
2178,HKEX,12
A273640,KRX,12
RY,TSX,10
TD,TSX,10
ENB,TSX,12
BMO,TSX,10
CM,TSX,10
BNS,TSX,10
BN,TSX,12
CNQ,TSX,12
CP,TSX,12
SU,TSX,12
CNR,TSX,12
BAM,TSX,12
TRP,TSX,12
ABX,TSX,12
MFC,TSX,12
IMO,TSX,12
L,TSX,1
CVE,TSX,12
ATD,TSX,4
WPM,TSX,12
GWO,TSX,12
CCO,TSX,12
CSU,TSX,12
CLS,TSX,12
FNV,TSX,12
SLF,TSX,12
POW,TSX,12
FFH,TSX,12
TRI,TSX,12
IFC,TSX,12
DOL,TSX,2
NTR,TSX,12
K,TSX,12
TECK.B,TSX,12
PPL,TSX,12
FTS,TSX,12
WN,TSX,12
BEP.UN,TSX,12
H,TSX,12
QSP.UN,TSX,12
FM,TSX,12
LUN,TSX,12
BCE,TSX,12
BBD.B,TSX,12
RCI.B,TSX,12
PAAS,TSX,12
T,TSX,12
MG,TSX,12
TOU,TSX,12
WSP,TSX,12
EMA,TSX,12
AGI,TSX,12
WCP,TSX,12
GIB.A,TSX,9
MRU,TSX,9
LUG,TSX,12
TFII,TSX,12
IGM,TSX,12
ATZ,TSX,3
ARX,TSX,12
TIH,TSX,12
GFL,TSX,12
EDV,TSX,12
ALA,TSX,12
SAP,TSX,3
IVN,TSX,12
KEY,TSX,12
IAG,TSX,12
QBR.A,TSX,12
GIL,TSX,12
HBM,TSX,12
CCL.B,TSX,12
X,TSX,12
CU,TSX,12
FTT,TSX,12
ATRL,TSX,12
IMG,TSX,12
EQX,TSX,12
AG,TSX,12
STN,TSX,12
CAE,TSX,3
CPX,TSX,12
EMP.A,TSX,5
ELD,TSX,12
SOBO,TSX,12
EFN,TSX,12
CS,TSX,12
SCR,TSX,12
DPM,TSX,12
CGG,TSX,12
NXE,TSX,12
CTC.A,TSX,1
BBUC,TSX,12
DSG,TSX,1
U.UN,TSX,12
FSV,TSX,12
OR,TSX,12
DFY,TSX,12
GMIN,TSX,12
ONEX,TSX,12
TFPM,TSX,12
OGC,TSX,12
PSK,TSX,12
ACO.X,TSX,12
SSRM,TSX,12
BTO,TSX,12
GRGD,TSX,1
BB,TSX,2
MDA,TSX,12
WFG,TSX,12
CSH.UN,TSX,12
EIF,TSX,12
CIGI,TSX,12
TVE,TSX,12
REI.UN,TSX,12
AII,TSX,12
AQN,TSX,12
DSV,TSX,12
MX,TSX,12
LNR,TSX,12
DOO,TSX,1
NPI,TSX,12
AC,TSX,12
ELF,TSX,12
MAU,TSX,12
GRT.UN,TSX,12
ATH,TSX,12
KNT,TSX,12
XNDU,TSX,12
NGEX,TSX,12
CAR.UN,TSX,12
EFR,TSX,12
PEY,TSX,12
OLA,TSX,12
TXG,TSX,12
CHP.UN,TSX,12
TA,TSX,12
TPZ,TSX,12
GEI,TSX,12
BTE,TSX,12
FCR.UN,TSX,12
SKE,TSX,12
SES,TSX,12
KXS,TSX,12
AAUC,TSX,12
POU,TSX,12
ARIS,TSX,12
PBH,TSX,12
NG,TSX,11
SJ,TSX,12
SII,TSX,12
CG,TSX,12
CRT.UN,TSX,12
EFX,TSX,12
EQB,TSX,10
SRU.UN,TSX,12
SEA,TSX,12
CURA,TSX,12
IPCO,TSX,12
PPTA,TSX,12
DIR.UN,TSX,12
BYD,TSX,12
ERO,TSX,12
DML,TSX,12
VNP,TSX,12
BLX,TSX,12
MFI,TSX,12
WDO,TSX,12
ATS,TSX,3
HPS.A,TSX,12
FVI,TSX,12
CEU,TSX,12
AYA,TSX,12
RUS,TSX,12
TKO,TSX,12
FIH.U,TSX,12
BDT,TSX,12
EDR,TSX,12
SVM,TSX,3
HWX,TSX,12
CRR.UN,TSX,12
BDGI,TSX,12
ALS,TSX,12
EXE,TSX,12
ARE,TSX,12
BEI.UN,TSX,12
FRU,TSX,12
CCA,TSX,8
HR.UN,TSX,12
SDE,TSX,12
NFI,TSX,12
WTE,TSX,12
SXGC,TSX,5
PXT,TSX,12
NWC,TSX,1
VET,TSX,12
ABRA,TSX,12
WPK,TSX,12
TVK,TSX,9
PMZ.UN,TSX,12
SGD,TSX,12
SIA,TSX,12
USA,TSX,12
MTL,TSX,12
KMP.UN,TSX,12
GTWO,TSX,5
LAC,TSX,12
RUP,TSX,12
BLDP,TSX,12
RCH,TSX,11
SIS,TSX,12
CJ,TSX,12
SLS,TSX,12
KEL,TSX,12
TSU,TSX,12
LAR,TSX,12
MAL,TSX,12
AP.UN,TSX,12
TOY,TSX,12
BIR,TSX,12
ABXX,TSX,12
ASCU,TSX,12
CNL,TSX,12
LSPD,TSX,3
SPB,TSX,12
LB,TSX,10
IIP.UN,TSX,12
LIF,TSX,12
VMET,TSX,12
PD,TSX,12
TNZ,TSX,12
AAV,TSX,12
UNC,TSX,3
LNF,TSX,12
IAU,TSX,12
VZLA,TSX,4
SVI,TSX,12
FDY,TSX,12
AIF,TSX,12
ORE,TSX,12
TCW,TSX,12
MEQ,TSX,9
NDM,TSX,12
CFP,TSX,12
RGSI,TSX,3
LUNR,TSX,12
RIO,TSX,12
LAS.A,TSX,12
HIVE,TSX,3
JWEL,TSX,12
MER,TSX,12
CRON,TSX,12
MDI,TSX,4
GGD,TSX,9
ASM,TSX,12
CF,TSX,3
CYB,TSX,12
ELE,TSX,12
GOOS,TSX,3
NEO,TSX,12
BDI,TSX,12
VITL.UN,TSX,12
DFN,TSX,11
MRC,TSX,12
HSLV,TSX,12
SOIL,TSX,12
EVT,TSX,12
ET,TSX,4
PET,TSX,1
WELL,TSX,12
CJT,TSX,12
VLE,TSX,12
AGTF,TSX,12
LMCU,TSX,12
PMET,TSX,3
OM,TSX,12
AGF.B,TSX,11
III,TSX,12
RFA,TSX,12
MNT,TSX,12
FEC,TSX,12
SFC,TSX,12
PSI,TSX,12
CGI,TSX,12
OBE,TSX,12
NUAG,TSX,6
CAS,TSX,12
AD.UN,TSX,12
MARI,TSX,12
ARA,TSX,12
SGY,TSX,12
CVG,TSX,3
SGR.UN,TSX,12
ATX,TSX,12
MKP,TSX,12
CGY,TSX,9
TLG,TSX,7
DHT.UN,TSX,12
TLO,TSX,12
RAY,TSX,3
ENGH,TSX,10
TMQ,TSX,11
ISC,TSX,12
SEC,TSX,12
TOT,TSX,12
DBM,TSX,12
URE,TSX,12
ALC,TSX,12
MTY,TSX,11
GUD,TSX,12
BK,TSX,11
ISO,TSX,12
VBNK,TSX,10
RSI,TSX,9
APM,TSX,12
MNO,TSX,12
CUP.U,TSX,12
AW,TSX,12
PRL,TSX,12
DRM,TSX,12
FTN,TSX,11
DXT,TSX,12
MATR,TSX,12
DIV,TSX,12
ADEN,TSX,12
BLN,TSX,10
WRN,TSX,12
MRE,TSX,12
LBS,TSX,12
ESI,TSX,12
ITH,TSX,12
LGD,TSX,12
GAU,TSX,12
QRC,TSX,8
CGX,TSX,12
ELVA,TSX,9
DLCG,TSX,12
NOU,TSX,12
IFP,TSX,12
ACT,TSX,5
WJX,TSX,12
APR.UN,TSX,12
URC,TSX,4
MI.UN,TSX,12
DCBO,TSX,12
FFN,TSX,11
GSY,TSX,12
KSI,TSX,12
CFW,TSX,12
CGO,TSX,8
TWC,TSX,12
FF,TSX,12
FVL,TSX,12
CHR,TSX,12
WFC,TSX,1
MRG.UN,TSX,12
BSX,TSX,12
TPX.B,TSX,12
NXR.UN,TSX,12
CPKR,TSX,12
FSZ,TSX,12
AI,TSX,12
FTG,TSX,11
HOM.UN,TSX,12
MRD,TSX,12
CVVY,TSX,12
WEED,TSX,3
EPRX,TSX,12
TAL,TSX,12
KBL,TSX,12
TF,TSX,12
NOA,TSX,12
MHC.UN,TSX,12
CLCH,TSX,12
PHX,TSX,12
DTOL,TSX,1
GO.U,TSX,12
DGS,TSX,12
ACQ,TSX,12
JAG,TSX,12
VOXR,TSX,12
PLZ.UN,TSX,12
ETG,TSX,12
IPO,TSX,12
FLT,TSX,12
KITS,TSX,12
SBC,TSX,12
ANRG,TSX,12
VHI,TSX,12
MRT.UN,TSX,12
FC,TSX,12
PBL,TSX,12
PZA,TSX,12
GASX,TSX,12
CPH,TSX,12
TCL.A,TSX,10
TRX,TSX,8
CSW.A,TSX,6
STCK,TSX,12
ENS,TSX,12
AFN,TSX,12
PRV.UN,TSX,12
HLF,TSX,1
EDT,TSX,12
GBT,TSX,1
TBL,TSX,12
LCFS,TSX,12
JOY,TSX,12
TWM,TSX,12
REAL,TSX,9
CVO,TSX,3
SLVR,TSX,3
URB,TSX,12
RBY,TSX,12
ERD,TSX,12
VLN,TSX,2
BTB.UN,TSX,12
TSND,TSX,12
GRA,TSX,6
DC.A,TSX,12
DR,TSX,12
GLO,TSX,12
VCM,TSX,6
GRID,TSX,12
MPC,TSX,12
STGO,TSX,12
CKI,TSX,12
CMG,TSX,3
D.UN,TSX,12
DRX,TSX,1
TI,TSX,12
XTC,TSX,9
SAU,TSX,12
ACB,TSX,3
GH,TSX,12
FAR,TSX,12
MXG,TSX,12
DNG,TSX,12
PIF,TSX,12
KEI,TSX,12
BGAU,TSX,12
ACX,TSX,12
PRQ,TSX,12
BNKR,TSX,12
AIDX,TSX,12
WILD,TSX,6
ADW.A,TSX,3
TSK,TSX,12
FCD.UN,TSX,12
LUC,TSX,12
PTM,TSX,8
AIM,TSX,12
OLY,TSX,12
WNDR,TSX,12
BNE,TSX,12
RM,TSX,12
ELO,TSX,3
CDR,TSX,12
AGMR,TSX,12
QTRH,TSX,12
STLR,TSX,12
ORV,TSX,9
PNE,TSX,12
DF,TSX,11
DBO,TSX,3
PIC.A,TSX,10
GDV,TSX,12
MGA,TSX,9
XLY,TSX,12
OGI,TSX,9
MTEK,TSX,12
HMM.A,TSX,12
CRRX,TSX,12
NCF,TSX,10
BOIL,TSX,12
XAU,TSX,3
BOS,TSX,12
SHLE,TSX,12
GDC,TSX,12
ECO,TSX,12
GENM,TSX,12
ROOT,TSX,1
MAK.U,TSX,12
MSCL,TSX,12
WM,TSX,12
GCU,TSX,12
LAM,TSX,12
WEF,TSX,12
CRDL,TSX,12
Y,TSX,12
PSD,TSX,12
LOVE,TSX,8
LFE,TSX,11
STC,TSX,6
HAI,TSX,10
AKT.A,TSX,12
BAMI,TSX,8
TINY,TSX,12
DND,TSX,6
IFA,TSX,12
FLNT,TSX,12
YGR,TSX,12
CXI,TSX,10
OCG,TSX,8
XTRA,TSX,7
DRT,TSX,12
HLS,TSX,12
FURY,TSX,12
GEO,TSX,12
RUA,TSX,12
KPT,TSX,12
QEC,TSX,12
MDP,TSX,3
FT,TSX,12
TNT.UN,TSX,12
TELY,TSX,12
HBP,TSX,7
WRG,TSX,12
ALYA,TSX,3
IVQ,TSX,12
RS,TSX,12
GURU,TSX,10
CCM,TSX,12
GMX,TSX,12
E,TSX,12
LCS,TSX,12
TRZ,TSX,10
LGO,TSX,12
IS,TSX,12
GDL,TSX,11
NANO,TSX,12
DCM,TSX,12
PNC.B,TSX,8
CWEB,TSX,12
SYZ,TSX,12
NEXT,TSX,6
SXP,TSX,12
PNP,TSX,12
S,TSX,12
AIAI,TSX,9
FSY,TSX,12
THNC,TSX,12
ESM,TSX,12
RTG,TSX,12
CEMX,TSX,12
IMP,TSX,12
DYA,TSX,12
ELR,TSX,12
NVDA,US,1
GOOGL,US,12
AAPL,US,9
MSFT,US,6
AMZN,US,12
AVGO,US,11
TSLA,US,12
META,US,12
MU,US,8
BRK.A,US,12
LLY,US,12
WMT,US,1
AMD,US,12
JPM,US,12
ORCL,US,5
V,US,9
XOM,US,12
INTC,US,12
JNJ,US,12
CSCO,US,7
MA,US,12
COST,US,8
CAT,US,12
LRCX,US,6
ABBV,US,12
ARM,US,3
PLTR,US,12
BAC,US,12
NFLX,US,12
CVX,US,12
AMAT,US,10
UNH,US,12
KO,US,12
GE,US,12
PG,US,6
MS,US,12
HD,US,2
GS,US,12
MRK,US,12
BABA,US,3
IBM,US,12
TXN,US,12
PM,US,12
DELL,US,1
QCOM,US,9
GEV,US,12
KLAC,US,6
SNDK,US,6
RTX,US,12
WFC,US,12
LIN,US,12
PANW,US,7
AXP,US,12
C,US,12
APP,US,12
TMUS,US,12
ADI,US,11
ANET,US,12
VZ,US,12
STX,US,6
MCD,US,12
PEP,US,12
CRWD,US,1
WDC,US,6
TMO,US,12
APH,US,12
BA,US,12
AMGN,US,12
NEE,US,12
MRVL,US,1
DIS,US,9
T,US,12
TJX,US,1
GILD,US,12
BLK,US,12
SCCO,US,12
CRM,US,1
UNP,US,12
GLW,US,12
ETN,US,12
SHOP,US,12
SCHW,US,12
GLD,US,12
HON,US,12
ISRG,US,12
PFE,US,12
ABT,US,12
DE,US,11
WELL,US,12
UBER,US,12
COP,US,12
PLD,US,12
BKNG,US,12
DHR,US,12
NOW,US,12
SPGI,US,12
LMT,US,12
VRT,US,12
CB,US,12
LOW,US,1
PDD,US,12
NEM,US,12
SYK,US,12
COF,US,12
BMY,US,12
MO,US,12
CVS,US,12
ACN,US,8
VRTX,US,12
SBUX,US,9
PGR,US,12
PWR,US,12
PH,US,6
EQIX,US,12
ADBE,US,11
CEG,US,12
SO,US,12
CDNS,US,12
HWM,US,12
SPOT,US,12
FTNT,US,12
TT,US,12
CME,US,12
MAR,US,12
FDX,US,5
BNY,US,12
DUK,US,12
NFTN,US,10
MDT,US,4
FCX,US,12
GD,US,12
BX,US,12
AEM,US,12
SNPS,US,10
UPS,US,12
INTU,US,7
MCK,US,3
CMI,US,12
CMCSA,US,12
PNC,US,12
ADP,US,6
SNOW,US,1
DDOG,US,12
WMB,US,12
AMT,US,12
MNST,US,12
KKR,US,12
MELI,US,12
NET,US,12
ELV,US,12
USB,US,12
HOOD,US,12
WM,US,12
CSX,US,12
HCA,US,12
ICE,US,12
RKLB,US,12
CIEN,US,11
JCI,US,9
SLB,US,12
NXPI,US,12
BE,US,12
EMR,US,9
NOC,US,12
MMM,US,12
EPD,US,12
MCO,US,12
ABNB,US,12
MDLZ,US,12
MRSH,US,12
MPWR,US,12
RCL,US,12
GM,US,12
ROST,US,1
HLT,US,12
SHW,US,12
APO,US,12
CI,US,12
VLO,US,12
CRH,US,12
MPC,US,12
CL,US,12
ECL,US,12
ORLY,US,12
BSX,US,12
ITW,US,12
EOG,US,12
COHR,US,6
PSX,US,12
TDG,US,9
IAU,US,12
F,US,12
DASH,US,12
KMI,US,12
AEP,US,12
CTAS,US,5
NSC,US,12
NKE,US,5
WBD,US,12
AON,US,12
MSI,US,12
DLR,US,12
LITE,US,6
SPG,US,12
ET,US,12
FIX,US,12
NU,US,12
BKR,US,12
REGN,US,12
URI,US,12
TEL,US,9
TRV,US,12
APD,US,9
RSG,US,12
TFC,US,12
CRWV,US,12
NBIS,US,12
D,US,12
ALAB,US,12
LHX,US,1
TER,US,12
GWW,US,12
SRE,US,12
PCAR,US,12
KEYS,US,10
TGT,US,1
AFL,US,12
O,US,12
HPE,US,10
NUE,US,12
OXY,US,12
MSTR,US,12
MPLX,US,12
SE,US,12
FLEX,US,3
TRGP,US,12
VST,US,12
DAL,US,12
FANG,US,12
PSA,US,12
MET,US,12
ALL,US,12
CARR,US,12
OKE,US,12
COR,US,9
CTVA,US,12
NDAQ,US,12
CVNA,US,12
CBRS,US,12
AME,US,12
AJG,US,12
DVN,US,12
MCHP,US,3
FAST,US,12
EA,US,3
ROK,US,9
ETR,US,12
COIN,US,12
EW,US,12
XEL,US,12
AU,US,12
ADSK,US,1
EBAY,US,12
AZO,US,8
ON,US,12
LNG,US,12
ODFL,US,12
EXC,US,12
CAH,US,6
BIDU,US,12
MSCI,US,12
AFIP.A,US,12
FITB,US,12
GRMN,US,12
XYZ,US,12
IDXX,US,12
WAB,US,12
GFS,US,12
FERG,US,12
CRDO,US,5
STT,US,12
DHI,US,9
TTWO,US,3
HEI,US,10
TEVA,US,12
VIK,US,12
RKT,US,12
VTR,US,12
CMG,US,12
KDP,US,12
YUM,US,12
FNMA,US,12
BDX,US,9
ALNY,US,12
PHYM.F,US,12
AMP,US,12
CCI,US,12
TQQQ,US,12
PYPL,US,12
HSY,US,12
AIG,US,12
PEG,US,12
LYV,US,12
JD,US,12
ED,US,12
CCL,US,11
IBKR,US,12
JBL,US,8
ADM,US,12
A,US,10
IRM,US,12
KR,US,1
WCN,US,12
WAT,US,12
STLD,US,12
SATS,US,12
UAL,US,12
SLV,US,12
EME,US,12
VMC,US,12
HUM,US,12
CBRE,US,12
SYY,US,6
WEC,US,12
AXON,US,12
WDAY,US,1
PCG,US,12
UI,US,6
PRU,US,12
MLM,US,12
CBOE,US,12
HIG,US,12
PAYX,US,8
NTAP,US,4
EQT,US,12
RDDT,US,12
ASTS,US,12
RBLX,US,12
LVS,US,12
RVMD,US,12
KVUE,US,12
HBAN,US,12
FSLR,US,12
ROP,US,12
Q,US,12
ZTS,US,12
HAL,US,12
KMB,US,12
EL,US,6
SUNB,US,4
ONC,US,12
NTRA,US,12
MTB,US,12
ACGL,US,12
GLDM,US,12
MDLN,US,12
VICI,US,12
NTRS,US,12
EXR,US,12
IQV,US,12
CPRT,US,7
FISV,US,12
VG,US,12
AEE,US,12
TCOM,US,12
CPNG,US,12
ZM,US,1
DTE,US,12
MTZ,US,12
CNC,US,12
TPR,US,6
FICO,US,9
ARES,US,12
BIIB,US,12
TWLO,US,12
TSEM,US,12
TDY,US,12
CQP,US,12
KHC,US,12
DOV,US,12
DXCM,US,12
VEEV,US,1
GEHC,US,12
CASY,US,4
NRG,US,12
ATO,US,9
CRCL,US,12
IR,US,12
RJF,US,9
MTSI,US,10
SMCI,US,6
CNP,US,12
RMD,US,6
CW,US,12
TEAM,US,6
FTI,US,12
BAP,US,12
OTIS,US,12
TPL,US,12
EXPE,US,12
NVT,US,12
MDB,US,1
EIX,US,12
IONQ,US,12
FE,US,12
FTAI,US,12
PPL,US,12
CTSH,US,12
STRL,US,12
P,US,2
CFG,US,12
JBHT,US,12
XYL,US,12
VRSN,US,12
QSR,US,12
AVB,US,12
ES,US,12
FOXA,US,6
PPG,US,12
XPO,US,12
HUBB,US,12
WRB,US,12
HPQ,US,10
RPRX,US,12
AFRM,US,6
ILMN,US,12
SQM,US,12
EQR,US,12
DG,US,1
CINF,US,12
DOW,US,12
BNTX,US,12
AWK,US,12
SYF,US,12
WSM,US,2
BG,US,12
ATI,US,12
STZ,US,2
RF,US,12
MTD,US,12
CPAY,US,12
UTHR,US,12
WTW,US,12
NXT,US,3
FN,US,6
SOFI,US,12
DRI,US,5
CRS,US,6
INSM,US,12
KEY,US,12
VRSK,US,12
ROL,US,12
WST,US,12
MKL,US,12
IREN,US,6
FCNC.A,US,12
CHD,US,12
KOF,US,12
ZS,US,7
FWON.K,US,12
PHM,US,12
CMS,US,12
TROW,US,12
PFG,US,12
DLTR,US,1
EXE,US,12
FIS,US,12
ULTA,US,1
NI,US,12
LEN,US,11
AER,US,12
MKSI,US,12
LPLA,US,12
MAIR,US,12
AKAM,US,12
RL,US,3
FFIV,US,9
DGX,US,12
ROIV,US,3
SW,US,12
SBAC,US,12
LYB,US,12
TSN,US,9
OKTA,US,1
TW,US,12
LH,US,12
L,US,12
ENTG,US,12
CHRW,US,12
SNX,US,11
LUV,US,12
RIVN,US,12
WWD,US,9
ALB,US,12
STE,US,3
OMC,US,12
AS,US,12
EXPD,US,12
GPN,US,12
AA,US,12
FMCC,US,12
IOT,US,1
DKS,US,1
VLTO,US,12
LSCC,US,1
BURL,US,1
ULS,US,12
CDE,US,12
RBA,US,12
EFX,US,12
DD,US,12
RS,US,12
IFF,US,12
PKG,US,12
INCY,US,12
SNA,US,1
ROKU,US,12
BEKE,US,12
FDXF.WI,US,12
BRO,US,12
RGLD,US,12
VTRS,US,12
EVRG,US,12
SITM,US,12
MRNA,US,12
LNT,US,12
ARXS,US,12
WBHC,US,12
PL,US,1
GIS,US,5
RBC,US,3
TTMI,US,12
USFD,US,12
BWXT,US,12
AMCR,US,6
BIP,US,12
FTV,US,12
BR,US,6
APG,US,12
IP,US,12
CHTR,US,12
WY,US,12
WCC,US,12
TLN,US,12
ESS,US,12
LII,US,12
ITT,US,12
INVH,US,12
CF,US,12
SN,US,12
AMKR,US,12
GH,US,12
KSPI,US,12
H,US,12
ZTO,US,12
WES,US,12
FLUT,US,12
EWBC,US,12
WPC,US,12
TSCO,US,12
NVR,US,12
WMG,US,9
BBY,US,1
PHYS,US,12
GNRC,US,12
CG,US,12
DOCN,US,12
SSNC,US,12
KIM,US,12
RBRK,US,1
BEN,US,9
PR,US,12
LDOS,US,1
CDW,US,12
PTC,US,9
NLY,US,12
NDSN,US,10
NVMI,US,12
TXT,US,1
ZBH,US,12
NBIX,US,12
PS,US,12
PAA,US,12
DIDI.Y,US,12
DECK,US,3
OVV,US,12
HST,US,12
RMBS,US,12
XPEV,US,12
IEX,US,12
GEN,US,4
LAMR,US,12
PFGC,US,6
TKO,US,12
PSLV,US,12
DY,US,1
LI,US,12
VICR,US,12
SUI,US,12
BNT,US,12
WSO,US,12
THC,US,12
TOST,US,12
MAA,US,12
LULU,US,2
NWSA,US,6
SGI,US,12
CLH,US,12
JAZZ,US,12
BWA,US,12
MOD,US,3
PNFP,US,12
FUTU,US,12
BALL,US,12
TME,US,12
GRAB,US,12
YUMC,US,12
QLD,US,12
AUR,US,12
APTV,US,12
DTM,US,12
TIGO,US,12
MLI,US,12
SMTC,US,1
LECO,US,12
J,US,9
REG,US,12
NTNX,US,7
HUT,US,12
CHKP,US,12
ARMK,US,10
NIO,US,12
MAS,US,12
OHI,US,12
SANM,US,9
CSL,US,12
ASND,US,12
HTHT,US,12
TRU,US,12
BEPC,US,12
ARCC,US,12
SMMT,US,12
GPC,US,12
RPM,US,5
IESC,US,9
ONON,US,12
APLD,US,5
FIG,US,12
RRX,US,12
SOLS,US,12
JBS,US,12
FPS,US,6
GLPI,US,12
U,US,12
UNM,US,12
PAYP,US,3
TYL,US,12
DOC,US,12
EVR,US,12
RGA,US,12
TRMB,US,1
CSGP,US,12
ALLY,US,12
JLL,US,12
DRS,US,12
SOLV,US,12
BBIO,US,12
TOL,US,10
GWRE,US,7
APA,US,12
ONTO,US,1
EG,US,12
HRL,US,10
MEDP,US,12
FNF,US,12
MKC,US,11
AAOI,US,12
EXEL,US,12
BTSG,US,12
WULF,US,12
CNH,US,12
IONS,US,12
IVZ,US,12
DINO,US,12
FIVE,US,1
SAIA,US,12
ALGN,US,12
GGG,US,12
PEN,US,12
QXO,US,12
DVA,US,12
DT,US,3
SWK,US,1
CRBG,US,12
AIZ,US,12
KNX,US,12
HAS,US,12
NYT,US,12
AVY,US,12
DKNG,US,12
HII,US,12
PNW,US,12
AXSM,US,12
KTOS,US,12
UDR,US,12
ELS,US,12
BF.B,US,12
RNR,US,12
AGNC,US,12
COO,US,10
HL,US,12
ELAN,US,12
GL,US,12
VIAV,US,6
PSKY,US,12
TXRH,US,12
RGC,US,6
LFUS,US,12
WBS,US,12
SWKS,US,10
JOBY,US,12
BLD,US,12
RVTY,US,12
EQH,US,12
OKLO,US,12
ZBRA,US,12
AMH,US,12
COKE,US,12
MP,US,12
FHN,US,12
AEIS,US,12
AAON,US,12
MDGL,US,12
PNR,US,12
MOG.A,US,12
CNA,US,12
GDDY,US,12
CACI,US,6
LUMN,US,12
HUBS,US,12
PINS,US,12
AIT,US,6
ALLE,US,12
MGM,US,12
QBTS,US,12
ERIE,US,12
WLK,US,12
GMED,US,12
AR,US,12
BMRN,US,12
VSAT,US,3
SJM,US,4
PAG,US,12
BMNR,US,8
ARW,US,12
ARWR,US,9
CGNX,US,12
CPT,US,12
BJ,US,1
CLX,US,6
IT,US,12
SPXC,US,12
GSAT,US,12
EGP,US,12
AFG,US,12
JEF,US,11
SF,US,12
GBTC,US,12
SAIL,US,1
WMS,US,3
GMXT.F,US,12
SEIC,US,12
CR,US,12
CCK,US,12
EHC,US,12
WTRG,US,12
AES,US,12
AVAV,US,4
CYTK,US,12
ICLR,US,12
FRVO,US,12
LKNC.Y,US,12
SCI,US,12
POWL,US,9
WYNN,US,12
ESI,US,12
FRT,US,12
DPZ,US,12
WTS,US,12
UHAL,US,3
RIOT,US,12
BSY,US,12
DOCU,US,1
SFD,US,12
TTD,US,12
WTFC,US,12
OC,US,12
LINE,US,12
VMI,US,12
PODD,US,12
UMBF,US,12
AM,US,12
GTLS,US,12
SIRI,US,12
HLI,US,3
PRAX,US,12
OGE,US,12
ENSG,US,12
FORM,US,12
R,US,12
BAX,US,12
JKHY,US,6
AAL,US,12
CIFR,US,12
FLS,US,12
CTRE,US,12
FCFS,US,12
FROG,US,12
BPOP,US,12
BXP,US,12
W,US,12
SARO,US,12
ALV,US,12
GME,US,1
DCI,US,7
BAH,US,3
TX,US,12
SNAP,US,12
AHR,US,12
ALSN,US,12
DAR,US,1
CHWY,US,2
SIMO,US,12
BRX,US,12
BVN,US,12
CART,US,12
MUSA,US,12
MASI,US,1
AGX,US,1
CNM,US,2
SSB,US,12
ONB,US,12
DDS,US,1
AYI,US,8
ZION,US,12
RRC,US,12
YMM,US,12
QRVO,US,3
KRYS,US,12
CEF,US,12
TEM,US,12
CUBE,US,12
LLYV.K,US,12
CAVA,US,12
MOH,US,12
MSGS,US,6
ENPH,US,12
PRMB,US,12
SNEX,US,9
ALTB,US,12
BRKR,US,12
FDS,US,8
LEVI,US,11
ACM,US,9
ALGM,US,3
ORI,US,12
TKR,US,12
ADC,US,12
SUN,US,12
MANH,US,12
UHS,US,12
VNOM,US,12
FRHC,US,3
HSIC,US,12
NUVL,US,12
TTC,US,10
MBLY,US,12
CRL,US,12
EMN,US,12
ARE,US,12
CRUS,US,3
WAL,US,12
COLB,US,12
ICL,US,12
XP,US,12
CORZ,US,12
CFR,US,12
CELH,US,12
RGTI,US,12
NNN,US,12
ORA,US,12
CMC,US,8
MTCH,US,12
NCLH,US,12
PRI,US,12
SSO,US,12
ENS,US,3
MXL,US,12
BIO,US,12
BIRK,US,9
BLDR,US,12
FR,US,12
VFS,US,12
AGCO,US,12
OSK,US,12
TECH,US,6
ZG,US,12
CLUS,US,12
AMG,US,12
JHG,US,12
BROS,US,12
REXR,US,12
CAMT,US,12
HALO,US,12
IBRX,US,12
ZWS,US,12
AOS,US,12
FIGR,US,12
SSD,US,12
BOKF,US,12
IDA,US,12
SFM,US,12
CLF,US,12
ACI,US,2
FRO,US,12
VLY,US,12
KRMN,US,12
GAP,US,1
CBSH,US,12
MOS,US,12
ECG,US,12
QGEN,US,12
ESE,US,9
KEX,US,12
UGI,US,9
PCOR,US,12
CORT,US,12
WFRD,US,12
FLY,US,12
TAP,US,12
CHRD,US,12
PCVX,US,12
NE,US,12
ATR,US,12
VOYA,US,12
LTH,US,12
SM,US,12
XE,US,12
HQY,US,1
NFG,US,9
EDU,US,5
CWAN,US,12
MYRG,US,12
STAG,US,12
BILI,US,12
JXN,US,12
ST,US,12
RHP,US,12
IAUM,US,12
PLXS,US,9
SLAB,US,1
LEA,US,12
NOV,US,12
TTEK,US,9
AVT,US,6
NEU,US,12
GDS,US,12
CHYM,US,12
VSH,US,12
LUNR,US,12
ALKS,US,12
KNSL,US,12
LSTR,US,12
MIDD,US,1
AXS,US,12
JBTM,US,12
RGEN,US,12
TRNO,US,12
PB,US,12
OWL,US,12
RAL,US,12
MORN,US,12
KLAR,US,12
RIG,US,12
LKQ,US,12
HR,US,12
TTAN,US,1
EXP,US,3
IMVT,US,3
TPG,US,12
QMMM,US,9
VIPS,US,12
PRIM,US,12
CBC,US,12
ESTC,US,4
HXL,US,12
UEC,US,7
FAF,US,12
LNC,US,12
AWI,US,12
PPC,US,12
VFC,US,3
MRCY,US,6
KYMR,US,12
OSCR,US,12
DOX,US,9
MTDR,US,12
TEX,US,12
KGS,US,12
LAD,US,12
EPRT,US,12
POOL,US,12
AXTA,US,12
ROAD,US,9
GTES,US,12
AXTI,US,12
TXNM,US,12
ONDS,US,12
MHK,US,12
CENX,US,12
IDCC,US,12
THG,US,12
PAYC,US,12
INGM,US,12
FSS,US,12
NPO,US,12
CELC,US,12
AUGO,US,12
LNTH,US,12
ETSY,US,12
LGN,US,12
VAL,US,12
PTGX,US,12
MSA,US,12
INGR,US,12
FLR,US,12
NVTS,US,12
OMF,US,12
MAC,US,12
SYRE,US,12
CAG,US,5
VNO,US,12
STWD,US,12
KMX,US,2
SGHC,US,12
PSN,US,12
CPB,US,8
RYN,US,12
AN,US,12
DBX,US,12
USAR,US,12
SWX,US,12
AVTR,US,12
ACA,US,12
FNB,US,12
URBN,US,1
CAR,US,12
MIRM,US,12
SNDR,US,12
GBCI,US,12
BZ,US,12
APGE,US,12
PCTY,US,6
CNTA,US,12
COMP,US,12
BYD,US,12
PATH,US,1
GTX,US,12
PTCT,US,12
MSM,US,8
EAT,US,6
VSNT,US,12
CHDN,US,12
GKOS,US,12
RYTM,US,12
HIMS,US,12
LOAR,US,12
WH,US,12
GATX,US,12
CACC,US,12
GVA,US,12
VCX,US,12
COGT,US,12
PEGA,US,12
UBSI,US,12
LW,US,5
CZR,US,12
TAL,US,2
SRRK,US,12
SYM,US,9
SWDR,US,12
CROX,US,12
AROC,US,12
FLG,US,12
CPA,US,12
ACT,US,12
CE,US,12
PACS,US,12
POR,US,12
OTEX,US,6
GXO,US,12
M,US,1
ACMR,US,12
ZETA,US,12
APPF,US,12
TFX,US,12
OUT,US,12
AMTM,US,10
NOVT,US,12
S,US,1
BLTE,US,12
GLXY,US,12
ABCB,US,12
CHE,US,12
ESAB,US,12
IBP,US,12
OBDC,US,12
YOU,US,12
G,US,12
BLCO,US,12
NJR,US,9
PIPR,US,12
KRG,US,12
FND,US,12
UPRO,US,12
BKH,US,12
HWC,US,12
QS,US,12
PLUG,US,12
LQDA,US,12
CGON,US,12
MATX,US,12
MARA,US,12
IRDM,US,12
TMHC,US,12
NXST,US,12
BC,US,12
MCY,US,12
CRSP,US,12
NAVN,US,1
HOMB,US,12
AUB,US,12
TGTX,US,12
LYFT,US,12
EPAM,US,12
LPX,US,12
ESNT,US,12
MTG,US,12
KLIC,US,10
RUSH.A,US,12
SYNA,US,6
BLSH,US,12
XENE,US,12
VCTR,US,12
OZK,US,12
DLB,US,9
PRM,US,12
CRC,US,12
EQPT,US,12
MAAS,US,6
ADT,US,12
GTLB,US,1
HASI,US,12
CWST,US,12
RITM,US,12
GOLF,US,12
VSEC,US,12
DUOL,US,12
MUR,US,12
SIGI,US,12
ACHR,US,12
BOOT,US,3
GLBE,US,12
GNTX,US,12
OTF,US,12
ALK,US,12
PSMT,US,8
XMTR,US,12
BIPC,US,12
STVN,US,12
DNTH,US,12
GLNG,US,12
MGY,US,12
PECO,US,12
OICT,US,12
WTM,US,12
LEGN,US,12
BCPC,US,12
WEX,US,12
SBRA,US,12
ALH,US,12
JAN,US,12
BGC,US,12
MC,US,12
IEP,US,12
HCC,US,12
CWEN,US,12
SPHR,US,12
OLLI,US,1
AX,US,6
CHH,US,12
CVLT,US,3
OGS,US,12
HRB,US,6
GBTG,US,12
SEB,US,12
SR,US,9
RDW,US,12
IPGP,US,12
NTSK,US,1
LBRD.K,US,12
SXT,US,12
DIOD,US,12
OPEN,US,12
PAGP,US,12
PBF,US,12
HESM,US,12
SON,US,12
SITE,US,12
UNF,US,8
FINN,US,12
LBRT,US,12
CNX,US,12
MAIN,US,12
MTN,US,7
KVYO,US,12
REZI,US,12
CAI,US,12
GHC,US,12
ATAT,US,12
CLSK,US,9
NNI,US,12
MRP,US,12
POWI,US,12
CSTM,US,12
LAZ,US,12
WSC,US,12
FFIN,US,12
LGND,US,12
FBIN,US,12
SEDG,US,12
ACLS,US,12
MKTX,US,12
OCTV,US,12
SIM,US,12
RLI,US,12
PI,US,12
MTRN,US,12
UFPI,US,12
REYN,US,12
BLLN,US,12
ASB,US,12
RDN,US,12
FCN,US,12
CSW,US,3
CBT,US,9
SAIC,US,1
IBOC,US,12
MIAX,US,12
LAUR,US,12
COLD,US,12
MIR,US,12
SHC,US,12
CNR,US,12
TBBB,US,12
KNF,US,12
LMND,US,12
TDS,US,12
FRMI,US,12
HRI,US,12
ACIW,US,12
TFSL,US,9
EXLS,US,12
MMYT,US,3
KBR,US,1
AIR,US,5
CUZ,US,12
MDU,US,12
AD,US,12
INDV,US,12
TVTX,US,12
SMR,US,12
VSCO,US,1
RDNT,US,12
EPR,US,12
VIRT,US,12
FTDR,US,12
PFSI,US,12
MTH,US,12
HNGE,US,12
PONY,US,12
FELE,US,12
TCBI,US,12
NWE,US,12
MAT,US,12
CAAP,US,12
EBC,US,12
OLED,US,12
VVV,US,9
TREX,US,12
PVH,US,2
CNO,US,12
COCO,US,12
BCO,US,12
WING,US,12
SFBS,US,12
BTDR,US,12
PTEN,US,12
TNL,US,12
PLNT,US,12
YSS,US,12
BETA,US,12
RXO,US,12
MANE,US,12
RELY,US,12
LBTY.A,US,12
AMRX,US,12
LASR,US,12
SLM,US,12
LION,US,12
TWST,US,9
POST,US,9
THO,US,7
HGV,US,12
FULT,US,12
SKT,US,12
RYAN,US,12
CVCO,US,3
SRAD,US,12
MWH,US,12
BDC,US,12
SEI,US,12
FHI,US,12
BRC,US,7
LIVN,US,12
AZZ,US,2
SKY,US,3
OPLN,US,12
GFF,US,9
BBWI,US,1
WHD,US,12
ENVA,US,12
PII,US,12
PSUS,US,12
CVSA,US,6
EMAT,US,12
VNT,US,12
ERAS,US,12
USAC,US,12
RUN,US,12
KRC,US,12
STEP,US,3
SEZL,US,12
SLGN,US,12
KTB,US,12
PJT,US,12
MWA,US,9
ZGN,US,12
UCB,US,12
MNSO,US,12
NAMS,US,12
LOPE,US,12
VRNS,US,12
CRK,US,12
DOCS,US,3
SOUN,US,12
BTC,US,12
VEON,US,12
NP,US,12
BNL,US,12
LRN,US,6
CATY,US,12
QLYS,US,12
BELF.A,US,12
UCTT,US,12
DAN,US,12
NVST,US,12
CPRX,US,12
INDB,US,12
INSW,US,12
ATMU,US,12
WAY,US,12
IRT,US,12
CRGY,US,12
OII,US,12
HP,US,9
HLNE,US,3
MRX,US,12
VKTX,US,12
KAI,US,12
MMSI,US,12
TPC,US,12
RNST,US,12
CRNX,US,12
HHH,US,12
IRTC,US,12
BOX,US,1
GPI,US,12
KNSA,US,12
WSFS,US,12
ACAD,US,12
BANF,US,12
DORM,US,12
STUB,US,12
VCYT,US,12
KC,US,12
BILL,US,6
FBP,US,12
EWTX,US,12
CLBT,US,12
FG,US,12
MNDY,US,12
ITRI,US,12
TDW,US,12
JOE,US,12
OTTR,US,12
AAP,US,12
YETI,US,12
RNG,US,12
KFY,US,4
MANU,US,6
CDP,US,12
BMI,US,12
BFH,US,12
TXG,US,12
BHF,US,12
CVBF,US,12
DAVE,US,12
LEU,US,12
CNS,US,12
HIMX,US,12
OSIS,US,6
NHI,US,12
CALM,US,5
INFQ,US,12
FOUR,US,12
TCGL,US,12
ORKA,US,12
GPGI,US,12
VECO,US,12
OGN,US,12
ABG,US,12
FUL,US,11
DLO,US,12
ARX,US,12
BULL,US,12
AB,US,12
APLE,US,12
EXTR,US,6
SIG,US,1
FIZZ,US,4
FIBK,US,12
ANF,US,1
SMG,US,9
KEEL,US,12
INOD,US,12
GBDC,US,9
AVA,US,12
STNG,US,12
ASO,US,1
SKYW,US,12
COLM,US,12
ICUI,US,12
KNTK,US,12
MMED,US,4
RRR,US,12
BKU,US,12
JOYY,US,12
MHO,US,12
SUNC,US,12
SXI,US,6
CBU,US,12
CVI,US,12
DNLI,US,12
IAC,US,12
ETOR,US,12
MSGE,US,6
WSBC,US,12
CC,US,12
GPK,US,12
ELF,US,3
PTRN,US,12
CSQ,US,12
KYIV,US,12
BTU,US,12
BFAM,US,12
NSA,US,12
NATL,US,12
AGO,US,12
GEF,US,10
FHB,US,12
CAKE,US,12
GNW,US,12
BEAM,US,12
OPCH,US,12
USLM,US,12
MCHB,US,12
MMS,US,9
AVNT,US,12
CNK,US,12
UPST,US,12
BATR.K,US,12
HWKN,US,3
SLG,US,12
FFBC,US,12
NSIT,US,12
TDC,US,12
KN,US,12
ARLP,US,12
DYN,US,12
RCUS,US,12
CON,US,12
TNGX,US,12
SHOO,US,12
ALHC,US,12
AMBA,US,1
VC,US,12
CRVL,US,3
BXMT,US,12
VGNT,US,12
RUM,US,12
CHEF,US,12
UNFI,US,7
TENB,US,12
ATRO,US,12
SFNC,US,12
TOWN,US,12
PRK,US,12
CTRI,US,12
CLMT,US,12
HAE,US,3
GRAL,US,12
CURB,US,12
BKD,US,12
HAWK,US,12
MZTI,US,6
RLAY,US,12
HAYW,US,12
KBH,US,11
USD,US,12
MPT,US,12
FSK,US,12
LXP,US,12
ARCB,US,12
SBLK,US,12
BOH,US,12
ITGR,US,12
BHE,US,12
GPOR,US,12
AWR,US,12
MGEE,US,12
IPAR,US,12
HYMC,US,12
WRBY,US,12
TTAM,US,12
LFST,US,12
NIC,US,12
PATK,US,12
NTCT,US,3
GEO,US,12
KLRA,US,12
QTWO,US,12
BANC,US,12
CPK,US,12
RHI,US,12
HSAI,US,12
PAY,US,12
SDRL,US,12
TE,US,12
KALU,US,12
ADEA,US,12
OLN,US,12
AKR,US,12
HG,US,12
VOYG,US,12
OUST,US,12
SBCF,US,12
VAC,US,12
CWK,US,12
AEHR,US,5
GRBK,US,12
BKV,US,12
PFS,US,12
BRZE,US,1
BSM,US,12
NHC,US,12
HIW,US,12
AMPX,US,12
TR,US,12
VNET,US,12
WOLF,US,6
EOSE,US,12
PHIN,US,12
WT,US,12
DBRG,US,12
HTGC,US,12
PLMR,US,12
PENG,US,8
ZIM,US,12
EXPO,US,12
UE,US,12
DX,US,12
PARR,US,12
VISN,US,12
WHR,US,12
NN,US,12
DBD,US,12
RH,US,1
ATKR,US,9
WOR,US,5
GPCR,US,12
IHS,US,12
WK,US,12
GMRS,US,12
STNE,US,12
FNGU,US,12
FSLY,US,12
PTON,US,6
CALY,US,12
EEFT,US,12
CCC,US,12
ALMS,US,12
HLIO,US,12
FA,US,12
BW,US,12
KD,US,3
FCPT,US,12
DK,US,12
NMIH,US,12
UNIT,US,12
INTR,US,12
FBK,US,12
PRVA,US,12
CWT,US,12
QUBT,US,12
CARG,US,12
HUN,US,12
WDFC,US,8
ARQT,US,12
FRSH,US,12
CECO,US,12
SUPN,US,12
MGRC,US,12
HTFL,US,12
APAM,US,12
IRON,US,12
ASH,US,9
LCII,US,12
AEO,US,1
CHRN,US,5
DFTX,US,12
RSI,US,12
PLBL,US,12
BRAI,US,6
FJTC.Y,US,12
DHT,US,12
WAFD,US,9
DKL,US,12
TMC,US,12
PSNY,US,12
SAH,US,12
IPEU,US,12
UTF,US,12
VVX,US,12
MLYS,US,12
SHAK,US,12
PAGS,US,12
IDYA,US,12
TRMK,US,12
IVT,US,12
TRN,US,12
DJT,US,12
AAMI,US,12
GDV,US,12
LCID,US,12
TARS,US,12
VERA,US,12
HOG,US,12
CUBI,US,12
HUBG,US,12
WU,US,12
SPXX,US,12
FRME,US,12
XXI,US,12
FRPT,US,12
CALX,US,12
AMR,US,12
ROG,US,12
DGII,US,9
RLX,US,12
SPNT,US,12
FLNC,US,9
WRD,US,12
KMT,US,6
KWR,US,12
WERN,US,12
COHU,US,12
ICHR,US,12
NMRK,US,12
AERO,US,12
UAA,US,3
IMNM,US,12
CLDX,US,12
NIQ,US,12
NESR,US,12
BCC,US,12
GRDN,US,12
TALO,US,12
ALGT,US,12
BBT,US,12
PK,US,12
TNK,US,12
CHA,US,12
FBNC,US,12
AGYS,US,3
AMSC,US,3
ADPT,US,12
HTO,US,12
BBAI,US,12
OSW,US,12
ELVN,US,12
AMBP,US,12
NBTB,US,12
PENN,US,12
CMPR,US,6
MTX,US,12
ANDE,US,12
NGVT,US,12
RARE,US,12
WIX,US,12
DNOW,US,12
BKE,US,1
RNW,US,3
TMDX,US,12
BUSE,US,12
KYN,US,11
AVPT,US,12
MH,US,3
TBBK,US,12
DCO,US,12
HE,US,12
NOG,US,12
KOD,US,12
DRD,US,6
ABM,US,10
DRVN,US,12
DAC,US,12
BCRX,US,12
SOC,US,9
SQQQ,US,12
RAMP,US,3
PBH,US,3
DXPE,US,12
DRH,US,12
HNI,US,12
PCT,US,12
CXT,US,12
MNR,US,12
ALRM,US,12
WTTR,US,12
SYBT,US,12
NTB,US,12
GRND,US,12
RVT,US,12
EFSC,US,12
BRUN,US,12
BANR,US,12
HTH,US,12
NKTR,US,12
CENT,US,9
IMAX,US,12
PBI,US,12
RCAT,US,4
CTOS,US,12
ATEN,US,12
MBIN,US,12
LMAT,US,12
MLCO,US,12
WLY,US,4
FUN,US,12
BLBD,US,9
WS,US,5
BSTZ,US,12
VERX,US,12
MCRI,US,12
ACHC,US,12
CPRI,US,3
IE,US,12
CYD,US,12
ARR,US,12
PLUS,US,3
BPRE,US,12
POET,US,12
NGL,US,3
PHVS,US,12
AXGN,US,12
TNET,US,12
XRAY,US,12
CLBK,US,12
CLOV,US,12
NEXT,US,12
SHLS,US,12
AESI,US,12
CXW,US,12
SPSC,US,12
ESTA,US,12
BAND,US,12
BLX,US,12
BRSL,US,12
NWBI,US,12
SLDE,US,12
UTI,US,9
LC,US,12
MGNI,US,12
SEM,US,12
PDFS,US,12
IOSP,US,12
NWN,US,12
JBLU,US,12
PRDO,US,12
ATHM,US,12
SHO,US,12
DHC,US,12
THR,US,3
NMM,US,12
TRVI,US,12
OMCL,US,12
NEXA,US,12
PGNY,US,12
BHC,US,12
EVCM,US,12
ZLAB,US,12
TYRA,US,12
GNL,US,12
FLYW,US,12
GRC,US,12
STC,US,12
NVCR,US,12
OCUL,US,12
AUPH,US,12
NTST,US,12
GTY,US,12
HCI,US,12
NTLA,US,12
FIGS,US,12
BTX,US,12
QFIN,US,12
LB,US,12
NEOG,US,5
AVEX,US,12
DEI,US,12
VRDN,US,12
ALKT,US,12
PLWN,US,12
SION,US,12
WB,US,12
OFG,US,12
STOK,US,12
ISPH.F,US,12
EZPW,US,9
FCF,US,12
SKYT,US,12
LTC,US,12
CLM,US,12
TGLS,US,12
PLAB,US,10
RXRX,US,12
AMRC,US,12
STEL,US,12
BWIN,US,12
BXDC,US,12
PRKS,US,12
RAPP,US,12
SRPT,US,12
AGM,US,12
ABCL,US,12
SONO,US,9
TY,US,12
COTY,US,6
NBHC,US,12
PUMP,US,12
PAX,US,12
AGQ,US,12
SGML,US,12
ASTH,US,12
FIVN,US,12
CMRE,US,12
ADMA,US,12
HMN,US,12
PLGO,US,12
GEL,US,12
INVX,US,12
NRIX,US,11
CTS,US,12
ZYME,US,12
AIN,US,12
ALG,US,12
ARCO,US,12
IOVA,US,12
HRMY,US,12
WLTH,US,1
SPB,US,9
TIC,US,11
PLPC,US,12
SAM,US,12
WMK,US,12
NVAX,US,12
PRLB,US,12
QURE,US,12
BKSY,US,12
RQI,US,12
ADNT,US,9
SKWD,US,12
VRE,US,12
MBC,US,12
INTA,US,6
SRCE,US,12
AEVA,US,12
ASAN,US,1
BOBS,US,12
CMPS,US,12
NCNO,US,1
LOB,US,12
CNXN,US,12
CHCO,US,12
AGRO,US,12
AGIO,US,12
GT,US,12
GAB,US,12
GLOB,US,12
PAYO,US,12
STGW,US,12
CASH,US,9
SNDX,US,12
CAPR,US,12
SLS,US,12
SGRY,US,12
CBZ,US,12
PLSE,US,12
SMA,US,12
PEB,US,12
TH,US,12
MD,US,12
EPAC,US,8
CNXC,US,11
BL,US,12
DBC,US,12
WD,US,12
MQ,US,12
LPG,US,3
BST,US,12
TILE,US,12
APPN,US,12
STRA,US,12
ECPG,US,12
FMC,US,12
VSTS,US,9
HTZ,US,12
UFPT,US,12
AMBQ,US,12
VCEL,US,12
EFC,US,12
PVLA,US,12
ENVX,US,12
TFIN,US,12
TSHA,US,12
OPRA,US,12
GENB,US,12
IMKT.A,US,12
ADUS,US,12
STEW,US,11
XPRO,US,12
LWLG,US,12
SILA,US,12
IIPR,US,12
BCAT,US,12
VPG,US,12
GLUE,US,12
ANIP,US,12
NUVB,US,12
ATAI,US,12
WBTN,US,12
KOS,US,12
ZD,US,12
AIP,US,12
BHVN,US,12
FSUN,US,12
DCOM,US,12
SNDA,US,12
GHRS,US,12
CRML,US,6
TPB,US,12
LILA,US,12
GABC,US,12
HLIT,US,12
BDJ,US,12
TSLX,US,12
HURN,US,12
STBA,US,12
TCBK,US,12
DXC,US,3
ANAB,US,12
FLO,US,12
CLVT,US,12
KSS,US,1
FLNG,US,12
VIR,US,12
GLP,US,12
HOPE,US,12
XHR,US,12
AMLX,US,12
RBCA.A,US,12
INVA,US,12
DCH,US,12
CET,US,12
GENI,US,12
AI,US,4
AVAH,US,12
SLVM,US,12
ESBA,US,12
ECAT,US,12
BFC,US,12
QQQX,US,12
PGEN,US,12
WGS,US,12
COUR,US,12
IMTX,US,12
BORR,US,12
REX,US,1
AGL,US,12
LZB,US,4
KW,US,12
DMRA,US,12
GAM,US,12
BAR,US,12
FDP,US,12
PRGO,US,12
RMIX,US,12
INBX,US,12
QCRH,US,12
CCS,US,12
UMAC,US,9
TRIN,US,12
LKFN,US,12
NNNN,US,12
CNOB,US,12
EVTC,US,12
LIND,US,12
NNE,US,9
BY,US,12
PRCT,US,12
MBX,US,12
ARDX,US,12
DV,US,12
STAA,US,12
CBL,US,12
RYZ,US,12
KRP,US,12
WKC,US,12
CNGO,US,12
BTT,US,7
KARO,US,2
PRG,US,12
OBK,US,12
MAN,US,12
IMCR,US,12
LINC,US,12
SFL,US,12
TNC,US,12
WEN,US,12
TRS,US,12
SCO,US,12
MAZE,US,12
HLMN,US,12
GBX,US,8
RLJ,US,12
ARI,US,12
FTRE,US,12
KMPR,US,12
ARLO,US,12
NWL,US,12
ECVT,US,12
CSWC,US,3
RES,US,12
DAO,US,12
WWW,US,12
PLTK,US,12
KALV,US,4
AAT,US,12
LU,US,12
BCAX,US,12
JJSF,US,9
CRI,US,12
NOMD,US,12
ALMR,US,12
DFH,US,12
HCSG,US,12
NFJ,US,12
AVBP,US,9
SATL,US,12
MRTN,US,12
RVLV,US,12
ATRC,US,12
FOR,US,9
LEG,US,12
LOMA,US,12
MLTX,US,12
ARRY,US,12
ULCC,US,12
HBNB,US,12
BLKB,US,12
CXM,US,1
GDXU,US,12
TTI,US,12
IDT,US,7
PRGS,US,11
SVV,US,12
HLX,US,12
NRP,US,12
WBI,US,12
AIIR,US,12
TDOC,US,12
WLDN,US,12
PICS,US,12
OLPX,US,12
NBR,US,12
URGN,US,12
NEO,US,12
GIII,US,1
SEPN,US,12
ORC,US,12
ROM,US,12
AOSL,US,6
WINA,US,12
AHCO,US,12
ALNT,US,12
PURR,US,12
OCS,US,12
EYE,US,12
OI,US,12
NSSC,US,6
NVGS,US,12
CMP,US,9
CCEC,US,12
ADTN,US,12
TBLA,US,12
CDRE,US,12
DOLE,US,12
MPLT,US,12
GCT,US,12
UAMY,US,12
ARDT,US,12
SVRA,US,12
NSP,US,12
NBXG,US,10
GSL,US,12
HROW,US,12
MUX,US,12
DMLP,US,12
ENOV,US,12
LADR,US,12
AMC,US,12
PBT,US,12
ITRN,US,12
ATLC,US,12
WABC,US,12
AHG,US,3
TRIP,US,12
TUYA,US,12
GILT,US,12
CRSR,US,12
TWO,US,12
KDK,US,12
UVV,US,3
ASST,US,12
FINV,US,12
RXT,US,12
CSIQ,US,12
SPH,US,9
UAN,US,12
BHRB,US,12
UMH,US,12
RDWR,US,12
TROX,US,12
DSL,US,12
SBH,US,9
WVE,US,12
XPEL,US,12
COAG,US,12
XZO,US,12
ALX,US,12
YELP,US,12
PGY,US,12
PEBO,US,12
PAHC,US,6
IART,US,12
ENR,US,9
DSGR,US,12
AFYA,US,12
WLFC,US,12
HYLN,US,12
ICFI,US,12
KMTS,US,4
HLF,US,12
TMP,US,12
AMAL,US,12
VIA,US,12
PRA,US,12
VTOL,US,12
PRBG,US,12
GOLD,US,6
CCO,US,12
NPKI,US,12
SHAZ,US,12
PRSU,US,12
JKS,US,12
PWP,US,12
BLFS,US,12
SIFY,US,3
DBA,US,12
CTBI,US,12
PWRL,US,12
PSEC,US,6
ASA,US,11
SBET,US,12
AVLN,US,12
EVEX,US,12
ABTC,US,12
SCL,US,12
ATEX,US,3
PSNL,US,12
ATEC,US,12
INSP,US,12
PNTG,US,12
LIFE,US,12
BFLY,US,12
RZLV,US,9
CRF,US,12
SG,US,12
CDNA,US,12
TNDM,US,12
XIFR,US,12
FMBH,US,12
GHM,US,3
MNKD,US,12
GIC,US,12
ZBIO,US,12
HTLD,US,12
REAL,US,12
AVNS,US,12
EVLV,US,12
IRMD,US,12
SVC,US,12
ASTE,US,12
OLMA,US,12
BV,US,9
AGBK,US,12
WYFI,US,12
ACVA,US,12
AKTS,US,12
ROCK,US,12
FCEL,US,10
HQH,US,9
MGRT,US,9
PRCH,US,12
CIM,US,12
EYPT,US,12
UFCS,US,12
TDAY,US,12
NWPX,US,12
LNN,US,8
SDGR,US,12
PFBC,US,12
CSR,US,12
TEN,US,12
LQDT,US,9
DQ,US,12
PZZA,US,12
EXCE,US,12
AMN,US,12
HFWA,US,12
UPBD,US,12
LUCK,US,9
CEVA,US,12
DLX,US,12
DEA,US,12
LGIH,US,12
ODC,US,7
MCB,US,12
MLKN,US,5
ABR,US,12
MCEM,US,12
ACDC,US,12
OPK,US,12
IQ,US,12
NMAX,US,12
UVSP,US,12
GPRE,US,12
OSBC,US,12
NAT,US,12
COLL,US,12
SBR,US,12
UPWK,US,12
CCB,US,12
PXED,US,8
OCFC,US,12
LZ,US,12
AORT,US,12
NBN,US,6
CNMD,US,12
MALG,US,12
SAFE,US,12
FBAK,US,12
OMDA,US,12
MMI,US,12
LPTH,US,6
THRM,US,12
XERS,US,12
APPS,US,3
AZTA,US,9
INDI,US,12
OCSL,US,9
ABSI,US,12
DEC,US,12
KBDC,US,12
ALVO,US,12
EE,US,12
GNK,US,12
GSG,US,12
CRVS,US,12
SMPL,US,8
HBT,US,12
HGTY,US,12
PDM,US,12
JBIO,US,12
UWMC,US,12
AMPL,US,12
FMBL,US,12
UVE,US,12
SAFT,US,12
INNV,US,6
PLOW,US,12
RERE,US,12
CMRF,US,12
IGIC,US,12
SEMU.F,US,12
BUR,US,12
HEPS,US,12
CGEM,US,12
FETH,US,12
GSBD,US,12
KOPN,US,12
FSCO,US,12
CVLG,US,12
DAKT,US,4
SBGI,US,12
TK,US,12
WTBF.B,US,12
DFIN,US,12
BBN,US,12
VYX,US,12
EEX,US,12
GDRX,US,12
BJRI,US,12
ESRT,US,12
MGTX,US,12
RHLD,US,12
NLST,US,12
OPY,US,12
GTM,US,12
WSR,US,12
SH,US,12
ASPI,US,12
MSEX,US,12
FLOC,US,12
USPH,US,12
DJP,US,12
DRTS,US,12
SENE.A,US,12
MFA,US,12
SBSI,US,12
OXLC,US,3
BRBR,US,9
METC,US,12
LXRX,US,12
KODK,US,12
ACEL,US,12
AEBI,US,12
IMSR,US,12
LUXE,US,6
SPTX,US,12
CFFN,US,9
PSIX,US,12
ARHS,US,12
VRTS,US,12
BTZ,US,12
RJET,US,12
HBNC,US,12
TRUP,US,12
EQBK,US,12
TRON,US,12
NHP,US,12
BCX,US,12
GLAS.F,US,12
JCAP,US,12
SCSC,US,6
ASIC,US,12
MCBS,US,12
BFST,US,12
EFOR,US,12
TYG,US,11
LMB,US,12
BH.A,US,12
SANA,US,12
BMEZ,US,12
CRTO,US,12
FMCB,US,12
HGYM.F,US,12
MBWM,US,12
SSYS,US,12
TIGR,US,12
PCRX,US,12
PMT,US,12
HNRG,US,12
APEI,US,12
NPK,US,12
BBDC,US,12
RPC,US,12
KURA,US,12
CERT,US,12
TRST,US,12
APC,US,12
AMTB,US,12
SBNC,US,12
FSBC,US,12
AIAI,US,12
LXU,US,12
ABUS,US,12
SPRY,US,12
ESQ,US,12
NRGV,US,12
UTL,US,12
CCNE,US,12
JMIA,US,12
HPK,US,12
CPF,US,12
CRAI,US,12
MFIC,US,12
GLIB.A,US,12
JANX,US,12
HAFC,US,12
NUTX,US,12
ANNX,US,12
QDEL,US,12
YALA,US,12
SPIR,US,12
INMD,US,12
SHEN,US,12
XNCR,US,12
MOMO,US,12
NXP,US,3
JBSS,US,6
ORIC,US,12
BOW,US,12
SMP,US,12
CRCT,US,12
TALK,US,12
ARKO,US,12
BCSF,US,12
LYTS,US,6
SCHL,US,5
ABX,US,12
MYE,US,12
WOOF,US,1
JBGS,US,12
CODI,US,12
MOV,US,1
MDRX,US,12
BFS,US,12
UDOW,US,12
CCOI,US,12
NX,US,10
CAC,US,12
CGNT,US,1
GO,US,12
NB,US,6
FMNB,US,12
UGL,US,12
WGO,US,8
AVTX,US,12
EVMN,US,12
EVC,US,12
ETON,US,12
EGBN,US,12
NBBK,US,9
AMPH,US,12
MATW,US,9
TBPH,US,12
MPB,US,12
KRO,US,12
GROY,US,12
ADAM,US,12
TSAT,US,12
CAPL,US,12
AURA,US,12
ROOT,US,12
THFF,US,12
LOT,US,6
MTUS,US,12
CPPT.L,US,12
APOG,US,2
PFLT,US,9
GSHD,US,12
FCBC,US,12
VOR,US,12
AMJB,US,12
AGNT,US,12
WLKP,US,12
GSM,US,12
EPC,US,9
GGN,US,12
ESPR,US,12
NXDR,US,12
NAVI,US,12
ODTX,US,12
LBRX,US,12
RDVT,US,12
GERN,US,12
BBSI,US,12
OMER,US,12
IBTA,US,12
EIG,US,12
CDNL,US,12
CYRX,US,12
TRNS,US,3
AVO,US,10
SSII,US,12
KFRC,US,12
KOP,US,12
CTMX,US,12
WEST,US,12
SMNR,US,12
GSBC,US,12
CCBG,US,12
SPFI,US,12
MRLN,US,12
RHNO,US,12
MITK,US,9
DC,US,12
HTB,US,6
ACGP,US,12
HBIA,US,12
BIOA,US,12
GRPN,US,12
PD,US,1
ODD,US,12
SXC,US,12
PHAT,US,12
SMBC,US,6
HZO,US,9
DXYZ,US,12
PGC,US,12
FNGO,US,12
FOXF,US,12
RLMD,US,12
CBRL,US,7
NMFC,US,12
BRSP,US,12
CGBD,US,12
FBYD,US,12
ALLO,US,12
ALPI.B,US,12
LMRI,US,12
KRNT,US,12
FEIM,US,4
SLDP,US,12
WRLD,US,3
NXRT,US,12
RMT,US,12
EH,US,12
IVR,US,12
ORRF,US,12
HSTM,US,12
GDOT,US,12
PHIG,US,12
JBI,US,12
TBLD,US,9
OPFI,US,12
SERV,US,12
SLDB,US,12
BLMN,US,12
LCLN,US,12
FTK,US,12
REPX,US,12
VTS,US,12
QNST,US,6
BBOT,US,12
ALRS,US,12
ADSE,US,12
REPL,US,3
FWRG,US,12
FDUS,US,12
VELO,US,12
SLRC,US,12
MCDI.F,US,12
FISI,US,12
SMBK,US,12
DJCO,US,9
DGXX,US,12
MRVI,US,12
TMCR,US,12
IBCP,US,12
GFR,US,12
BTBT,US,12
ANRO,US,9
RSKD,US,12
TXO,US,12
MEC,US,12
YSWY,US,12
PEO,US,12
AMWD,US,4
CBLL,US,12
TENX,US,12
GDRZ.F,US,12
NTGR,US,12
MNTN,US,12
NABL,US,12
SABR,US,12
BTGO,US,12
CTO,US,12
BALY,US,12
RBTK,US,12
UYG,US,12
LAES,US,12
SHBI,US,12
NOAH,US,12
OIO,US,12
BOE,US,12
VEL,US,12
CBIO,US,12
VLGE.A,US,12
TIPT,US,12
ZVRA,US,12
VRRM,US,12
YB,US,12
KRUS,US,8
HQ,US,12
NKLR,US,12
EVER,US,12
RSVR,US,3
RWT,US,12
SWBI,US,4
HOV,US,10
NGVC,US,9
RR,US,9
HIPO,US,12
ACP,US,12
BZH,US,9
FBRT,US,12
SWRD,US,12
IHRT,US,12
SVMB,US,12
THVB,US,12
PKE,US,3
OXM,US,2
GPRK,US,12
VINP,US,12
CRMD,US,12
ELA,US,12
MTC,US,12
VMO,US,10
TLRY,US,5
ASC,US,12
AXG,US,3
DSGN,US,12
BHK,US,12
CD,US,12
CSV,US,12
CSHR,US,12
CNNE,US,12
CWBC,US,12
HY,US,12
TRTX,US,12
HPP,US,12
UTZ,US,12
OFRM,US,12
CTGO,US,12
NCDL,US,12
BWMX,US,12
AMBZ,US,12
SGP,US,12
PSQ,US,12
VTEX,US,12
GCMG,US,12
CLFD,US,9
PRME,US,12
GRNT,US,12
DGIC.A,US,12
DMII,US,12
HRTG,US,12
CSTL,US,12
SB,US,12
PSTL,US,12
PAR,US,12
HIFS,US,12
ACRS,US,12
TCBX,US,12
BUI,US,12
OTCM,US,12
CCSI,US,12
HELE,US,2
CLB,US,12
GAIN,US,3
GEMI,US,12
IMMX,US,12
SIBN,US,12
EVOH,US,12
KE,US,6
RGR,US,12
WASH,US,12
EMD,US,12
SWIM,US,12
MRAM,US,12
IDR,US,12
SWMR,US,12
GOGO,US,12
RYAM,US,12
CABA,US,12
DNA,US,12
FFPP,US,12
BCAL,US,12
GOOD,US,12
PHR,US,1
CERS,US,12
CADL,US,12
MHD,US,12
DNUT,US,12
CARE,US,12
AROW,US,12
ASIX,US,12
AIV,US,12
INN,US,12
GDYN,US,12
TDUP,US,12
AMRQ.F,US,12
RRBI,US,12
ILPT,US,12
BCSS,US,12
PFIS,US,12
EVAC,US,12
FNGS,US,12
ATMP,US,12
ALT,US,12
CASS,US,12
ASTL,US,3
NFBK,US,12
CEPF,US,12
NPB,US,12
PACK,US,12
TECX,US,12
IRWD,US,12
IIM,US,2
RCBC,US,12
EIKN,US,12
BHB,US,12
SPCE,US,12
NVRI,US,12
PRAA,US,12
CRNC,US,9
MCS,US,12
DDI,US,12
TASK,US,12
ARVN,US,12
ONT,US,12
RAJA.F,US,12
BVS,US,12
MSBI,US,12
SPYU,US,12
UHT,US,12
CARS,US,12
HUYA,US,12
TWN,US,12
AMSF,US,12
ZNOG,US,12
HKD,US,4
LEGH,US,12
CCXI,US,12
VLNT,US,12
FET,US,12
GRRR,US,12
NRDS,US,12
MCFT,US,6
RIGL,US,12
NPCE,US,12
MLAB,US,3
MMU,US,12
TATT,US,12
AEXA,US,12
GUT,US,12
MAMA,US,1
UNTY,US,12
RPD,US,12
MG,US,12
VGM,US,2
EGY,US,12
ORN,US,12
TRAX,US,12
EROK,US,12
TCMD,US,12
ACNB,US,12
AGMB,US,12
BWMN,US,12
BETR,US,12
WDH,US,12
NRIM,US,12
ASMB,US,12
MDXG,US,12
ALOY,US,12
WTI,US,12
SSTK,US,12
SFST,US,12
SRTA,US,12
MLR,US,12
ECC,US,12
DDL,US,12
XMAX,US,12
HQL,US,9
RBBN,US,12
PUBM,US,12
VKQ,US,2
KRT,US,12
FFIC,US,12
CTKB,US,12
SD,US,12
BBNX,US,12
GYRE,US,12
MBUU,US,6
CPS,US,12
BDN,US,12
CIVB,US,12
ACHV,US,12
BGY,US,12
SKYC,US,12
OSPN,US,12
DSU,US,12
GUG,US,5
IIIN,US,9
TREE,US,12
PRTA,US,12
TOYO,US,12
WCCB,US,12
EDIT,US,12
ASPN,US,12
TNGY,US,12
BIT,US,10
FIP,US,12
BWEL,US,12
PRTH,US,12
BWB,US,12
ETD,US,6
IQI,US,2
DDD,US,12
SPPP,US,12
CSM,US,12
CLYM,US,12
DDM,US,12
XOMA,US,12
DPG,US,12
TRC,US,12
AIOT,US,12
BME,US,12
CBNK,US,12
GLRE,US,12
KRNY,US,6
FDMT,US,12
EBF,US,2
AHRT,US,12
MVST,US,12
ANGX,US,12
KYTX,US,12
FLGT,US,12
IPI,US,12
WILC,US,12
OLP,US,12
MCCK,US,12
VCV,US,2
OWLS,US,12
OIS,US,12
EACO,US,12
OVID,US,12
TROO,US,12
NWAX,US,12
CLDT,US,12
HBCP,US,12
BOT,US,12
CTNM,US,12
AQST,US,12
MCTA,US,3
VXX,US,12
LZM,US,12
CRD.B,US,12
HKHC,US,12
ACIC,US,12
CIC.U,US,12
ANDG,US,12
AUTL,US,12
ADV,US,12
BLZE,US,12
ALIT,US,12
TITN,US,1
PANL,US,12
NGS,US,12
UXIN,US,3
MNRO,US,3
ABAT,US,6
CXII.U,US,12
FXF,US,12
BLW,US,12
CAL,US,1
BSRR,US,12
MATV,US,12
RWWI,US,12
SCVL,US,1
SFIX,US,7
MLAA,US,12
DBIN,US,12
BKKT,US,12
OOMA,US,1
YORW,US,12
STRO,US,12
SES,US,12
NUAI,US,12
CWCO,US,12
GAMI,US,12
CCCC,US,12
MAX,US,12
FBIZ,US,12
IFN,US,12
ZSQR,US,12
WEAV,US,12
ANGO,US,5
ANL,US,12
KRSP,US,12
XRN,US,12
WFHG,US,12
MFSV,US,12
NVEC,US,3
FFMR,US,12
CUSI,US,12
ANSC,US,9
EBS,US,12
CRAN,US,9
COFS,US,12
VVR,US,12
TOI,US,12
FXE,US,12
NEXN,US,12
CINT,US,12
GTEN,US,12
OCGN,US,12
FXY,US,12
FBRX,US,12
CWH,US,12
CHCT,US,12
TWI,US,12
PLAY,US,1
HTT,US,12
PACB,US,12
TSSI,US,12
APXT,US,12
JOUT,US,9
FULC,US,12
MSC,US,12
BBW,US,1
CMCL,US,12
OBT,US,12
PDLB,US,12
STTK,US,12
LXFR,US,12
UPB,US,12
KLC,US,12
CMCO,US,3
BBBY,US,12
LOCO,US,12
GLOO,US,1
BCOM.F,US,12
BCAR,US,12
IMXI,US,12
YMAX,US,12
OSS,US,12
SGMT,US,12
ZKH,US,9
ECX,US,12
SPT,US,12
ESEA,US,12
CATX,US,12
BOIL,US,12
CLNE,US,12
ACTG,US,12
TRUL,US,12
GTII,US,12
DRUG,US,9
VREO,US,12
BITZ.U,US,12
1672,SEHK,12
303,SEHK,3
1164,SEHK,12
2331,SEHK,12
1800,SEHK,12
288,SEHK,12
1882,SEHK,12
941,SEHK,12
220,SEHK,12
902,SEHK,12
2689,SEHK,6
1364,SEHK,12
2218,SEHK,12
867,SEHK,12
1757,SEHK,3
3877,SEHK,12
1579,SEHK,12
38,SEHK,12
551,SEHK,12
2729,SEHK,12
1681,SEHK,12
3881,SEHK,12
2025,SEHK,12
2171,SEHK,12
1523,SEHK,12
6636,SEHK,12
9911,SEHK,12
1801,SEHK,12
1810,SEHK,12
2315,SEHK,12
2588,SEHK,12
2638,SEHK,12
2727,SEHK,12
3618,SEHK,12
2498,SEHK,12
3898,SEHK,12
6066,SEHK,12
6198,SEHK,12
83,SEHK,6
857,SEHK,12
991,SEHK,12
10,SEHK,12
1128,SEHK,12
1415,SEHK,12
1530,SEHK,12
1551,SEHK,12
3323,SEHK,9
3800,SEHK,12
3888,SEHK,12
53,SEHK,6
631,SEHK,12
6979,SEHK,12
6993,SEHK,12
956,SEHK,12
1066,SEHK,12
1196,SEHK,12
1277,SEHK,12
2155,SEHK,12
2299,SEHK,12
2314,SEHK,12
2858,SEHK,12
467,SEHK,12
639,SEHK,12
1478,SEHK,12
2533,SEHK,12
2616,SEHK,12
354,SEHK,12
3633,SEHK,12
1138,SEHK,12
1199,SEHK,12
1375,SEHK,12
1626,SEHK,12
1866,SEHK,12
2245,SEHK,12
2259,SEHK,12
2228,SEHK,12
2380,SEHK,12
247,SEHK,6
316,SEHK,12
3933,SEHK,12
3931,SEHK,12
6185,SEHK,12
669,SEHK,12
6862,SEHK,12
6666,SEHK,12
7666,SEHK,12
9900,SEHK,3
9903,SEHK,12
2546,SEHK,12
1349,SEHK,12
6199,SEHK,12
2628,SEHK,12
293,SEHK,12
3858,SEHK,12
2276,SEHK,12
2009,SEHK,12
8137,SEHK,12
1053,SEHK,12
358,SEHK,12
1117,SEHK,12
6682,SEHK,12
1299,SEHK,12
1288,SEHK,12
14,SEHK,12
1686,SEHK,6
1818,SEHK,12
1797,SEHK,5
2097,SEHK,12
1907,SEHK,12
1910,SEHK,12
1913,SEHK,12
2460,SEHK,12
636,SEHK,12
600,SEHK,12
23,SEHK,12
1972,SEHK,12
517,SEHK,12
1088,SEHK,12
1093,SEHK,12
1099,SEHK,12
2343,SEHK,12
1209,SEHK,12
1308,SEHK,12
2367,SEHK,12
1339,SEHK,12
2507,SEHK,12
148,SEHK,12
19,SEHK,12
2,SEHK,12
2670,SEHK,12
3690,SEHK,12
3808,SEHK,12
486,SEHK,12
6088,SEHK,12
2706,SEHK,12
1133,SEHK,12
1606,SEHK,12
3317,SEHK,12
3339,SEHK,12
2696,SEHK,12
2866,SEHK,12
3939,SEHK,12
512,SEHK,12
6887,SEHK,12
6963,SEHK,12
108,SEHK,12
152,SEHK,12
1609,SEHK,12
565,SEHK,6
2432,SEHK,12
2869,SEHK,12
3355,SEHK,12
546,SEHK,12
6600,SEHK,12
6082,SEHK,12
811,SEHK,12
883,SEHK,12
100,SEHK,12
1357,SEHK,12
1999,SEHK,3
1024,SEHK,12
1811,SEHK,12
2339,SEHK,12
1208,SEHK,12
1330,SEHK,12
1368,SEHK,12
1578,SEHK,12
177,SEHK,12
1651,SEHK,3
1879,SEHK,12
1836,SEHK,12
1963,SEHK,12
2007,SEHK,12
2142,SEHK,12
2285,SEHK,12
2252,SEHK,12
2313,SEHK,12
2268,SEHK,12
2589,SEHK,12
916,SEHK,12
2698,SEHK,12
2883,SEHK,12
297,SEHK,12
363,SEHK,12
3868,SEHK,12
3918,SEHK,12
425,SEHK,12
522,SEHK,12
981,SEHK,12
6110,SEHK,2
586,SEHK,12
6656,SEHK,12
6808,SEHK,3
6699,SEHK,12
683,SEHK,12
697,SEHK,12
780,SEHK,12
754,SEHK,12
855,SEHK,3
9690,SEHK,12
999,SEHK,12
1171,SEHK,12
12,SEHK,12
135,SEHK,12
1398,SEHK,12
1456,SEHK,12
1519,SEHK,12
16,SEHK,6
175,SEHK,12
1898,SEHK,12
1919,SEHK,12
20,SEHK,12
2018,SEHK,12
2269,SEHK,12
2319,SEHK,12
2328,SEHK,12
2333,SEHK,12
2338,SEHK,12
2382,SEHK,12
2388,SEHK,12
241,SEHK,3
2600,SEHK,12
27,SEHK,12
270,SEHK,12
3,SEHK,12
386,SEHK,12
388,SEHK,12
3908,SEHK,12
3969,SEHK,12
66,SEHK,12
6618,SEHK,12
6869,SEHK,12
688,SEHK,12
6881,SEHK,12
6990,SEHK,12
728,SEHK,12
939,SEHK,12
966,SEHK,12
992,SEHK,3
9973,SEHK,12
9995,SEHK,12
1033,SEHK,12
1359,SEHK,12
142,SEHK,12
151,SEHK,3
1585,SEHK,12
1783,SEHK,3
1788,SEHK,12
179,SEHK,3
189,SEHK,12
2096,SEHK,12
2225,SEHK,12
2356,SEHK,12
2357,SEHK,12
2386,SEHK,12
2400,SEHK,12
2526,SEHK,12
257,SEHK,12
2688,SEHK,12
2788,SEHK,12
2799,SEHK,12
2880,SEHK,12
2889,SEHK,12
290,SEHK,3
323,SEHK,12
3311,SEHK,12
3360,SEHK,12
3369,SEHK,12
3393,SEHK,12
3396,SEHK,3
384,SEHK,3
3866,SEHK,12
548,SEHK,12
576,SEHK,12
598,SEHK,12
666,SEHK,12
6810,SEHK,12
772,SEHK,12
960,SEHK,12
9677,SEHK,12
9889,SEHK,12
9969,SEHK,12
9985,SEHK,12
1114,SEHK,12
1528,SEHK,12
1833,SEHK,12
1952,SEHK,12
2145,SEHK,12
2506,SEHK,12
2580,SEHK,12
2595,SEHK,12
2630,SEHK,12
2632,SEHK,12
2637,SEHK,12
2652,SEHK,12
2666,SEHK,12
2669,SEHK,12
326,SEHK,12
336,SEHK,12
579,SEHK,12
6055,SEHK,12
6098,SEHK,12
69,SEHK,12
719,SEHK,12
7630,SEHK,12
826,SEHK,12
856,SEHK,12
863,SEHK,12
9668,SEHK,12
2157,SEHK,12
2186,SEHK,12
2256,SEHK,12
2575,SEHK,12
6616,SEHK,12
86,SEHK,12
9936,SEHK,12
2778,SEHK,12
823,SEHK,3
1876,SEHK,12
6969,SEHK,12
1618,SEHK,12
778,SEHK,12
2643,SEHK,12
1361,SEHK,12
1511,SEHK,12
1729,SEHK,12
3330,SEHK,12
4,SEHK,12
552,SEHK,12
656,SEHK,12
8,SEHK,12
9660,SEHK,12
1113,SEHK,12
1310,SEHK,8
200,SEHK,12
2128,SEHK,12
2655,SEHK,12
340,SEHK,12
101,SEHK,12
3928,SEHK,9
3983,SEHK,12
41,SEHK,12
3996,SEHK,12
460,SEHK,12
6060,SEHK,12
6826,SEHK,12
71,SEHK,12
836,SEHK,12
9926,SEHK,12
1030,SEHK,12
6658,SEHK,12
322,SEHK,12
3677,SEHK,12
1384,SEHK,12
1021,SEHK,12
934,SEHK,12
3380,SEHK,12
1060,SEHK,3
1070,SEHK,12
1396,SEHK,12
1313,SEHK,12
165,SEHK,12
17,SEHK,6
1735,SEHK,12
1883,SEHK,12
2590,SEHK,12
392,SEHK,12
570,SEHK,12
6069,SEHK,12
590,SEHK,3
6,SEHK,12
751,SEHK,12
8279,SEHK,3
762,SEHK,12
7489,SEHK,12
9966,SEHK,12
107,SEHK,12
1258,SEHK,12
1440,SEHK,12
1508,SEHK,12
1828,SEHK,12
373,SEHK,12
1928,SEHK,12
2038,SEHK,12
2233,SEHK,12
2610,SEHK,12
2510,SEHK,12
3306,SEHK,6
325,SEHK,12
3696,SEHK,12
3998,SEHK,3
400,SEHK,12
6186,SEHK,12
622,SEHK,12
7618,SEHK,12
9899,SEHK,12
990,SEHK,12
9887,SEHK,12
2232,SEHK,12
9606,SEHK,12
81,SEHK,12
1475,SEHK,12
123,SEHK,12
1216,SEHK,12
1318,SEHK,12
1798,SEHK,12
1908,SEHK,12
2558,SEHK,12
2596,SEHK,12
2436,SEHK,12
2513,SEHK,12
267,SEHK,12
268,SEHK,12
2722,SEHK,12
291,SEHK,12
317,SEHK,12
3692,SEHK,12
3698,SEHK,12
45,SEHK,12
6049,SEHK,12
506,SEHK,12
667,SEHK,12
700,SEHK,12
753,SEHK,12
868,SEHK,12
853,SEHK,12
881,SEHK,12
3388,SEHK,12
2335,SEHK,12
6872,SEHK,12
6106,SEHK,12
347,SEHK,12
6196,SEHK,12
9992,SEHK,12
1,SEHK,12
1038,SEHK,12
1072,SEHK,12
1109,SEHK,12
1177,SEHK,12
1211,SEHK,12
1347,SEHK,12
1378,SEHK,12
1385,SEHK,12
144,SEHK,12
1658,SEHK,12
1816,SEHK,12
1888,SEHK,12
1929,SEHK,3
1997,SEHK,12
2016,SEHK,12
2020,SEHK,12
2577,SEHK,12
2618,SEHK,12
2726,SEHK,12
3328,SEHK,12
3988,SEHK,12
6181,SEHK,12
6823,SEHK,12
788,SEHK,12
9633,SEHK,12
9863,SEHK,12
9880,SEHK,12
9999,SEHK,12
1044,SEHK,12
1193,SEHK,12
136,SEHK,12
1548,SEHK,12
1877,SEHK,12
2162,SEHK,12
2282,SEHK,12
2602,SEHK,12
2658,SEHK,12
2718,SEHK,12
285,SEHK,12
3320,SEHK,12
338,SEHK,12
371,SEHK,12
3900,SEHK,12
525,SEHK,12
659,SEHK,6
6651,SEHK,12
6865,SEHK,12
696,SEHK,12
968,SEHK,12
1057,SEHK,12
1286,SEHK,12
1316,SEHK,12
1860,SEHK,12
1918,SEHK,12
2419,SEHK,12
3899,SEHK,12
440,SEHK,12
6855,SEHK,12
817,SEHK,12
880,SEHK,12
9858,SEHK,12
2362,SEHK,12
2556,SEHK,12
9879,SEHK,3
544,SGX,12
558,SGX,12
5E2,SGX,12
8C8U,SGX,12
8YZ,SGX,12
9A4U,SGX,12
9CI,SGX,12
A17U,SGX,12
A50,SGX,6
A7RU,SGX,12
ADN,SGX,12
AGS,SGX,3
AIY,SGX,12
AJBU,SGX,12
AP4,SGX,12
AU8U,SGX,12
AWX,SGX,12
B61,SGX,3
BEC,SGX,9
BN4,SGX,12
BS6,SGX,12
BSL,SGX,12
BUOU,SGX,9
BWM,SGX,12
C07,SGX,12
C09,SGX,12
C2PU,SGX,12
C38U,SGX,12
C52,SGX,12
C6L,SGX,3
CC3,SGX,12
CJLU,SGX,3
CRPU,SGX,12
CY6U,SGX,12
D01,SGX,12
D05,SGX,12
DCRU,SGX,12
E28,SGX,12
E5H,SGX,12
EB5,SGX,12
F03,SGX,12
F17,SGX,6
F34,SGX,12
F99,SGX,9
F9D,SGX,3
G07,SGX,12
G13,SGX,12
G92,SGX,12
H02,SGX,12
H13,SGX,12
H15,SGX,12
H22,SGX,12
H78,SGX,12
HMN,SGX,12
J36,SGX,12
J69U,SGX,9
J85,SGX,12
JYEU,SGX,6
K71U,SGX,12
M44U,SGX,3
ME8U,SGX,3
MZH,SGX,12
N2IU,SGX,3
NS8U,SGX,12
NTDU,SGX,3
O39,SGX,12
O5RU,SGX,3
OU8,SGX,12
OV8,SGX,12
OYY,SGX,12
P15,SGX,12
P40U,SGX,6
P52,SGX,12
P8Z,SGX,12
PCT,SGX,12
Q5T,SGX,12
RE4,SGX,12
S41,SGX,12
S58,SGX,3
S59,SGX,3
S61,SGX,12
S63,SGX,12
S68,SGX,6
SET,SGX,12
T6I,SGX,12
T82U,SGX,12
TQ5,SGX,9
TS0U,SGX,12
U06,SGX,12
U10,SGX,12
U11,SGX,12
U14,SGX,12
U96,SGX,12
ULG,SGX,12
V03,SGX,12
VC2,SGX,12
W05,SGX,6
Y92,SGX,9
Z25,SGX,12
Z74,SGX,3
